contract_id,source,chain,address,runtime_hash,bytecode_hash,dappscan_contract_id,fp_runtime_unified,assessed_swcs,positive_swcs
2ab50cdd315ae1c8b4ac649412e036ab20148757a7f715b7c9750b15e4eff905,both,main,0xc02aaa39b223fe8d0a0e5c4f27ead9083c756cc2,73dfce9da3fa7e7892014d25d0ff7eb8,472c71d9a22a2725f7050f29c862c19b,BlockSec-blocksec_stnd_v1.7_signed/WETH9_,2ab50cdd315ae1c8b4ac649412e036ab20148757a7f715b7c9750b15e4eff905,103|104|107|113|115|120|128|135,103
427879faeef542b9eecff991ba308cba579ca93d08f61925984ad3ce7ae0c99e,both,main,0x035a401972f228b58dcae76bf318b54ed036d680,60bd246c8ed8a6de99630ee54b82a6f4,86b9e3eaae6d11ad556a0c4899135bb0,Coinfabrik-Smart_Contract_Audit_REAL_Estate_Crypto_Token/MultiSigWallet,427879faeef542b9eecff991ba308cba579ca93d08f61925984ad3ce7ae0c99e,103|104|107|113|115|120|128|135,103
42f8debedb74e8a86e79776215997ef8e886e7f4428ca97e1e636d6eeb532910,both,main,0x388a037ab169b128e70cf67e1228ecd03f0400f2,467b5b9025009a1796eff9bed43f80e5,2dfc8528d9568912fdd509a562d38e40,Smartdec-MinerOne_Smart_Contracts_Security_Analysis/SplitPayment,42f8debedb74e8a86e79776215997ef8e886e7f4428ca97e1e636d6eeb532910,103|104|107|113|115|120|128|135,103
50515d87de36d6e305fb822c79e5e380fb98edcb4618c642f8fa800af45b53d9,both,main,0x52519fd6cb827ec77e961c76c9b326470703d0a8,62fe1cd767af4dd14e78f6f3b260d643,1227cad61591bd2b3f7f39c55ecffb48,Smartdec-MinerOne_Smart_Contracts_Security_Analysis/RefundVault,50515d87de36d6e305fb822c79e5e380fb98edcb4618c642f8fa800af45b53d9,103|104|107|113|115|120|128|135,103
6fdb9eeb48011b84344c324810fc2443ebdf2d52b66872098a64dfedd9b2289d,both,,,bfd02c4550117855a06871491e6974b8,aee23791af5ddd2fc78925e97203554e,Blockchain_Labs_NZ-Beam/UsingOraclize,6fdb9eeb48011b84344c324810fc2443ebdf2d52b66872098a64dfedd9b2289d,104|107|113|114,
8dac28d1a4dedc4aa66341b53c73c0a85dceccb3d817268a19d68900772cbe2d,both,,,7f6a3a3525ab22ba55d71a728426192f,27c1ac0659998dd1f1aec307f15d43e1,Ackee_Blockchain-GoodGhosting/TestBundle,8dac28d1a4dedc4aa66341b53c73c0a85dceccb3d817268a19d68900772cbe2d,101,101
b0be4e3c6ecc725c110c29815f97f11f07f0e4ccd5bb4f80150a9746c5bbcc1d,both,main,0x655c072286a8ab7b33b16aa6908cfecde39e57a1,6e188833553d545e05ad0937fa3c921c,206918dffc9662295893499e4f83c9fd,Blockchain_Labs_NZ-Leverj/SafeMath,b0be4e3c6ecc725c110c29815f97f11f07f0e4ccd5bb4f80150a9746c5bbcc1d,103|104|107|113|115|120|128|135,103
c5671997a61ae6b78d2b3d49112046efe8eb3717775c4a7da61307013b4bf35a,both,main,0x7f6d05523908a9688eab8ab8bbc7842e3d453bfb,0a196cc886801f123ab13ee42c47cff8,8070cc35442970050b982101e781be9d,openzeppelin-Blockchain_Capital_Token/BCAPToken,c5671997a61ae6b78d2b3d49112046efe8eb3717775c4a7da61307013b4bf35a,101|103|104|107|113|114|115|120|128|135,103|135
cba31e9b94382132cc530b699db7f90f13dedd9ce893721a22fd8cce06980828,both,main,0x040d11c850fb167cddb1e4d308fe9062fddaebd1,d4e6cf8e1ec89e962cfc1c6852500c95,1457842ffbe83185d4f2a23a0f8c0051,Blockchain_Labs_NZ-Gifto/MultiSigWallet,cba31e9b94382132cc530b699db7f90f13dedd9ce893721a22fd8cce06980828,104|113|115|120|128|135,
001e8aef1757e7fe9a2e3d42d136ab5987d41d6173f9b37234bc0088fd349f60,cgt,main,0xa39fcb48adf288f143459d57a1a0756718c919ae,d32f0abeb832498a10fffc2b7a82e944,9672d5867fe39a03c4b1a7b03c12779a,,001e8aef1757e7fe9a2e3d42d136ab5987d41d6173f9b37234bc0088fd349f60,101|104|107|113|114|115|120,101|104|114
0026d456993e2481cce51f1ff707a81296e6a19ca684d77ddd5e97202c382b54,cgt,main,0x3325439082ff8ba7371dfdaa1af297bbfcac21b2,243b6120eac81c9a9d6c6f134d232138,156a3c3c8797e0f0eee47185e97488c2,,0026d456993e2481cce51f1ff707a81296e6a19ca684d77ddd5e97202c382b54,101|104|107|113|114|115|120,101|104|114
0033c73174399a6b9a9290d58f668ba6394980b4984c9278df95b39d975bbd6d,cgt,main,0x01914e9c0594a087f508aceabfca45f57e471388,d3e6be5b84f9e50ed67ec9c4b7fb8e76,a9e1f14873ba5a55a22e7794f5720bb2,,0033c73174399a6b9a9290d58f668ba6394980b4984c9278df95b39d975bbd6d,104|113|114|115|120,120
003b7875a8990cee6500d1084922b205525794f12ca5b229ca6b44f5196f5d87,cgt,main,0x93eeabbe86d19bda39ea2d1049baf2c0878ded23,3a8b27409ebdefa60ec8f94b14445f2a,157b453e916c5b2f66869efa51f8e032,,003b7875a8990cee6500d1084922b205525794f12ca5b229ca6b44f5196f5d87,101|104|107|113|114|115|120,101|114|120
00c290e544820613d55dbbd1c0141130446e835af8ec7370757d9397cfe2fa31,cgt,main,0x9c9dc2b707a99ae4b6795538ac6bf4f6d4842830,049d0da072f9488dd760a1e3025cfa30,71448bba39ffd1630c4a400c797465a6,,00c290e544820613d55dbbd1c0141130446e835af8ec7370757d9397cfe2fa31,101|104|107|113|114|115|120,113
01083378e7e2f4df52542567e77a67fd2d28004aefc84b70f45fd59720444729,cgt,main,0xe4fb506f5e6d8c68e71cb9f7cc2fde4c059d3925,d61e05b8c5ec2424c553b3d8da1407cd,fdd3fb27419b8d41e22511dc3251d61f,,01083378e7e2f4df52542567e77a67fd2d28004aefc84b70f45fd59720444729,103|104|107|113|115|120|128|135,103
012613f81d34d371f4ec1b2dbfed4c27494afd52fd0037e97bbbb51a2ceaef90,cgt,main,0x6a93ae6147ada96a7459167c4d18e6613efe2994,503e023278b851e9c8363d789b8412e0,f7daf9a739dff22cc6e7c118a7ad3398,,012613f81d34d371f4ec1b2dbfed4c27494afd52fd0037e97bbbb51a2ceaef90,104|107|113|114|120,
0187c6d7d31e7f6f1ca433be0de7e540c932bcc703cef21be85f63bdd56e92e5,cgt,main,0xdb2ae021f1eea3c9ad25cd49adde23bb788d3d9d,43568713146a490df47c0f65b6af294a,dcbfaba81fd35939936d7ba796d3e781,,0187c6d7d31e7f6f1ca433be0de7e540c932bcc703cef21be85f63bdd56e92e5,103|104|107|113|115|120|128|135,103
01b552ea2be2533e8563e6cf660c2433b4ba43209d95bfbaabb5d97bd963823c,cgt,main,0x51a38f67810f4ebd1c3fead7d65cf5df2bcb0b7f,0aece50c34f0775b198f9c95fee93a1e,3619f39f7b5b42bb954a89d03c827ec5,,01b552ea2be2533e8563e6cf660c2433b4ba43209d95bfbaabb5d97bd963823c,114,114
01bb034d55ef9fd62b68267424310988f6e3c8ebdf2f92694e6a4c0a6a077901,cgt,main,0xc67c1f88f31e724b137a057292e55cb42a5f3241,1d5c7bec655b5e1066586d8d41fce055,95e798d67502d37600ec3ccc208ea861,,01bb034d55ef9fd62b68267424310988f6e3c8ebdf2f92694e6a4c0a6a077901,103|104|107|113|115|120|128|135,103
01e1f0c6c520e5fb5caaf66d97aaede39c0eb949b113de42e2fa39bc8f2df47b,cgt,main,0x3ab274f835d1939d20d0bbb72a1fb513d7a7a675,b8ef8ea7f2ef8826acc27baf57d96e77,ea14626a588e8df7cf54433301cd9fdd,,01e1f0c6c520e5fb5caaf66d97aaede39c0eb949b113de42e2fa39bc8f2df47b,101|104|107|113|114|115|120,101|104|114
01fb8056ce9d03357ad44aacb26dd698096cc1f0455a2fb59a2cd1a8c844367b,cgt,main,0x6d805b5de59d3f1779e4180b8547bcf728ff91ea,a4d6ed4944238a27b615dc10b45da275,b3598636325f2226939c14b0232105ed,,01fb8056ce9d03357ad44aacb26dd698096cc1f0455a2fb59a2cd1a8c844367b,101|104|107|113|114|115|120,101|107|120
020c4501a744978c28ee749c3abfa63cad93255de36f02938a3e45da06059ad3,cgt,main,0x4ab9665bb814068f5ea71fc97a6447dbb4cd18a0,bf28ac48f848e6acd49f6f3f2d4beb36,55af57206dcc35c14276a025e782b87f,,020c4501a744978c28ee749c3abfa63cad93255de36f02938a3e45da06059ad3,101|104|113|114|115|120,
022e49e993fea371db54fa6d1838f213e8070795bc5312c59d43b0c62702bad8,cgt,main,0x7352cb77c2478a59d21230a8d65146e04b59f58c,8788377c983f8562588c55c592ab2606,9c001daa644fd64b26cf6cff706cb95a,,022e49e993fea371db54fa6d1838f213e8070795bc5312c59d43b0c62702bad8,103|104|107|113|115|120|128|135,103|107
02346f3c5eaf40f6b1ce88fa8063e5acd1fc39205037775829e31045b66de8aa,cgt,main,0x26fda14519788df69636f476535472ed6e35f8ce,e796b9bc2ee2ced5c13febb9fbc6b426,0c5ab0237239e582810857485473ad9e,,02346f3c5eaf40f6b1ce88fa8063e5acd1fc39205037775829e31045b66de8aa,113,113
0257baeddce6353812f74fff58044c1f794517e195da75b0ebebf347c9958efb,cgt,main,0x627fa62ccbb1c1b04ffaecd72a53e37fc0e17839,bfd9c24958b392914a9e30d50d2f64ea,248d826c2e38c41609a3cb2e2d8727ad,,0257baeddce6353812f74fff58044c1f794517e195da75b0ebebf347c9958efb,104|107,104|107
026aa606736d78f41cc318254e7c5d3dd3425f278a74bf7e2d8485495e215686,cgt,main,0x6057c0ee0ff3a6c58a84716b12c5647a95e267a7,d1347cff12d94a8de8261258489ce15f,e336af271bf4c532dffdb57390108d51,,026aa606736d78f41cc318254e7c5d3dd3425f278a74bf7e2d8485495e215686,104,104
0280f780d677708dd3baa9f2a0b67cf77333949ace773856a3757c89eb2c7781,cgt,,,15fb1bc70262d8133ac333e01329a42b,,,0280f780d677708dd3baa9f2a0b67cf77333949ace773856a3757c89eb2c7781,120,120
028e2f486f7be1f7696ac102678c6703697082e2793a6e9e11d8acc526dc075a,cgt,main,0x4fdb91dbce6cee2e08cf85d26eaa3e9bca0c12fe,6e256ac241ab83f730937df2acc30116,ade6236d32d9dd50a8852d43003b24d9,,028e2f486f7be1f7696ac102678c6703697082e2793a6e9e11d8acc526dc075a,107,
02a664724e6800058f44abae20ef4e89cc5414412841b5869e825fa20ee93a14,cgt,main,0x55283a2f07be1b95e1e417af7efaab6750fedd0d,7487b65b1b1454cefe70c74d744c5677,ffa01f19b24148bc5e7e2367242cadcc,,02a664724e6800058f44abae20ef4e89cc5414412841b5869e825fa20ee93a14,120,120
02d1e8a3a2d52e1cd69e73aed828b5d034e85f269b97dbca6bf2fd78d9d0293a,cgt,main,0x82cf44be0768a3600c4bdea58607783a3a7c51ae,688272b7186289282e56d2e5367fffb6,f684102a29c2d494165ce266df1c2cca,,02d1e8a3a2d52e1cd69e73aed828b5d034e85f269b97dbca6bf2fd78d9d0293a,101,101
02ea1460c83ce265e9d03606895d93ef33e6c2816a0534fcbcb6c6bab271b7af,cgt,main,0xb53613fa4ad09f00e41a91b7dfdfa3e98c76f4c0,a446752cba2d9145d89b7ac27b907128,dd3c070c4f2ee166444b83786412b003,,02ea1460c83ce265e9d03606895d93ef33e6c2816a0534fcbcb6c6bab271b7af,103|104|107|113|115|120|128|135,103
03035bd5c375ad89a46651e749b5334f4fd1266d43e7c39b5bb2be1f6dd0eaf1,cgt,main,0x5f742383b6d1298980030d6af943b76cdd902143,1f3b6f8d34685af69add6d2670ef51db,5da949b08abd0727901bb76b8a351bf5,,03035bd5c375ad89a46651e749b5334f4fd1266d43e7c39b5bb2be1f6dd0eaf1,120,120
03194c678652bcc15def26d800d2ceeb51266be178b8e924ec8c0dfd57896ecb,cgt,main,0x938875f7a161ce2f4c314ba1bb3172dbf52ebb3d,6b0fdbef6d50ad8077f8ca49ee5e70f5,970a6eba84e12d871adc5fa43954ea91,,03194c678652bcc15def26d800d2ceeb51266be178b8e924ec8c0dfd57896ecb,101|104|107|113|114|115|120,101
032ae94fed135de52d524b07c5f0c2702f9bd29c0317eb7e15240bb2ad428ef1,cgt,main,0x53e3a7ec57132173ce615debb9a303fd2cd86789,ea3f8bc81fd1a34f0bb2347353485c49,1cfb2f83b8854f99972f2f0e7b26889f,,032ae94fed135de52d524b07c5f0c2702f9bd29c0317eb7e15240bb2ad428ef1,103|104|107|113|115|120|128|135,103
03727f8de2e26f146379adfa8754e2e907d51b0cadc417fa0ca22442cf680f19,cgt,main,0x2bd2326c993dfaef84f696526064ff22eba5b362,98e43c9d87dc445e47befc5d0756f072,7bb8442d4f1d8b0d5cb1c204b72a683d,,03727f8de2e26f146379adfa8754e2e907d51b0cadc417fa0ca22442cf680f19,101|104|107|113|114|115|120,
038e1ba54b70a55ac27901bd5b5ca45934816c79311c4d1a67ef60d3694e8901,cgt,main,0xab7c49a95ba2f8c1ad95d18c8541cba650870618,a6cbdc51f97f4320f45d0880b6eea53d,a0301432e2423da99f8ae6a74092e488,,038e1ba54b70a55ac27901bd5b5ca45934816c79311c4d1a67ef60d3694e8901,101|104|107|113|114|115|120,101|113|120
03bd84e1467a86494d5f3166c6e7cba2f3e881592f44aa9983f2639b6e77a6b2,cgt,main,0x900e66fe952998ebe212d4a7def0936387142e2a,fee6d138f624f108c599e412556a686b,482c1e61dc22956787cf4294d2be0b42,,03bd84e1467a86494d5f3166c6e7cba2f3e881592f44aa9983f2639b6e77a6b2,101|104|113|114|115|120,101|113
03c1704ac8f28cbf6773ab64e2e9a6c2100dc660e2728df88a8aff35a5d88b34,cgt,main,0x6adf9e666e3e85876b1ba25edb31799faad8417b,308a20cec8c91f5c1af683446ecc2358,6f57b388e1d79379e5c1dffd5d45ddea,,03c1704ac8f28cbf6773ab64e2e9a6c2100dc660e2728df88a8aff35a5d88b34,101|104|107|113|114|115|120,113
0432a8babc847d63dcc8d16974515948a75a71a35f5aaccd2d5a24a5681ad01b,cgt,main,0x1f36f2249ec89266ad4ee4351538148aaebc72e8,fa40e0130212b08684be18e3656d1025,0d5311b8f79e560708f15f00293c8b93,,0432a8babc847d63dcc8d16974515948a75a71a35f5aaccd2d5a24a5681ad01b,101|104|107|113|114|115|120,101|104|114|120
0444f87e38a3df769c2032a79d1d183ca22ef1acf0df89be50933a977548f9fa,cgt,main,0x8a70cf25cf32e728be9e30c20b2781f60cb0ed6d,7ee0584d363c3980a2312fe7a8925b88,e9c1e27f5128b049c372426def49b6d8,,0444f87e38a3df769c2032a79d1d183ca22ef1acf0df89be50933a977548f9fa,101|104|113|114|115|120,
04465f991a4cb566bffaa0db6ce5a9708e1846b08af4b1c6f6357b81a1a8b5c1,cgt,main,0xeb6e4fad04c68a2dd22c0a6acb1010c763c5ced8,9f47e33ac6246e014b16a45d5de06823,ea3e754345fe2eb30924db9e164bb477,,04465f991a4cb566bffaa0db6ce5a9708e1846b08af4b1c6f6357b81a1a8b5c1,103|104|107|113|115|120|128|135,103
046764fa17954074e524475a61d240dcd1c29371d53bf968fe042fa5a165d432,cgt,main,0x124446eff5787b036aa062a2ef5321ce607437ba,06c835e341de58c0e85b599add5d2b8a,6fab065b2d379342ed8a7582ebb0fe27,,046764fa17954074e524475a61d240dcd1c29371d53bf968fe042fa5a165d432,101|104|107|113|114|115|120,101
04c29b111a53970514c35b1ab501fe23dc82b7ef2dfe27378a12ddf2cccd9bbb,cgt,main,0x38118c5ab0cc580678797b975b877e937310bd8c,a5702dfebd2f4142231d84f66dfcc622,1d24ae0892bee48d7b118e2489ae84ec,,04c29b111a53970514c35b1ab501fe23dc82b7ef2dfe27378a12ddf2cccd9bbb,101|104|107|113|114|115|120,101|113|114
04d9577afd08bc899612253cf7fbac9191405b9ffb101215f127cff0991bf942,cgt,,,010de5732ab3f2dc8f5dca502db0f4e3,,,04d9577afd08bc899612253cf7fbac9191405b9ffb101215f127cff0991bf942,120,120
04dac48425c0eeb878d99221ef50ec35df2a061bf752ba6c60b738827115c80e,cgt,main,0x6fd8e0e34117c95e568f8938716013f948e0b2f9,f603581308e9e2d131138a95354508c0,ac6eba1a26402a375625b3ba928bbcb5,,04dac48425c0eeb878d99221ef50ec35df2a061bf752ba6c60b738827115c80e,101|104|107|113|114|115|120,101|104|114
050b71f2df9e8c8428a9f9411e5c9d57eda72b81aeb72aacbe16402f0ebc7bba,cgt,main,0x943bbeef41460a3f0f3ac7f7a062128ad0ba9cb1,15b331ab0b1a8941afd88287c00a3946,475554a1fc965b7f5092448c5af0b0a6,,050b71f2df9e8c8428a9f9411e5c9d57eda72b81aeb72aacbe16402f0ebc7bba,101|104|113|114|115|120,101|113
050c2462eed3eeef1f3dd84252aa89b306f20bb5917a4b84f14fe9a22bdd8d91,cgt,main,0x77888faab224e03d76c517455c442cb6fe8dae40,afb321877ec566f842d302d8ad9645de,f9c7a42974b2140a711038b882ac45b7,,050c2462eed3eeef1f3dd84252aa89b306f20bb5917a4b84f14fe9a22bdd8d91,101|104|107|113|114|115|120,113
054cef33cae0ff55e49d2c62a2b114a5ca9f758a3e3e3bd93adce641ebef44e6,cgt,main,0xf92ff59c63240770cd7d49ffaa852bf95f391984,0e61bc2745b2a30436d11fadcd8820a9,141b95174fd3b8fad6eb43b2e949dd1b,,054cef33cae0ff55e49d2c62a2b114a5ca9f758a3e3e3bd93adce641ebef44e6,103|104|107|113|115|120|128|135,103
056d515f8a9297d4f7e5f43827118c2fc3a516d8eb7c2541eacc9751c42a5351,cgt,main,0x1c02ce498dc6d0d6ef05a253e021258b07eeba91,054f06bc5f2e1796b17d431890d36c56,46d60a988506e58c07298d1d409f886c,,056d515f8a9297d4f7e5f43827118c2fc3a516d8eb7c2541eacc9751c42a5351,103|104|107|113|115|120|128|135,103
058ae21f8997065960af39913b7fb488a55acc9b9a08cab4e56554d06782d7a1,cgt,main,0xcd8b73c03ba077336c619751e18690bda5b26ff2,b6dc6153d43de55a627e9cc0dd25cd4b,f467d379c4dd60ea48633bd83c59b696,,058ae21f8997065960af39913b7fb488a55acc9b9a08cab4e56554d06782d7a1,101|104|107|113|114|115|120,
059061e9bf11ab6736ed3c57fac3596da8fb721051c11682dbd61357532a25d2,cgt,main,0x77070dd59c298d766585de4b5ec2b4549ab28ecc,6188627024c9dc46e2c4e1aa0a79a939,c35db5bad017bfce8c8c40fdc7360731,,059061e9bf11ab6736ed3c57fac3596da8fb721051c11682dbd61357532a25d2,,
05c6075f3a273b4973818b1c926d75a8588fb8a04cfeb9c38859f21f6a750f4d,cgt,main,0xf300cc72613d575a4567405c2a07d2aaf182aebf,3c6e02cd3ab4501e34bc0403ebc4c5bd,7dfbebb7a0ab0011ea8c629581dc57f4,,05c6075f3a273b4973818b1c926d75a8588fb8a04cfeb9c38859f21f6a750f4d,103|104|107|113|115|120|128|135,103
05cb28f63cad23948c2e1687d3e73da684739861bf84a1950b497c912c90199e,cgt,main,0xb7c5c5aa4d42967efe906e1b66cb8df9cebf04f7,a9a82ead9ffb33132fc6771891b13e5b,94634b6c297b145693dd46d1454258e0,,05cb28f63cad23948c2e1687d3e73da684739861bf84a1950b497c912c90199e,104,104
05da289c7875bd639a90a860e1f860d2d3714c5034abbbb85355bf1959c24098,cgt,main,0x9ea80e204045329ba752d03c395f82a12799f13d,3150ff76da1af05f6b2afbfa462da289,827fb638ed90e98d248a26a7449e50d3,,05da289c7875bd639a90a860e1f860d2d3714c5034abbbb85355bf1959c24098,103|104|107|113|115|120|128|135,103
0601c554c54c290673904148216bfbb28622e4a77fe4c86bec0d19bf7b8b5734,cgt,main,0x273930d21e01ee25e4c219b63259d214872220a2,edaaa14070c6301f4d84dbe0ef0d2fb0,29ea371b50933e318e82edea80a893ea,,0601c554c54c290673904148216bfbb28622e4a77fe4c86bec0d19bf7b8b5734,104|107|113|114,107
0610b5465dc57519fa91d2248036f19a3b675d42652b8fa1a261084486ef01ee,cgt,main,0x85c84c949b1c29c85b777f2873a19450dbb1a057,6eb518ab64f3f1a155337f4d2679d045,0bfde203031b22606eb53da1ebd02b68,,0610b5465dc57519fa91d2248036f19a3b675d42652b8fa1a261084486ef01ee,101|104|107|113|114|115|120,101|104|114
06159d96866f7b343806a009f044db72b51d0d8dbff63949bf565e9bdb5cb2df,cgt,main,0x631b4cea5064e2577cdb73c37ed2de00c30ee14a,533d62f2baf293863ccbf7ee5c414cd3,eac160cc2ec180d86cb74143b42d402b,,06159d96866f7b343806a009f044db72b51d0d8dbff63949bf565e9bdb5cb2df,103|104|107|113|115|120|128|135,103
067313b2cedddc2be7a7c805ae3f34d3d16c7a39e3f396362505a3c5a724a405,cgt,main,0x324d65aa829a9b976fe661b03a7d4cd0d66ff843,6d2f59d5e173df5ae73bd39d9bf4696b,d3b84e84cb504a0339043dd26133a151,,067313b2cedddc2be7a7c805ae3f34d3d16c7a39e3f396362505a3c5a724a405,114,114
06dce92da1c1281a71d91e18f0c5c1a233038ceb725c20bedb0089a01eee58ec,cgt,main,0xadb41fcd3df9ff681680203a074271d3b3dae526,7367519a377df8abf0cc667ee1d00283,16fa8fc59a0aa88c4348ec8f24880372,,06dce92da1c1281a71d91e18f0c5c1a233038ceb725c20bedb0089a01eee58ec,103|104|107|113|115|120|128|135,103
0767c0d2f3780613d929fda7d65d2b1c6f4d36b0d12aab92cf27f32a35bf6cc0,cgt,main,0xb71cd8f21d5c21edcd113ca2807189ddcaf9dd44,bd9ca561c68293a080b160cb660e70f5,1776e5f7d23356d4bba9f8b2c24df801,,0767c0d2f3780613d929fda7d65d2b1c6f4d36b0d12aab92cf27f32a35bf6cc0,103|104|107|113|115|120|128|135,103|120
0769241219c5aa2bc667accdf7cfbcd6cff3ea8659b32116edec2a076adc0ca7,cgt,main,0x1e797ce986c3cff4472f7d38d5c4aba55dfefe40,5a865d0be613fb3dcafcb459fcd91826,7f00ba45a22e56a2679c3a906c2c3fd4,,0769241219c5aa2bc667accdf7cfbcd6cff3ea8659b32116edec2a076adc0ca7,101|104|107|113|114|115|120,101|113|114|120
076b087774a93faad9f736bf9008d1c5896022ff7b2748d34f43b9e40e0c0e36,cgt,main,0xbdb686ac471b374bdc844615c768c2595c2ff2fe,cfba4a0c73237aa46680df72ca90d0b9,a49ea9550124cb7aea625bc7a3ca5b40,,076b087774a93faad9f736bf9008d1c5896022ff7b2748d34f43b9e40e0c0e36,,
07b51a8f6728dc1992d406bbb77782d1c02a612d14dea266359b13718bd9c05c,cgt,main,0xe8a51be86ad96447d45ddeddc55013f25157688c,df9805f6975474bae95d3c7ad10bec1a,ea877ca512633849b3addee83af74ced,,07b51a8f6728dc1992d406bbb77782d1c02a612d14dea266359b13718bd9c05c,103|104|107|113|115|120|128|135,103
07d6d0dc3cb0bea4bf7e42fc995168036898a27a380788c520defe52a062a95e,cgt,main,0x0f170120733474c6ec7daf6ae6aeeeb8b645e92c,be98638e039c2769740d8ccb1b89d4c2,2183803b3e084a4f63ba9ef4b8228a16,,07d6d0dc3cb0bea4bf7e42fc995168036898a27a380788c520defe52a062a95e,101|104|107|113|114|115|120,101
07f35a4b587d4fa80860e4e3316fcc6aeae6587c9505c1e4befccc319fb6e0b1,cgt,main,0x8b922275de0fd52d5e5cbf4a2f807b2b62026704,586a00029a1b06774ee85d5d7819860e,d8859ff35cd7c4c0c91a88b357e02392,,07f35a4b587d4fa80860e4e3316fcc6aeae6587c9505c1e4befccc319fb6e0b1,113,
07f85de2c3d9d832018721297a4191f9345b874871a6d5949e84aa1c1525992c,cgt,main,0xdac8da3e58c11b4e0e8dfaefe191107e143ac29b,46556af68f54777fd4cd6100da30e113,678f91f178e0aec4690b5e3e188a9fa7,,07f85de2c3d9d832018721297a4191f9345b874871a6d5949e84aa1c1525992c,101|104|107|113|114|115|120,101|120
0806ebbbb19f931c1468495d751bfc9d33b10284f02c8125d2d241a1be38793a,cgt,main,0x4c24fd04063e8b1c881e5ec0f46208d66d010c64,42863ac0b680481ab440d1c150fd1587,c8cf90b159b8c68fc22d3409e14feb2c,,0806ebbbb19f931c1468495d751bfc9d33b10284f02c8125d2d241a1be38793a,101|104|107|113|114|115|120,101|113|114
086267d8d17717f472b89b0b9a07e5e802dd85664811542b726e252064653dd6,cgt,,,ca1832a8b5465a60a437d007dd207681,6bda2f01ff90c560f88f244280000516,,086267d8d17717f472b89b0b9a07e5e802dd85664811542b726e252064653dd6,101,101
0868612292bed74e535e46d6e077aedd78a402e926df52078a87de23d9936682,cgt,main,0xf0300337e920ae843040a71584f870ae719bf5ed,9eb2e0aa7f0c99ab373336c7b19e96a4,87ab03b687c619dabbcc59a7872ba6f8,,0868612292bed74e535e46d6e077aedd78a402e926df52078a87de23d9936682,103|104|107|113|115|120|128|135,103
086ff1c99fd8cb19c72f72386d66eee92c98eaf5bcbf7ebc9e3a4bb698ad35b4,cgt,main,0x80f84866d4872f1ea412ddf10e2ed7af0b8ca8fb,68b600dd5d2b150865e76fcfc67a96a2,45dc011dbd3cfe57522c35d57067c5f6,,086ff1c99fd8cb19c72f72386d66eee92c98eaf5bcbf7ebc9e3a4bb698ad35b4,101|104|107|113|114|115|120,101
087fcd17e364c38b80241e1f175a5a5510cffa23df3b044d2f119709546e7c40,cgt,main,0x007d42b9192b8c087b0d3e6ef73aae48e74b41c1,1331c66c4822fdf3f5fe2d0a897d5c2d,14f4633ba100daf29786cb91a66897d0,,087fcd17e364c38b80241e1f175a5a5510cffa23df3b044d2f119709546e7c40,101|103|104|107|113|114|115|120|128|135,101|103|104|114|128
08bf20edf28aeb8138f26457b651db7e79a258f174e0124afabe666e69366d38,cgt,main,0xc6e095f5fb53339d8f4c7f576ccd37be05e5b67e,dce3765d2958f602a7ac2fb33c79c9f0,90bc170290cab06cf1d88e64b689e8ad,,08bf20edf28aeb8138f26457b651db7e79a258f174e0124afabe666e69366d38,103|104|107|113|115|120|128|135,103
08d3c5598d2c6311de3cab6a12683c0b64878b40685a1d123958a0f61cab77d2,cgt,main,0xcf70f36f8fd04713b33900bab530fd2f63ed9ae0,8636afa6b8e4404659431213345d6a9f,58c86024898580b3b19e80e3d286e0ff,,08d3c5598d2c6311de3cab6a12683c0b64878b40685a1d123958a0f61cab77d2,120,120
08e0d19b01df6f062ba9a003e0d1f414709637cfc39b3d81a7918306c81c11b9,cgt,main,0xdaab8a09aed3b98df4fffef85e78cd6f513de7d0,98ba3e25c3ee8967f929ddeb43e7dd5e,61b84b841de40611668b0e65891cc282,,08e0d19b01df6f062ba9a003e0d1f414709637cfc39b3d81a7918306c81c11b9,103|104|107|113|115|120|128|135,103
08fc53599146877fa625bd8f06dbad06b256401364c150c93bf3c0ee458facc8,cgt,main,0x9122e2cfab13d30237ebeef0c0521d64bf0b06dc,9d992765be8a4ca317f93acd9b62a7b1,5ace9c38ae10f959b75e2bd209d053dd,,08fc53599146877fa625bd8f06dbad06b256401364c150c93bf3c0ee458facc8,103|104|107|113|115|120|128|135,103
093ee0c01c1a416fbfc5d57775769609388c577bac229a52e785231f1d108829,cgt,main,0xbb9854bfd082c48b4d426ac6a2a152b01326f46f,c343bc435ce5bafced5e7e5cc5e0aa10,cabf3048dfc2c2e6735a638731b08c4f,,093ee0c01c1a416fbfc5d57775769609388c577bac229a52e785231f1d108829,101|104|107|113|114|115|120,101|104|114
095c5e44da067cbb246601870aa830defe000e75b7b0209b8ee81a4aca58938d,cgt,main,0xf0a924661b0263e5ce12756d07f45b8668c53380,5a00e9cfd3f0265475c1e7ee06a69fcb,b33f6c4bbbce8f5d1a75eeaed7463d58,,095c5e44da067cbb246601870aa830defe000e75b7b0209b8ee81a4aca58938d,103|104|107|113|114|115|120|128|135,103|114
09c94fab91305ede9d98e1e577d89734c38e0f73c711afb24f678bd6f31c70b0,cgt,main,0xb8bf73550f251562d308882e032225a700a7b9bc,d138dad8dd8259164283f4b0e335a0dc,4e50882ecb0cbd5eaf00500c488eae8f,,09c94fab91305ede9d98e1e577d89734c38e0f73c711afb24f678bd6f31c70b0,103|104|107|113|115|120|128|135,103
09d3715b64ec2a6881501003eaa94fa3a6a76122656e069febc405ffce688132,cgt,main,0x0e1f95a95fde157d6da1e4b86f9bed7e700c8288,1b61e223b67be8d644227aa7d4d36bb4,b2a75cea77fa5b7d36a46ee0f7a0320b,,09d3715b64ec2a6881501003eaa94fa3a6a76122656e069febc405ffce688132,101|104|113|114|115|120,101|113
09ee8ceb7a8c716531bbbaeb09c40dc9820765c5115a7aa1b7a7eec127fd23c8,cgt,main,0xb037d91cff5db65532b45bbdf9498efd0bce702a,2adb07018ede2ecdfccdfac680aa0f54,1ad0b5f17766c65e2846d93134c44219,,09ee8ceb7a8c716531bbbaeb09c40dc9820765c5115a7aa1b7a7eec127fd23c8,101|104|107|113|114|115|120,
0a099d0699850b46d5a61e8475ea32d732524c89f85cd602073c10dfca2dac06,cgt,main,0xa33c4a314faa9684eeffa6ba334688001ea99bbc,88117461abf7b9686f45eda8fa2fb359,c058e4ee5ce8c49a13bd66530366a3b8,,0a099d0699850b46d5a61e8475ea32d732524c89f85cd602073c10dfca2dac06,103|104|107|113|115|120|128|135,103
0a25e3b3b876a9ae7cf9e35ff54694f415731af16febaedff55116ff2d64e962,cgt,main,0x81a47e985b7a133728e97efc7f9ec3654b6e73f0,c7a0c172a34b6b4d9a13e9f93f0e3783,efbfebd8f32f2c0f083e47a07adff4f7,,0a25e3b3b876a9ae7cf9e35ff54694f415731af16febaedff55116ff2d64e962,101|104|107|113|114|115|120,101|104|114|120
0a25f4525cadb48135b08f44e462b45ad7934410e9233bb4e45f27df04eff5e5,cgt,main,0x903643251af408a3c5269c836b9a2a4a1f04d1cf,b461598ab3336147d1f967b3d28b5bf2,0ec8dd595e4a6b70abcd860c314193de,,0a25f4525cadb48135b08f44e462b45ad7934410e9233bb4e45f27df04eff5e5,107|115,107|115
0a306e065a8eda4474fd9101485cff49c25488629d90325db1277c6195c4c9da,cgt,main,0x16a4ff536001405f2b0d7ddafc79f6a10d024640,3d823238bd5075f99625c8991a800ef6,3f555a6f3b24a75755415178207c0a1e,,0a306e065a8eda4474fd9101485cff49c25488629d90325db1277c6195c4c9da,101|104|107|113|114|115|120,101|104|114
0a6b273b41be08436387206be1dce9925ae151f07d85ffe7b96d9627f8f7e095,cgt,main,0x8b34fbc553db3462ad4909f2e5577cc22f63c216,66f5f8b948d81c71ff3fe9fbb33186b4,083b869c17e77544d953583ae8d0f4ae,,0a6b273b41be08436387206be1dce9925ae151f07d85ffe7b96d9627f8f7e095,103|104|107|113|115|120|128|135,103
0a7ddfb2bbe955f5fa6d13992c7d95154b9fcfcbd0696324e67295b05ee06bbc,cgt,main,0xe197529709d7cbaf31756c6d9b8742718e17fca5,a6583fa21e534d4e04b7fe8a2b06c231,1973651106fb55b9902bfab3e9b03529,,0a7ddfb2bbe955f5fa6d13992c7d95154b9fcfcbd0696324e67295b05ee06bbc,101|104|107|113|114|115|120,107|113
0a9f4f8e73317689b5ae4cf41841a0385277bf907cb96e022726a1b3ec3659d0,cgt,main,0x41b909cd4cda90f04d0aaf4097727544fd8ae47a,022191636e4ad80e67fc2464b40c6d13,2a49aa9a80b1dad44376ccf97f147285,,0a9f4f8e73317689b5ae4cf41841a0385277bf907cb96e022726a1b3ec3659d0,120,120
0ac880f7ca415e2434f65e442edc3e6d537a13494962d5f19b19b4555f3e438c,cgt,main,0x79ecdb8c66c6d9e6deb5ef361fb4c360a522f995,f3c6f1ae9b875f3be70b2471d3a0cd37,407faabae1317984085bbc36193ab35f,,0ac880f7ca415e2434f65e442edc3e6d537a13494962d5f19b19b4555f3e438c,101|104|107|113|114|115|120,101|114|120
0ad5c4e84cdec39c9f722bfcdddc81ee81ccba0cf8df4d12c1371ed05ffac398,cgt,,,22f115b0c8ae0aca6bfdbdde730ac4a1,0f2d6eb7f5bbe4f8df1f31649de85f5d,,0ad5c4e84cdec39c9f722bfcdddc81ee81ccba0cf8df4d12c1371ed05ffac398,104,104
0b1c999cf57135facb80264ff059346489c6c71295dcd81920af1da73c518784,cgt,main,0x015a06a433353f8db634df4eddf0c109882a15ab,7dfed44b8c4ecacec0375623554d9afd,11ac7fa4650e5bb3cde349fb80ba81fa,,0b1c999cf57135facb80264ff059346489c6c71295dcd81920af1da73c518784,101|104|107|113|114|115|120,113|114
0b3cab9e43b4da133d13dea44d079bb2062f4c58d88977e3b8820923868e860a,cgt,main,0x3b6ce42b61f2403cbc206d08f7f4f4587663b2d4,b9c994d15cd1270352201728f24c537d,1b0917425459e2dcf8efb00f27a02768,,0b3cab9e43b4da133d13dea44d079bb2062f4c58d88977e3b8820923868e860a,104,104
0bb8ed21384dc58b5758eff53d3c3816ea1f3b2d594a8b40c85fcd1f031072ff,cgt,main,0x019d7e5ae8d2ba9a292244311dc7355058ab1b08,550458a7cea1da313c869923ed4bb411,aabf9a17af72e174a3a3ef52dd4259c0,,0bb8ed21384dc58b5758eff53d3c3816ea1f3b2d594a8b40c85fcd1f031072ff,101|104|107|113|114|115|120,101|113|114
0bc153e307372ef0db8329f9b1fca0710a616778f58fad65f0803a07172b3f12,cgt,main,0x98a31890002355fbe5231c60db4b1b6c28f45e90,c897a0b0ddf00d5caca457dcf48e1ba4,8f05b1f5bbbf085b14e9292b82c5587a,,0bc153e307372ef0db8329f9b1fca0710a616778f58fad65f0803a07172b3f12,101|104|113|114|115|120,113|114
0c0609a0065a2e3b7ef2559ee2d0f58615fb3e0c4c0a3da07dee2216360b2dd0,cgt,main,0x4051334adc52057aca763453820cb0e045076ef3,c0c182cf60e2389d89a04698e94cbcac,1bf799a44525f449a0470195127fd41e,,0c0609a0065a2e3b7ef2559ee2d0f58615fb3e0c4c0a3da07dee2216360b2dd0,104,104
0c0cbf1d761be0fa2e72778637c230d3e777099b1f6064f4caf719ac536c9e50,cgt,main,0x62854fc64d74b7eb5e4d0a2910e277ffb4d3d1e3,cb2acc6b3a91a881cec807cf7f3a7b7f,9b4259ebb3d1a32fc2c58c5f58a92cb7,,0c0cbf1d761be0fa2e72778637c230d3e777099b1f6064f4caf719ac536c9e50,101|104|107|113|114|115|120,101
0c10010867fa04f32a68fe5821953cd68fbab14f7c87671038add1246291fc2c,cgt,main,0xfa35645dd7d666f7f8743db98245518cdf348667,271ae2390052b80a2b7db571d1e6d3ef,474a33919c7c6f309cc79792dfe7280f,,0c10010867fa04f32a68fe5821953cd68fbab14f7c87671038add1246291fc2c,115,
0c5e987dccdf82ff43b0cdc67085b10f92df4cb2f3ea7259da47dac277f5bb48,cgt,main,0x90aa6fb2c2ab2c9e3fd5634c054d636c708cd5f3,84643b1e243e8a87170f96ef6bbdfafc,fcdb31454b118a7f00b6f3558381d182,,0c5e987dccdf82ff43b0cdc67085b10f92df4cb2f3ea7259da47dac277f5bb48,101|104|113|114|115|120,101
0c71bd3d5208f9a024b033995a8291331ca2a1531c5d4bf75dd239d2dde68ed2,cgt,main,0xb00b5f9a21b79901d687d6d952319af767a116ca,10114bf5058581c4ec67df56da7742b0,030cd64eb6d96fbdcf85d0dd1b95de19,,0c71bd3d5208f9a024b033995a8291331ca2a1531c5d4bf75dd239d2dde68ed2,103|104|107|113|115|120|128|135,103
0c82d9fdff9273632ecdedfd638bdf5881db78790ca2bfb52f35f6624fe00403,cgt,main,0x63d3d0215922b924c782c7b2a351ef8604e18da7,6af72820abe4ca89aa7e2c294a6d99e2,cc4fad3a236f61091830f018907c9ddf,,0c82d9fdff9273632ecdedfd638bdf5881db78790ca2bfb52f35f6624fe00403,115,
0c89cdd10124ccb6795fa2266d8cd63220c9f83495929c5d37ae51229a73fedd,cgt,main,0x58ca3065c0f24c7c96aee8d6056b5b5decf9c2f8,1693d77027227f31987db1192eeb9c7f,6c22131405fe80211d4dc5e44a3015a4,,0c89cdd10124ccb6795fa2266d8cd63220c9f83495929c5d37ae51229a73fedd,103|104|107|113|115|120|128|135,103
0c8be6cc5cfdc08846a3a37cd595c69a3a584972a7875bb75b4fda3192d75033,cgt,main,0xfef736cfa3b884669a4e0efd6a081250cce228e7,de9e8b36ff57cbcc939eb1b869bb9c28,fff45105bb4f93a763326255452770c7,,0c8be6cc5cfdc08846a3a37cd595c69a3a584972a7875bb75b4fda3192d75033,120,120
0cbfa7a6f6399d1204d568258272b5edea51a30534554221c8142d3f8ede2fd8,cgt,main,0xdfb4524b1c1fe01075fab0bb4e16db991d58a3bd,38b82a68391696411282927b791bd541,7a3a7bfb75306c444f649580cc695534,,0cbfa7a6f6399d1204d568258272b5edea51a30534554221c8142d3f8ede2fd8,,
0cdbf0cfa51917dc0744c395bcf9b63b27b9b1c86de17ddbbd03699d685eb599,cgt,main,0xcd8fb4d52ebc4eebb43cd984cb0704d9aaddbece,f890bf57381afefe85e5d81b51d5261a,fe46d51cf13c30aecd12ae38678be5f3,,0cdbf0cfa51917dc0744c395bcf9b63b27b9b1c86de17ddbbd03699d685eb599,101|104|107|113|114|115|120,
0cfdb5942fd4ca09c977417ed031d96ba1b2d21514ac095b4381967e2167532d,cgt,main,0x6a995491c251aa7d280cf321170e6279dd563058,bd0acf72a0e89d1a665ce8dd76e36677,005f78a08541a0bb5779580092520081,,0cfdb5942fd4ca09c977417ed031d96ba1b2d21514ac095b4381967e2167532d,114,
0d1613cfc60bb3780fc8bdb6398d622a1c34a277b8f33cc66909a2bb612ca01a,cgt,main,0x01d5d0108589f3c52fcce6e65503bb6515e66698,822af950b507faf7fe56fa5d18b51178,e6238c1db7bfd1407b21ac667fd17564,,0d1613cfc60bb3780fc8bdb6398d622a1c34a277b8f33cc66909a2bb612ca01a,103|104|107|113|115|120|128|135,103
0d9ebff5232e6d5cc4ce44f6ac6f7b3e44bcd0a097c11f7de60c86eb503fa4ae,cgt,main,0x8015302bc5163b9fdaf03c1c952cbe5d21dc6d4b,a41bd3f35c55f6a800b0ad0c56f26626,2e85c3ebb13e20db7776e89099497bed,,0d9ebff5232e6d5cc4ce44f6ac6f7b3e44bcd0a097c11f7de60c86eb503fa4ae,103|104|107|113|115|120|128|135,103
0dafc25035350887970360e1844269e50b8a2c2cec9ac2e87093de21109899f9,cgt,,,cb6276a84dedd64fc2f53e221b0fa7cf,,,0dafc25035350887970360e1844269e50b8a2c2cec9ac2e87093de21109899f9,120,120
0dc4d21183a36fc3f618e90b88d86cc219b10df233fc92383ceee45ff082ff0b,cgt,main,0x3d5894b6801221bf296a2ac2d6ccf5ea09ce399a,ae569b569f4fade30bb986e27a61e862,b52abf777eb4ea4be0eef6c2ca6b18ae,,0dc4d21183a36fc3f618e90b88d86cc219b10df233fc92383ceee45ff082ff0b,101|104|107|113|114|115|120,101|104|114|120
0ddd69e85c96811dc68c9bcf9c9ff32bb931db9e422f7ea6ab8a194e51f2dd8e,cgt,main,0x957b9dc190c4391a1e07352df34e1ec02077f1ec,0d0d7aea2970e620cc14fa4fba2dbe33,0d1ffcac90259bddf1eafedb2c2da8c7,,0ddd69e85c96811dc68c9bcf9c9ff32bb931db9e422f7ea6ab8a194e51f2dd8e,103|104|107|113|115|120|128|135,
0df3c5b2c85328e611b57d397c57d303c92f25dab5452dff162b17fcbc975aaf,cgt,main,0x5fc6de61258e63706543bb57619b99cc0e5a5a1f,c0991a665286852c6041bfffe8644b3a,fefff3f814c3dba946c8a4e170f1da7b,,0df3c5b2c85328e611b57d397c57d303c92f25dab5452dff162b17fcbc975aaf,103|104|107|113|115|120|128|135,103
0e323b30210be339c830a83bfa34b8ec60077b2eb8f58bfa39a8c8f4b778fb0e,cgt,main,0x0bf4ee4a8e49965d89aed61fa63fb203950e24c5,6666fdef97f596a7fb2d47e22c8b7d87,62aa5f1166a9bad5356a529747d53441,,0e323b30210be339c830a83bfa34b8ec60077b2eb8f58bfa39a8c8f4b778fb0e,114,114
0e6f439e79c6799be41796b64c34faa6a583aefd58475e4bd620ecd88b0635b5,cgt,main,0x9d31ff892f984a83e8b342a5ece8e8911ed909e0,3e08565178c9a6d9e5ad8f51a22f2209,60fc7c04291f44b28cabcb5aa2923940,,0e6f439e79c6799be41796b64c34faa6a583aefd58475e4bd620ecd88b0635b5,101|104|107|113|114|115|120,101|113|114
0e990c621c560745dc4ed868067caa38bbec260971cf9ee7125c05ca276a5124,cgt,main,0xa623bca1460bb9207aa8b4ad00faea3f30f0c549,7236af7499f276f0a97758e871ce6fd5,023dea1832f513fca674ebdd28e61733,,0e990c621c560745dc4ed868067caa38bbec260971cf9ee7125c05ca276a5124,101|104|107|113|114|115|120,101|104|114|120
0eb2285388acbb3f0365e28e4829aa799b1b307dff35b768083868437f37e052,cgt,ropsten,0xad46abcafa2400f9f77411bd4d22a1777adb1bb0,31568c253204d5146a5305f989818e40,,,0eb2285388acbb3f0365e28e4829aa799b1b307dff35b768083868437f37e052,120,120
0ebf1a00f96ce20010cbbab916af47591a73200248d5426cae69167b77b8e6af,cgt,main,0x60b1bfaa999ab532df3ab804b43ed549a8636501,77feb72b8eea1a1819acb2d875379147,837acc16c3a35e61282709b8e408fd2c,,0ebf1a00f96ce20010cbbab916af47591a73200248d5426cae69167b77b8e6af,101|104|107|113|114|115|120,101|113|114|120
0ecbd4239e1eb10f32eee21c2b0c6df9e4b7487e4cd8d2b3040045c45ea8a0bd,cgt,main,0xb33812b316e0c454039a3b48d09dfe97d11683cc,3a97d5633830291421a4fc3528f257b9,0558f8d47a44f6d757f9c6e712935ee1,,0ecbd4239e1eb10f32eee21c2b0c6df9e4b7487e4cd8d2b3040045c45ea8a0bd,104,104
0f32ecb74078f723b740ae1886525f1851f9ddd1ac4a8f9534b00e501eeb1964,cgt,main,0x9da7902394fb19ddd340d47398d35e3405bf79ec,76e23ba7954e2de5e2df15b62fd5c038,b7d320048ad7801d61de5a5644dd5ff9,,0f32ecb74078f723b740ae1886525f1851f9ddd1ac4a8f9534b00e501eeb1964,101|104|107|113|114|115|120,101|104|114
0f3688068078fe72ad5e22b4fb4995fb32a335794749d717c24945d381e56620,cgt,main,0x5bc7e5694ee5d6ea32a0da36efb56a177190a53a,e7539a6bd056a041ed903ccca6829cd5,a0269a62a607418e2bf55b077c72e049,,0f3688068078fe72ad5e22b4fb4995fb32a335794749d717c24945d381e56620,101|104|107|113|114|115|120,101
0f5340b0615343dd9bc5ac6a77512e78587b11f9c294b81c5c629ee042d4d9f6,cgt,main,0x0a43edfe106d295e7c1e591a4b04b5598af9474c,5d672ebed374d2fec897955a8460770b,13179471e4bb8ab0f9a4379e3a5de40d,,0f5340b0615343dd9bc5ac6a77512e78587b11f9c294b81c5c629ee042d4d9f6,101|104|107|113|114|115|120,101
0f63fb24ed9d74ce8e3260fe0ed94e26ede8a68c6d34f8a5d771d73f991b3c86,cgt,main,0x2c4089c8bae4b9364d830755874c657401ea6e9d,8e0f614597ca24ab09387070c6f278f0,c5f77bc74dfd4c264e650a42c35e0fce,,0f63fb24ed9d74ce8e3260fe0ed94e26ede8a68c6d34f8a5d771d73f991b3c86,107,107
0f837e9da28625d94a86ba42c0b5ed7dbfc9f01e0210f7073b89cfa43217a4ff,cgt,main,0x87d1ccf428832015d6108520d6d0909013753a62,78ce1987189da3985fce95f767f222eb,df45a75749d3211b52d4b30c1a93e9ac,,0f837e9da28625d94a86ba42c0b5ed7dbfc9f01e0210f7073b89cfa43217a4ff,103|104|107|113|115|120|128|135,103
0fa3ee900210d955384c72167dc574bef3837488bc66e6bba81ff66b6060c577,cgt,ropsten,0x503ddb685664357f15a368ec70eec54b79da7363,7b3964723628ef17ff1ebf1fe0689275,,,0fa3ee900210d955384c72167dc574bef3837488bc66e6bba81ff66b6060c577,120,120
0fcea01bb0dd5b9008b3b46903e1945cc0b4390ca0a9841741c969ba03d11234,cgt,main,0x53a54c442583d2e844733f179d142c32f3c004b7,006ac6e776e96c0b2b7fa3d7d7fd76d2,eed53d12682f0819425b6ab454e4275c,,0fcea01bb0dd5b9008b3b46903e1945cc0b4390ca0a9841741c969ba03d11234,103|104|107|113|115|120|128|135,103|107
0fd99def0b7e5994bc7c8d9fcec775dd92f780764ff33ee5964e80aa7b56abea,cgt,main,0x8b4aa759d83ec43efba755fc27923e4a581bccc1,9d43afb387bcb66df0f3a9f2921b8a2e,42d1e0299f88288b6742397020231957,,0fd99def0b7e5994bc7c8d9fcec775dd92f780764ff33ee5964e80aa7b56abea,101|104|107|113|114|115|120,101|104|114|120
10023a71245474f4c16384e1d2cfe1ac602230c4c086c5d4283013ad5b1c466e,cgt,,,eb1c7e3c88cb892d75405bb60ed722a1,db9d4a6e3137ec83d87e990cbc56bd40,,10023a71245474f4c16384e1d2cfe1ac602230c4c086c5d4283013ad5b1c466e,113,
100e4beecbeea73d8e5701748fe75d6b329d55ab02349fb54896072e9c706540,cgt,main,0xeacba276ff97853102c3d540b663c08ec7fbe0ed,c7764dbbcbe3ab44f7b8deef3bec708e,111a33d5879e2799051c5a48eaf2600c,,100e4beecbeea73d8e5701748fe75d6b329d55ab02349fb54896072e9c706540,101|104|107|113|114|115|120,101|104|114
10242b6240f5f58669315282483f4622ef44661170919c96c18400a846b39b7f,cgt,main,0x7f9af66163461009e9a4c57f6d3c6421bc47a663,69db9d03dd7812a227b61825bcd22b50,10f6b4f50ab2bfa1e1b5bccad276d549,,10242b6240f5f58669315282483f4622ef44661170919c96c18400a846b39b7f,101|104|113|114|115|120,
1028d4cb676bb08c978c0c37906a0f4665f8a11eae914582bec9a2031db424d6,cgt,main,0xa3d4d7df3988d48c48728787cb5910a8a4cc4d26,d5b62aa3497a34a34f2543e970f04717,79ef82e853ceffcbf821144843964fc1,,1028d4cb676bb08c978c0c37906a0f4665f8a11eae914582bec9a2031db424d6,104|107|113|114|115|120,
102dbcb5bc03f6c6d223dda0b87393d5c4feec80b2f558bce66066e83169c13d,cgt,main,0xbd2ed3e85faa3433c068c7b3f9c8c7d839ce88d7,cc924dbd4cba17d0ffec8b2fbd8c31dc,a09744806ddf3f20bd284046a96bd26d,,102dbcb5bc03f6c6d223dda0b87393d5c4feec80b2f558bce66066e83169c13d,103|104|107|113|115|120|128|135,103
10345e44463fc83e6576bc698624f575fc79c261862c69b3caac69cfdf3baa58,cgt,main,0xf4bc5351b3b0d200b619abeee90f862770c6aad3,bb173afb5f3d1dcdba1ef95fdad9ab64,aa641c2a113422bae5caf36aca04c8ba,,10345e44463fc83e6576bc698624f575fc79c261862c69b3caac69cfdf3baa58,101|104|113|114|115|120,101|113
109c9d1181a3b7d10e911bc8fe91303c86348b29b8b8d947048aceb41a6dc2de,cgt,main,0x9448b35b4c9eea695dedff285e0cd8bc6c65e2b1,3779705d555d865b00fb3442b63700dd,5bcfb71b09c39830877a3c0993d7f5aa,,109c9d1181a3b7d10e911bc8fe91303c86348b29b8b8d947048aceb41a6dc2de,101|104|107|113|114|115|120,101|104|114
10e63ca540ff1284ea13a6fa5ddae11e6e3feb3a768ed6ca70fd70f247d1f1d6,cgt,main,0x1d3b2638a7cc9f2cb3d298a3da7a90b67e5506ed,ab227e6c7f9c01e69e2fb891e46c5fd2,3caa27835b86cd73256d21c8bb49c1fd,,10e63ca540ff1284ea13a6fa5ddae11e6e3feb3a768ed6ca70fd70f247d1f1d6,107,
110fddb06bc44f277b0d993aaf6140639b5361143964f6f72972a7b705c20748,cgt,main,0xfeac34425a3ba2fafbbeedb367ac5f4b4bb701d2,ac37818a15ea20fead374be60eec2807,98f6801e73fdbe7fc0bee0d9b68c9d36,,110fddb06bc44f277b0d993aaf6140639b5361143964f6f72972a7b705c20748,103|104|107|113|115|120|128|135,120
11306c68330f02974d50611755b59aed9cf21ca7fb574e422160db4dd563e9fb,cgt,main,0x87b0de512502f3e86fd22654b72a640c8e0f59cc,cbe5f2b36bb53405679fa89f6f3ba6dc,ee38ef08eb2f91a61b2a19c25553a9da,,11306c68330f02974d50611755b59aed9cf21ca7fb574e422160db4dd563e9fb,101|104|113|114|115|120,
11506ab956d3ee428870e2f80c758fdc1d7bad9000b4619593e1618142a5fe9d,cgt,main,0x1de4b791c6c7230dffb6d1ecce8eef1ed7f631f9,53c19957939cb9d2ff0484e1ec0a4506,760d9060fe9cafe5110c2ee706b98467,,11506ab956d3ee428870e2f80c758fdc1d7bad9000b4619593e1618142a5fe9d,103|104|107|113|115|120|128|135,103
1180f54b355010247acfe691b868a1fe0cf79bd756e0d5f3cfaa995e39230aa7,cgt,main,0x4d33f3c3de7918c31517dec283d698bf4f17cd60,19dd1a2706af8d127bc263cad71f08df,458684a566ee189ebbe1733e722a8559,,1180f54b355010247acfe691b868a1fe0cf79bd756e0d5f3cfaa995e39230aa7,120,120
118d71f0a21a5230f7aecfb604afb2812d48f1126afe931c8630274589fab9e3,cgt,ropsten,0x55011de64cffc2c79007f6aa82ec1e6df7193bf5,200b27dd612d0c35999158a18445b7ca,c2f729a56136f45f9149662701a9aa0b,,118d71f0a21a5230f7aecfb604afb2812d48f1126afe931c8630274589fab9e3,135,135
11e8760192d92c2bee571fc1efd2f93d730c8058e91fdaf184709a281fa406da,cgt,main,0x94add786881a945e68f3dfd1478f586ba36769b5,470e4ce383af085d431c63f9adef80e3,0649a66e7d64798f7d4e3db115087a1f,,11e8760192d92c2bee571fc1efd2f93d730c8058e91fdaf184709a281fa406da,103|104|107|113|115|120|128|135,103
12587383b52245419b6bdfe41a2d6b84d68f8678ff828aef3b0c7b1f593ae888,cgt,main,0x8154ae317a767e69d7f427aebdfbdddadcd5cf48,1d400df1f94eb6c28901d0dafe190e9e,b1c6617f113d8c02c4438ed5e7c2183b,,12587383b52245419b6bdfe41a2d6b84d68f8678ff828aef3b0c7b1f593ae888,101|104|107|113|114|115|120,
12de4cb6333bca09a09a60c0c9594c617787d67923f436a69c95edc890c6f634,cgt,,,5943c66a94d9e019f225a6f051f33596,e99cb9d07efdb2efa9373d26a54bf0d7,,12de4cb6333bca09a09a60c0c9594c617787d67923f436a69c95edc890c6f634,113,113
12e86e4a7b45898c3ed138a894d916be617ac333ac52ba5d7cebc017bd2f305f,cgt,main,0x9bbb9387c9e2477a6b5d81afece00255875c48ce,ba341642089b12bb06c6ac63a8111ec3,da7350956ebc829fc130eb409d20535e,,12e86e4a7b45898c3ed138a894d916be617ac333ac52ba5d7cebc017bd2f305f,103|104|107|113|115|120|128|135,103|107
13050a796c20305461e4fd55d349b27a4146a4d139d48654a59423b44f2c7705,cgt,main,0x94603d4a41856bccb75cc3603af19fc161a7b6b6,1300a612c8e9ce99e7cab328b0cfbf7a,ba351114557a2edba7c5bb5ce6bdfdbf,,13050a796c20305461e4fd55d349b27a4146a4d139d48654a59423b44f2c7705,101,101
131156944d0bf31658bdd0ce60da77a2fd6fbdd3853c2729c955cb80ec103a6d,cgt,main,0xdb22939e20a4c41cd7e2b9b325ce452b36c80dd9,96ba754ccf4739429e0b53bf66ac8a1e,4d6d5af7a6b0e2f34e8c2ee53b4d2da9,,131156944d0bf31658bdd0ce60da77a2fd6fbdd3853c2729c955cb80ec103a6d,101|104|107|113|114|115|120,
133cdf42888f8f63638029a8260f26817b3962bec33f9fefe02f235f6ebef6be,cgt,main,0x1926a3254d6bb48f983d1890a993d618d1b6c9cf,22db005a79c36dd2483bf6c7d4189557,d011739edaec2b0c638bffae7114aff3,,133cdf42888f8f63638029a8260f26817b3962bec33f9fefe02f235f6ebef6be,101|104|107|113|114|115|120,101|113|114
134cdba598ba331717c21900addbf5cc8c1f9366396d4f7ed5a4af576842a820,cgt,main,0x981930b9c44fc164084491ad3e1c8568ba3b0fb6,e7bf444b9549578bb525ee312ec4df8b,928dc59f92fcf8f4e8ab49a3d50287d6,,134cdba598ba331717c21900addbf5cc8c1f9366396d4f7ed5a4af576842a820,114,114
13623005755c9a15db08fc0ec28a2f48f3f58df32faad95c122c68c346accf93,cgt,main,0x56467e038871dc7f2a6180cdebe1702cef77285f,fc31b54e8893a2c71645e150e44a99df,c8e909efd3169954d4cb57352f258b55,,13623005755c9a15db08fc0ec28a2f48f3f58df32faad95c122c68c346accf93,101|104|107|113|114|115|120,101|104|113|114
141aa7b62047e98dadba71db04e61b1cec4ecdc69c79d34e8b5129f96254e4ad,cgt,main,0x5d67888188772df8ed420e5be43820c9d98a8ef5,a332854d84fd225d5a02d884bfa0bc63,112d09c444af1b31aa9c681aafe80809,,141aa7b62047e98dadba71db04e61b1cec4ecdc69c79d34e8b5129f96254e4ad,101|104|107|113|114|115|120,101|113
144388c8bf656c47394c3adefe30a4d9fb901538df2d044dc946e23add49180d,cgt,main,0x66342e803943929dc47bca1d625f42c7c725b049,88f9deb31b44738c5bffe7adf941c8fd,3c2672af72a55d5d25112de5e024204a,,144388c8bf656c47394c3adefe30a4d9fb901538df2d044dc946e23add49180d,101|104|107|113|114|115|120,101|104|114|120
145808502d1cffc10ffb521749e442b07279261f3dd819ddd7f32a99dc09520e,cgt,main,0x6abd2b75ff5f306a4d99bfab1ff84b57bb9d23e7,49585285cc8ab4d9967cadae51d03c5d,c65d4bc61dd8e4780dab20bb03fba9fe,,145808502d1cffc10ffb521749e442b07279261f3dd819ddd7f32a99dc09520e,101|104|107|113|114|115|120,101|113
1469d91538d17c3005a01d7e7d69cf4531ca43e79007914578eec18bb940f5fa,cgt,main,0x9c169d81420aad7d8a0d6d9f295c3ba2c33575de,7731c6d3438cc689530445a122ad807b,420dce80fd40b3ae2091f128de3bde31,,1469d91538d17c3005a01d7e7d69cf4531ca43e79007914578eec18bb940f5fa,101|104|107|113|114|115|120,101
1481e8ae38e76ed553d5a5be8e67f13420dadbaf2cf054da329094c88b94ad48,cgt,main,0x1d840cb510f084e6154c85d14d98cdc8f7a3b4d5,ac26700143dfda496e54640da25dde32,87218cb74c74be25f78c4d548c9c93ee,,1481e8ae38e76ed553d5a5be8e67f13420dadbaf2cf054da329094c88b94ad48,103|104|107|113|115|120|128|135,103
150b3c7602c848ea3d4db260c3c6b73eafb2b014e2f64b5671bfde698cdce361,cgt,main,0x53848e6049e19bf83acba186aeb42117011becb6,8be7e5bb4698b9f33b906662571329c6,3c4e31eb5c7550f1c493c8adae71784c,,150b3c7602c848ea3d4db260c3c6b73eafb2b014e2f64b5671bfde698cdce361,114,
15371f17d5e94ed6e32b7275eb8a5c7adb6613ebf0769ffec8672a3343df4e17,cgt,main,0xadaac4cb430f4f4aa0d60741bc263f3dfec0790a,0fbeb8bdf64a69ffd9a3d58a66746aa7,ccb77a0e90d687085c6f4cf9a1443f72,,15371f17d5e94ed6e32b7275eb8a5c7adb6613ebf0769ffec8672a3343df4e17,103|104|107|113|115|120|128|135,103|120
155eaca08dc2eb62183d8349cfc57723c291a021fa7f09eb07b221ce7ff1ae10,cgt,main,0x3474627d4f63a678266bc17171d87f8570936622,d97639923bcb871c2f394a59ec68d690,fcde347c8f4d3c3c69fc6c8fd4c7fb51,,155eaca08dc2eb62183d8349cfc57723c291a021fa7f09eb07b221ce7ff1ae10,101|104|107|113|114|115|120,113
157e7d49dd06b199e8716e7654018b16f6d3b585d6ad57dc4c330f7e3097e84a,cgt,main,0xe8e506306ddb78ee38c9b0d86c257bd97c2536b3,01eb7d5dd201e68bea9250506f96ffbb,247c67edecb0b82b04b5fac5aa4773c9,,157e7d49dd06b199e8716e7654018b16f6d3b585d6ad57dc4c330f7e3097e84a,101|104|107|113|114|115|120,
15a61f07246d4f9189b65e65dea78034d3b5701155a0990ff97ec12c19b57554,cgt,main,0xd566fa4a696eac66f749f7fe999d6673fee2026c,9660d915640b5532cebb5c12043bd8aa,1d9cb4d0ccba4764ac785607f4742902,,15a61f07246d4f9189b65e65dea78034d3b5701155a0990ff97ec12c19b57554,103|104|107|113|115|120|128|135,103|120
15d3257a6ae48186a974459a9d90ad198be6016cc0d2687a21bc0453e5b4c2dc,cgt,main,0xbd9dc7d3a4b0f6777ba79f5d52ff2cc27688c45d,a9dba30d9967b521eb27ab1423d08064,a5b0e87bfe12fd8dc8e7207aa822ba7a,,15d3257a6ae48186a974459a9d90ad198be6016cc0d2687a21bc0453e5b4c2dc,120,120
162131de64801a30f45622f4ff8cb7388d4676f9273a173a9bd6469f5a44ed24,cgt,main,0x4ab274fc3a81b300a0016b3805d9b94c81fa54d2,bd8878a88be518c163c12a9bbc9f29b9,8171a9cf079a34d1a661897400ba7c3a,,162131de64801a30f45622f4ff8cb7388d4676f9273a173a9bd6469f5a44ed24,101|104|107|113|114|115|120,101
16396582b14313a6ed6e177edfe7aeb226e6ed9030af475ded9a6b64f41ec04c,cgt,main,0x75aa81161e07483f6ca199fef46c13eb13d190be,73b210e192d4afb804f40aea1c7d6a48,25a5c68590423fbbb0e5c029c59d4afb,,16396582b14313a6ed6e177edfe7aeb226e6ed9030af475ded9a6b64f41ec04c,101|104|107|113|114|115|120,101|104|114|120
164ceffd5f3dec70587a7a3992604ebbd896d9c4aebf557b991dfcad203e9351,cgt,main,0x14a3f4795076c0ae67c2aa9efc10e58427a00dff,7bb2cdd532b84a5d7f3bc6a53149f587,f0e56b9fb1c6c45804ce6d7b8f243f72,,164ceffd5f3dec70587a7a3992604ebbd896d9c4aebf557b991dfcad203e9351,103|104|107|113|115|120|128|135,103
16bdded0e755ac33613c46d3f7cc97599d84df0982e17d8d009dd17e3c72643a,cgt,main,0x01afc37f4f85babc47c0e2d0eababc7fb49793c8,969b3515b84bf7d7f9a30f708b4669d9,cd1d716589ca7dc675ebdca19a2daf83,,16bdded0e755ac33613c46d3f7cc97599d84df0982e17d8d009dd17e3c72643a,101|104|113|114|115|120,101
16dc3303e72e12594d4c108c68111c0d87b59e971aff95d6f2ae181fa41b2180,cgt,main,0x8cd68336ad5092110e79aae318731e1d60a331ae,0f0865939c2596a5f08768cccaed1ad3,9964b80b540ad04586ab8366f94a10dc,,16dc3303e72e12594d4c108c68111c0d87b59e971aff95d6f2ae181fa41b2180,101|104|113|114|115|120,101|113
16f2533910745f9f3594fb02007b3fe24ad9f400136260e6ceacaa1f6b07a01f,cgt,main,0xcc89405e3cfd38412093840a3ac2f851dd395dfb,9a7dd93a5aeca6cd1eecf899f2442762,36680b3ae9a674c80ff74dcc828fd14a,,16f2533910745f9f3594fb02007b3fe24ad9f400136260e6ceacaa1f6b07a01f,103|104|107|113|115|120|128|135,103|120
17018c6441e12f093e18a9a18754cc8f1f3338c314cf8eb3574c4d6565adac36,cgt,main,0xdfa42284475636ecc1e04f519b075ec7f1e04f48,a8c89197966a0b2416a9ff43b8b70467,6c7a0a182a851e6df80467c7a535f8d3,,17018c6441e12f093e18a9a18754cc8f1f3338c314cf8eb3574c4d6565adac36,101|104|107|113|114|115|120,101
172606e2cc189e89f8c43adf36eaa2ec5a3902b30fe9fe3db15bc6fb0de411d2,cgt,main,0x2138ffe292fd0953f7fe2569111246e4de9ff1dc,42f18e8e426785ff2c197e875f3cb3a1,07fbb03240d61c264218855cf6a58423,,172606e2cc189e89f8c43adf36eaa2ec5a3902b30fe9fe3db15bc6fb0de411d2,104|107|113|114|120,114
172b7eb30f525809a905c93ce8f2a0c43efa1ac081e2522ae43e8ef3c06c2fcf,cgt,main,0xb071e5c53094cabb971e98eba3b1a86be555c943,49177456bbe5defebc621f5744dcb8c5,06ad7fb084d5cd5fc0d3c5eb1e4154a4,,172b7eb30f525809a905c93ce8f2a0c43efa1ac081e2522ae43e8ef3c06c2fcf,101|104|107|113|114|115|120,101
1769a255386e6dcd5a48c678d462f3e8e84ca04a47ecb21e13a2594b5cebf263,cgt,main,0x759981e5af7661836d305f71779690808c1de51f,b12712b5c6a5dac1250061d941e88dc0,d15fdba06d7bd777f65b99826717fac1,,1769a255386e6dcd5a48c678d462f3e8e84ca04a47ecb21e13a2594b5cebf263,103|104|107|113|115|120|128|135,103
178a4ade773f11b088277b90d7528ef003d98da059556c2adde4909fc223f2a5,cgt,main,0xb47e3cd837ddf8e4c57f05d70ab865de6e193bbb,67b36aaef4629cbb11061efe6d9d9df9,efde34fabe1a3a13e2fed9fa414dd2cf,,178a4ade773f11b088277b90d7528ef003d98da059556c2adde4909fc223f2a5,103|104|107|113|115|120|128|135,103
1790866e2d5ad761902fbd8f24edf5c0b6b28573d6d77b9f2cb797a6a2f3e47e,cgt,main,0x2e2e617e4625c6a30a3290dde5b689212ff061e8,34004eb04aa0763f7a451783656ee110,cc3a51abb05b8a5605c88fc95a1a3d1f,,1790866e2d5ad761902fbd8f24edf5c0b6b28573d6d77b9f2cb797a6a2f3e47e,103|104|107|113|115|120|128|135,103
17b0d2f0e8eca158ceae1e249238da8aca63f6ae34d2d95618b70e803cca6f61,cgt,main,0xfd5fb2880b5b725bf8f4ebd3cd30d23aa65dc5fb,1d6bb8ed91e9f26f24b7943aa6134ae3,227a9b726dfd69f3fd1c6104ec69442f,,17b0d2f0e8eca158ceae1e249238da8aca63f6ae34d2d95618b70e803cca6f61,101|104|107|113|114|115|120,101|113|114|120
17b579a01a90ee109497640d9ea7efbe7ab7d0e69ebb033c20a002b7b08f23ef,cgt,,,1e15846bd63aaadc7737e4340878f4c6,13982f34f87e168eee44e7f0d9ea3390,,17b579a01a90ee109497640d9ea7efbe7ab7d0e69ebb033c20a002b7b08f23ef,128,128
17cf242838320429ac6490650a42f7474ed82098eede81ee5907d576d6a913f5,cgt,,,603f37419f6ce19a492b92eaeddaf7c6,5f1ee4c7a8435953cb79ac94d992fbfd,,17cf242838320429ac6490650a42f7474ed82098eede81ee5907d576d6a913f5,101,101
17d19b54472bcec4e6e3a4695f86658aa9d0d79de4b7e23224f98e1f6c607395,cgt,main,0xb6db69e99f7e3ccb352fabde7d98a8fae0de4297,e146268ae94a1007c8429bdad92dea8c,9cff52c313915922e549ff363250560a,,17d19b54472bcec4e6e3a4695f86658aa9d0d79de4b7e23224f98e1f6c607395,101|104|107|113|114|115|120,101|113
17da321d9ca4321a2cb7b213fc501742807d00e95b7a1d8ec1288be34037a6e7,cgt,main,0x89c2352cb600df56fe4bfb5882caadef3e96213f,3e315b5aa6dc3507c5e4634704bc5610,4ff456806bf08636d2e8446b12987364,,17da321d9ca4321a2cb7b213fc501742807d00e95b7a1d8ec1288be34037a6e7,101|104|107|113|114|115|120,101|104|114
17ea2b11c68918a630e63bc220d9a629b55b6e03fb903fe3d42a6cb49a698b26,cgt,main,0x958a8f594101d2c0485a52319f29b2647f2ebc06,85dfe5f2f0cf75b4a096f4eac5a1f2ba,e132efb114b8e353d6c763dc870f8cd9,,17ea2b11c68918a630e63bc220d9a629b55b6e03fb903fe3d42a6cb49a698b26,104,104
17f16b5ac3d7a13527141f1be76af644e85c7f49c1edb956b88b5e93e870bec5,cgt,main,0x6ba4313d6b01efd3c81224a1d34794b2a0b0cf76,c573fc15416b5d6dc0fb548079154d13,3368a7d0b418ffbc283e014d9ddac80c,,17f16b5ac3d7a13527141f1be76af644e85c7f49c1edb956b88b5e93e870bec5,101|104|107|113|114|115|120,
1810ac63f1b2c78090728e4820804ed0eb1a461418e8fd1bc691476eb94a2299,cgt,main,0x8b803d9f2bd4aeaa2a7c5265fb5684fe3e68c879,76b3f72f5f7a5307d9c34beda0bd7042,eced7adf8261194c3505cbcb8c57e4de,,1810ac63f1b2c78090728e4820804ed0eb1a461418e8fd1bc691476eb94a2299,101|104|107|113|114|115|120,
18374cc8934b0d7e6ab37b113bcd34a3f5e1ce1b5e4b6cdf7f329cba27884295,cgt,main,0x9497043f4cd9450867479f3fd873d80d9321094c,26c6ab666e6a105796852cdeea9b7b3a,11e0ce9655ad0bdc233323fc1084aec7,,18374cc8934b0d7e6ab37b113bcd34a3f5e1ce1b5e4b6cdf7f329cba27884295,104|107|113|115|120,104|120
1842a24774dd9bf0025f6923bdafc16e48224c693a93c543506dc4c6f27f158d,cgt,,,012a09d57e3e719877c4fa7c3bfdb71f,df3a451133b2f6f98c8dd067c5f19072,,1842a24774dd9bf0025f6923bdafc16e48224c693a93c543506dc4c6f27f158d,114,
184917d63b57a80eee616728fce07607de2062e41a3d862e9982d69db64475d2,cgt,main,0x4ed65e408439a7f6459b5cfbd364f373bd6ed5f7,5341eaa30f9aacf39cdcc324dd9384ec,d9d3ec6a2ac27cd2883fa66e5ab9cbac,,184917d63b57a80eee616728fce07607de2062e41a3d862e9982d69db64475d2,101|104|107|113|114|115|120,101|113|120
1864b80eb477293bb6271d9bce81839c3f1c32bb6286aea3af7a7faf0256d4c3,cgt,main,0xea450e48e8d0da4332516a12c63c2232450caf6a,7d6129c6e9ea643c74a4e039350c1273,5d7203ea845d24e74189d80ee1ec2362,,1864b80eb477293bb6271d9bce81839c3f1c32bb6286aea3af7a7faf0256d4c3,103|104|107|113|115|120|128|135,103
18725fd1dc9ffdbd51e29cd9920070cce1704fd5391b0674baa9e1f551b5b4da,cgt,main,0x439935b1060c7f48e5f59f92aeb52fdbc5faff29,a005ec457f8c2a3e4dd4decdc78f4c81,4ae243a680b44cbc0808032bf2ca9c8c,,18725fd1dc9ffdbd51e29cd9920070cce1704fd5391b0674baa9e1f551b5b4da,114,114
188b546f2a91cdeb8fca454f44929d87cdcb4ff5f4ff2e9721b3c8e9fc6206c0,cgt,main,0x38e330c4330e743a4d82d93cdc826bae78c6e7a6,fa2762eba22a45b98217afa61357ef43,160a528c297aa555c571c11edb228c76,,188b546f2a91cdeb8fca454f44929d87cdcb4ff5f4ff2e9721b3c8e9fc6206c0,114,
188d752f932e1d191f362612517149d0852fc0e8cab2727d06ec51a8a461aa2e,cgt,main,0x68662fae9167d1e3eb6fd0ed7c416826faa20b0c,dbdf1df52500c46e994ec8bbf63e59e9,a0972a8739691684bf0c4ead4e8e083e,,188d752f932e1d191f362612517149d0852fc0e8cab2727d06ec51a8a461aa2e,101|104|107|113|114|115|120,101|113|114
18afc989fc2205981abdec4f1e6f3dcc64d5d298d0a5784529f6f2e7750e26f4,cgt,main,0xf74a6e92588ee0a524b44b251e0b47d1a15824f7,9a601a5712f0ab06c12067da47634edd,07f1c9b2b8132e362df794e27271f917,,18afc989fc2205981abdec4f1e6f3dcc64d5d298d0a5784529f6f2e7750e26f4,101|104|107|113|114|115|120,101|113|114
18f4e139b493fe41fc8d07175bb26017098abc3acf7edf08dd18b88e9040703e,cgt,main,0xff3216f86a723f2c23b03b5cd1f622eb1a204159,5482fbfa676268aadadd59d02aa94a2a,ff4afc0652f28856516ae18bcc004dc1,,18f4e139b493fe41fc8d07175bb26017098abc3acf7edf08dd18b88e9040703e,101|104|107|113|114|115|120,101|113|114
19184692404ad07d4ee6e4464f65a66dd50253832f2b21731e615c7ea8748b0f,cgt,main,0xbe56093286038885733a66e554dd43a22a45889f,edde80c065917bb28533cf3f6007b193,52e45fedc07fcfe4f8e551b130ad678a,,19184692404ad07d4ee6e4464f65a66dd50253832f2b21731e615c7ea8748b0f,101|104|107|113|114|115|120,
19c1a7b719a16ce2264c19b88fa704372feffbff668024e5b900e53c8ebad671,cgt,main,0x91ee990363fbb6aca7497632af8790efc238872f,f91a1b0f9d9ba7e06da41085e4cbb839,b00b73854cfe8fbe68855470a8fdf574,,19c1a7b719a16ce2264c19b88fa704372feffbff668024e5b900e53c8ebad671,101|104|107|113|114|115|120,101|104|114
1a1334b14c9a8109f7d7dc3bcb5f918bef5b9c7a84a41ce394f471370054e62f,cgt,main,0x3c96c6e76c403c774ba2ab023df5730375c09b2d,7f9b7adfdbe05f2c03db710408f291b8,fe101ca88071cbf0ae31ec1e786775fb,,1a1334b14c9a8109f7d7dc3bcb5f918bef5b9c7a84a41ce394f471370054e62f,107,
1a3df0fab0fd2904196c451f6e623e9650d5d5129cf35b19d557514cbe1f4fd4,cgt,main,0xfb2a61c6da801aca637e0a8fb459ce22f5c241f9,bd0415e91c3b75b6af803b51ba99dcb2,9c305f79d9a1c6e68ebf1795f278a917,,1a3df0fab0fd2904196c451f6e623e9650d5d5129cf35b19d557514cbe1f4fd4,103|104|107|113|115|120|128|135,103
1a527643e4f98295e948a6a73a5d0a4f4849b29fccbdefbee536b4f3ecaeb369,cgt,main,0xb3aac808b10eb65b74b59deb4f1998b52327bd1a,f6db3a7d4da16dfb00b32600eaa8f1a8,f3a25a3f2ee745f1ba9898316f8f8bfc,,1a527643e4f98295e948a6a73a5d0a4f4849b29fccbdefbee536b4f3ecaeb369,103|104|107|113|115|120|128|135,103
1a689f7fb8c33304e8f338ec26a76b00b9fee4d172e4fe526dcd3e7c52aea460,cgt,main,0x14227871abbd0359facfc893a055d4068f4f14ee,77fcc9af12dfc8ebc8d5f0b1f42a220a,dd4d086247f9ff5e57e305a7f700e822,,1a689f7fb8c33304e8f338ec26a76b00b9fee4d172e4fe526dcd3e7c52aea460,101|104|107|113|114|115|120,101
1aa00cb1461554f86a22f00ad031c49634ed9ca8d0c8b139b26c4f39fa7da6d7,cgt,main,0x6c1bcb34142bffd35f57db626e0ac427af616a4d,b738fda31ceb4a77437effb7ae81c25b,8a22aae5fbf66fe2f1f2002ace7e19fb,,1aa00cb1461554f86a22f00ad031c49634ed9ca8d0c8b139b26c4f39fa7da6d7,107,
1acbead34460e578d6a5a5ef0dcd907f42f9bd530b81eb02022b94c237d9019c,cgt,main,0xc357a046c5c13bb4e6d918a208b8b4a0ab2f2efd,2e881a92fd3f2b22367f0cd41068b227,1a260f3c948cd89b3db3842377dc1659,,1acbead34460e578d6a5a5ef0dcd907f42f9bd530b81eb02022b94c237d9019c,101|104|107|113|114|115|120,101|104|114
1aef59014b2f3f898a951e3f0a2b93bec4fe09d4409f0287cabcf61451a0ff55,cgt,main,0x3a0e9acd953ffc0dd18d63603488846a6b8b2b01,89cb0bf7f5a4370f10c06430aec6b7c3,005bf7f4e7fbae4948eaf4d68f163037,,1aef59014b2f3f898a951e3f0a2b93bec4fe09d4409f0287cabcf61451a0ff55,104,104
1afcb1154ab215e5cedd0d00f45484d9d14e1a5b4a61fb2372fcd951ba83b5d9,cgt,main,0x78b058ccda93816487c655367dcb79664a216ad2,c5063c4e5cacf391a4163faea580ef0e,1e09fb97d59060f8a6145d5aa767c8a0,,1afcb1154ab215e5cedd0d00f45484d9d14e1a5b4a61fb2372fcd951ba83b5d9,101|104|107|113|114|115|120,101|104|114
1b05e1f2cd7071b14bc001cc2b27d9ed491cb3c14e251ea35236eee64852b65c,cgt,,,fd90228f26ca368385633ca89b514128,a46eeb5e27da18b3099a8d25d84edcc1,,1b05e1f2cd7071b14bc001cc2b27d9ed491cb3c14e251ea35236eee64852b65c,101,101
1b949c582e95b48f6f3308bb5fd9c558ce920d936625b037f37346f69b7f75d9,cgt,main,0x85d2b1cb300a51ccf929d109611c1301727aea0b,13c0172f71c193c802cb95a2a5b93960,46e62df3d0d155a43adb76408ca8ea73,,1b949c582e95b48f6f3308bb5fd9c558ce920d936625b037f37346f69b7f75d9,107,107
1bdd00f0ff2869fe66c909019ff9516eab129cd2b282d9c4f2c22bef8cb5fa0e,cgt,main,0xe120100349a0b1bf826d2407e519d75c2fe8f859,24ede81bb1a9bfbe20c28327f1bdc800,3632c5bd82d3dd2bba26328916dd6bf9,,1bdd00f0ff2869fe66c909019ff9516eab129cd2b282d9c4f2c22bef8cb5fa0e,101|104|107|113|114|115|120,101|104|114|120
1bddcbd921e19ecc420a80f8d379ec1e7601d05003de784c89eb20bb97e1043d,cgt,main,0x498e950892260b0e9dfd5895d7501f340e92d263,b37d553595d6ab4ec7fc1d9f2b96d2e5,3e71f64ff3e8c4359142c397acd99226,,1bddcbd921e19ecc420a80f8d379ec1e7601d05003de784c89eb20bb97e1043d,101|104|107|113|114|115|120,101|113|114|120
1be272448cefc219bf610ec00ef865db32a4aff11d2c70756d130711d6358a03,cgt,main,0xa0285193e366a634fd9639d650b2115d77681a37,95a3ba89bfe437e7def2e4ab59bbde92,f6d3f010463b1c4618e26a55a2a0d674,,1be272448cefc219bf610ec00ef865db32a4aff11d2c70756d130711d6358a03,101|104|107|113|114|115|120,101|104|114
1c074e7298a890adb577956cf045fec3b2e00bc38f0963beda435cdf52df81f1,cgt,main,0x44731a7649df116b65a805d82f25bc954f97fb38,198bf9978543a65fdd4ded03a7b7bdd7,a37881a01cb9b054bdf24dcdfd9f9046,,1c074e7298a890adb577956cf045fec3b2e00bc38f0963beda435cdf52df81f1,120,120
1c1b2dd2764cd7d1b9818d7d48da65ab3bb5ed6aa204604b487f14a1ab537d03,cgt,main,0x3aaa175924a77ee4b40606f714b727331e430ece,212491e5d16bb2d2ea5efa92aa045148,925b9feaba17612aef90815cc958b129,,1c1b2dd2764cd7d1b9818d7d48da65ab3bb5ed6aa204604b487f14a1ab537d03,103|104|107|113|115|120|128|135,103|135
1c60c7e73eede7cc9e6fd4e0d5c4051aa3ed49f85389f6143f220cfc66a7a874,cgt,main,0x9053d234a1ff2290f087a1ca9460e3263121e580,5de374a2ec514c50c7864bc9dfd31c74,f9159c2514b7ac9398beb6127c7efd64,,1c60c7e73eede7cc9e6fd4e0d5c4051aa3ed49f85389f6143f220cfc66a7a874,104|107|113|114|115|120,107
1c86f58cbfc433ec718c5d22c7bf45085fbab41d000b06b4ca0f5f08ae9ea8f2,cgt,main,0x2a7e1f7932240a1e0609b4b993933649163d8755,bb307d9110c48ef57b0ce72adb00166e,371d72291f029acde76245a7b7bd84d1,,1c86f58cbfc433ec718c5d22c7bf45085fbab41d000b06b4ca0f5f08ae9ea8f2,114,114
1c8a7697a2643f94fe20da387d3ce7325ee966e130753c7a6e6ef18f36fc68c1,cgt,main,0xc83355ef25a104938275b46cffd94bf9917d0691,0e2974b21421b266509cabea6ff98f31,dea77d9f567abcbbab014326bdda3aab,,1c8a7697a2643f94fe20da387d3ce7325ee966e130753c7a6e6ef18f36fc68c1,103|104|107|113|115|120|128|135,103
1ce44e96cf21a411589bd8dd43f7fe5ed7d5b87a3ebb3b0fd0c5c59fd2ad821d,cgt,main,0xb3775fb83f7d12a36e0475abdd1fca35c091efbe,c725807bbdf4207bc06c033c616ca87a,77802c3d1099e50f500e91e886e9a7ed,,1ce44e96cf21a411589bd8dd43f7fe5ed7d5b87a3ebb3b0fd0c5c59fd2ad821d,103|104|107|113|115|120|128|135,103
1ce758d4cd917113243e314be83421f7a778be4d1a3931a4dd869a6a5509e3e3,cgt,main,0x52035f001502d5f4b0555d699d448da4a20f67cb,f224af536c9a576c6c93b5f8b5ac01a9,32e231b7773eb33eed96d24a11f27855,,1ce758d4cd917113243e314be83421f7a778be4d1a3931a4dd869a6a5509e3e3,114,114
1cf5ef5a0f1c5b6734aabc33e5eefc00f282da49e9d3786765b67f480a253e60,cgt,main,0xb15970c21d3fe0ed440980b056ab7fa7acb296b1,81510b80487791a4c1bd6d831bb3a62d,d52d95b8ef2faba2e622e77c40550410,,1cf5ef5a0f1c5b6734aabc33e5eefc00f282da49e9d3786765b67f480a253e60,113,113
1d2d56e06290abcb00b0307ae89057b113797740261a1dcc648ae432b931302e,cgt,main,0x27c41d20014fa87291006d02ddd81b2128039bd7,45f557035f01aa3bfedb069fc9a45dc2,22f6ea51175851d5ee5e2a8458e97642,,1d2d56e06290abcb00b0307ae89057b113797740261a1dcc648ae432b931302e,101|104|107|113|114|115|120,
1d453cd96174410c601a23b0912094083e19aa9c786e94fe876599133ec79229,cgt,main,0xb57acd47240599d0c68f14892dd05441af67e2d3,0dff20e0ab0207e9fd95cbb97dfff69c,b8f58bdf36ae42babc7066be14478dd6,,1d453cd96174410c601a23b0912094083e19aa9c786e94fe876599133ec79229,101|104|107|113|114|115|120,101
1d8e72909f2d85a62e922166effeff6291009fb32271c2e24a692edb09a90c14,cgt,main,0xb746aed479f18287dc8fc202fe06f25f1a0a60ae,73647732068b80b265f97d10ac0e5a17,e7c487bd2b494c1b866221150cb135bb,,1d8e72909f2d85a62e922166effeff6291009fb32271c2e24a692edb09a90c14,107,
1dbd2818a54ca0f3b8bdedcf9c77cabf98578ddd597aab722165b2dd66af872b,cgt,main,0xbb27ad42cbe9534cec452b0134a350cbfe1ba337,85257c57ccf71d5fb349785575b9202a,9d6b9893890b2ff8252bb63b9bb52445,,1dbd2818a54ca0f3b8bdedcf9c77cabf98578ddd597aab722165b2dd66af872b,120,120
1ddcd3460ceee684a87dd39a194ca0c5619e94fbf8105868d79a97d8e84aa2a7,cgt,main,0xcd6608b1291d4307652592c29bff7d51f1ad83d7,acac25d29c06b63ed4e824d26a36af34,071152332f2e06c8ef51f58c7e89c2a5,,1ddcd3460ceee684a87dd39a194ca0c5619e94fbf8105868d79a97d8e84aa2a7,101|103|104|107|114|115|120|128|135,101|103|114
1dfb33c1afc2b6fec6a230fb315194fb4957520fd354d47119423547c84be40d,cgt,main,0xcccd5b66bf6990c7210fd76781469b19bcff9bae,f315e533a8750d8484008449f67d5a46,3f75b2620a3b876ba3ccb92acfdecdc3,,1dfb33c1afc2b6fec6a230fb315194fb4957520fd354d47119423547c84be40d,101|104|107|113|114|115|120,101|104|114
1e3cbe748899aeb3faf365d2b28ce06c71236ba1185b955b504af35fa5764c91,cgt,main,0xdc8944deaf5da0b81bcd38a87cbad0c0e793116f,9878007d141739446d87fc6805274e7e,f0b228aedef56714ec68e8e59984d4f2,,1e3cbe748899aeb3faf365d2b28ce06c71236ba1185b955b504af35fa5764c91,,
1e3dbd1c373923220d6eb57a02f29e861522d0fced6c419f969c03177e6e5b50,cgt,main,0x47d47c1f174bf9e7322974998e62968cec96257c,0870ad4d26ab7d93344647a83af76d5b,edce305ba7307475fcc13c404cb70d8a,,1e3dbd1c373923220d6eb57a02f29e861522d0fced6c419f969c03177e6e5b50,103|104|107|113|115|120|128|135,103|120
1e5e5d059a4bbed93abd29653537c11f1bb528fe4af55abcb9b78519f81cce01,cgt,main,0x7ee41a4c66e92fe28abd5bde30ad644a2dc8b15f,bebffea110cadcc1f94a2b6f68fd6f6b,1355f8e6d09a7c64067831830a4eeffd,,1e5e5d059a4bbed93abd29653537c11f1bb528fe4af55abcb9b78519f81cce01,103|104|107|113|115|120|128|135,103
1e6d812b060b439b77959a4a47efa348cfec7cedeac2cf637d6eff722c49c6e4,cgt,main,0x29aa20fb9b23421e310bdb8a7cfb81d7fbb4a1b3,597a70f6ad50181275d60d1eea1668b5,4bbfd934971b7d01d444c59759a0ce30,,1e6d812b060b439b77959a4a47efa348cfec7cedeac2cf637d6eff722c49c6e4,103|104|107|113|115|120|128|135,103
1e851143c4b094e4f1df53ffacc93b80b4b2e4a7e118426dfc93c3b53a8cab7f,cgt,main,0x0ccb03cb1a89808209eaebbcb059ed05e44cb9cf,09f674b4f66ece01aa27b6f7f110e9f1,c43b645939d4776607cfeac23ff162c7,,1e851143c4b094e4f1df53ffacc93b80b4b2e4a7e118426dfc93c3b53a8cab7f,103|104|107|113|115|120|128|135,
1eb506d258094c24adac555ed0873f6542f0573947c22eda22007f45a278886f,cgt,main,0xf4cae4aec9b4d7682f8cee4d9a273ba063e71366,521ac88048bdcb10f922523156082a9d,ff6b8c611e3dcba859d7afcdd82f4004,,1eb506d258094c24adac555ed0873f6542f0573947c22eda22007f45a278886f,101|104|107|113|115|120,101|104
1ec0a99475802c63805ec8162cfe9d1e4d63e88b93b2d9d234a05c96996e4487,cgt,main,0x1b725d9bcbd26765fe4836d850631037dfb37e0a,20a4fe3d4bd7a08251cb4e1e86d61f51,97f15790aa80219d0c7ed421f4179178,,1ec0a99475802c63805ec8162cfe9d1e4d63e88b93b2d9d234a05c96996e4487,101|104|107|113|114|115|120,101|107
1ec3a22a9f7de2b2c69b9902dc235e42e096e702795d4e7e2cdadc2f00a0cc95,cgt,main,0xe7dc501cb9ca414cf9211af214d5065ca3a30768,78445fc3c998c0efb8c1fe4fc0c21249,b6591fb48d7d889924210d70dec01fa7,,1ec3a22a9f7de2b2c69b9902dc235e42e096e702795d4e7e2cdadc2f00a0cc95,103|104|107|113|115|120|128|135,103
1f10d21a4a7af420790339c963dbaa3452500e00ad138f8e4be10e3bd0189683,cgt,main,0x19551bd3d61fcb4dd802e1319e50b00f4ea78208,0c1747e348d03257c8a2ac2fabe8a1d2,d653a2ce834a1bd646ed6f09cc3f3b5b,,1f10d21a4a7af420790339c963dbaa3452500e00ad138f8e4be10e3bd0189683,101|104|107|113|114|115|120,
1f25a820a40f97904c1f384fa9b16c1a5ebca1c07f9ffddfedd176b329367708,cgt,main,0xdd98b423dc61a756e1070de151b1485425505954,123cbebcd228510621fdcd76cd9fc7f3,ecc1e1b10c3ea6a026f4c42d307490b4,,1f25a820a40f97904c1f384fa9b16c1a5ebca1c07f9ffddfedd176b329367708,103|104|107|113|115|120|128|135,103
1f380af5ecb5b0e9cb715559f3a47822ba4cf618c1939a2581f8f8448711f455,cgt,main,0xcac337492149bdb66b088bf5914bedfbf78ccc18,6dcce44644bedfde881a2d79173ce5ea,dea579631165b81dab6caf07d90c2d73,,1f380af5ecb5b0e9cb715559f3a47822ba4cf618c1939a2581f8f8448711f455,101|104|107|113|114|115|120,101|104|114|120
1f885d43125c1907fb0f1a77020ddffd6475ba13cdcfcca0ba5d57971aadf1ed,cgt,main,0xb10ba7b334d3bd1b2110ba00bca39696b6df406d,22ba4fa0af7b354b1f728cdb959c5a1f,f62ab91a6ca5f068fc3aba58c96ee965,,1f885d43125c1907fb0f1a77020ddffd6475ba13cdcfcca0ba5d57971aadf1ed,104|107|113|114|115|120,107|120
1f9909ecd621324b6321861ca79161f1f2d8a43c9d8d326c0820b3e20f5a48e3,cgt,main,0x217d02629cf1d2977423060c4d7c9d1adb400e23,eea6b4ca2d2dde718bc3f7ca74d17ab9,8402ae9f4e26b239430a2437656fd87d,,1f9909ecd621324b6321861ca79161f1f2d8a43c9d8d326c0820b3e20f5a48e3,101|104|107|113|114|115|120,101|114
1fbe99ec6a4829118fea93a4eb35ab5f82325ecf7ba812ea1ae8f2133b008e4f,cgt,main,0xa093e7943b942eb82f0a24ee3022aaf8217fe527,94c644279f1dc2bd10f834f5c630c02c,369b554f7eb9f3eacd707f08b9245e6c,,1fbe99ec6a4829118fea93a4eb35ab5f82325ecf7ba812ea1ae8f2133b008e4f,104,104
1fd0ac87fe6e181d92636b263cb328a9ab9a6816629f4346f4a37b1c49c30cea,cgt,main,0xdd1ace2f45962e4c1297c784009478865e3b13be,4c6c46b29fd83cd61beaa8d810c716da,b889dba5bfb265ed6a390b785fc96ebb,,1fd0ac87fe6e181d92636b263cb328a9ab9a6816629f4346f4a37b1c49c30cea,103|104|107|113|115|120|128|135,103|120
2006203c862490b277328adce4391e611dbb8b1ebe6cf1a4e3e296eed81290fd,cgt,,,c1eb6c156116fbe6e35898ec4b055117,,,2006203c862490b277328adce4391e611dbb8b1ebe6cf1a4e3e296eed81290fd,120,120
202c7747acd10ee7b84fb4f4fbc06d6e3fb82e2cc53125b8229ff3a71c278d30,cgt,main,0x5657b8d985be88af0f3d2dc064e2db784071ae1c,22744c0c4d38d2acd00ccc2431f8fbe8,36cb1c44f9cb697a5041df824b9a8f3f,,202c7747acd10ee7b84fb4f4fbc06d6e3fb82e2cc53125b8229ff3a71c278d30,101|104|107|113|114|115|120,101|114
207725f5407308f7b3c6acac325ea63f90b5c23365568b69ec04996bad035402,cgt,main,0xa11cad54917fe2466dda7e20d2d335b10647ac86,47419fbd9aaead19ddeb348f97b8fbe5,c769146f4d098a4ed53f3f5997354ce3,,207725f5407308f7b3c6acac325ea63f90b5c23365568b69ec04996bad035402,103|104|107|113|115|120|128|135,103
208c948239c712a6cd693547b18726df1437ffd28e60699a95bec8cde8707c7f,cgt,main,0x215b4a7cd7f4ad4594867bbcc91cac08c83ab507,cd5aa28c4ecdc4974af920aa5f39d24b,6dffe4e8af08c67c09000b5bf669fa5c,,208c948239c712a6cd693547b18726df1437ffd28e60699a95bec8cde8707c7f,104|107|113|115|120|128|135,
20b600835c70f84271df6cb41d6989bb443859664ac0a5a9860b9b1ab0dede48,cgt,main,0xe1388626c8de5fd7e5683a83d8da6a34153e9b18,e74d60d9ec48d0bc38bbd18467209852,ce254a002451882d7f15113d87ae58e2,,20b600835c70f84271df6cb41d6989bb443859664ac0a5a9860b9b1ab0dede48,101|104|107|113|114|115|120,101|104|114
20d00cddfa7e32dc5b18a679683d1eb8ebe89d8c62454131204b2ccbb1d3999c,cgt,main,0x582ea0af091ae0d98fdf08216cb2846711a65f6a,ab5600533183fc31d7687225c9a1e1f5,dfc8db04fe0e6f7fd76cb74cb618f51b,,20d00cddfa7e32dc5b18a679683d1eb8ebe89d8c62454131204b2ccbb1d3999c,114,
20ea3569f12af483608f7d06947c22acc5dba74347dea7c8fe2b169f8ef6dd61,cgt,main,0x042a277368cb43a70b06361e7ab7d1d0a2096b0e,79b637df7461b9443b1649dc5cf43541,1747dbd7ddbf8e41509971b1a40e131d,,20ea3569f12af483608f7d06947c22acc5dba74347dea7c8fe2b169f8ef6dd61,104|107|113|114|120,114|120
213ae180b40fb31630a6ac12037c1532e070cb77f4e22a354b466a224727cbe2,cgt,main,0xb1d58bad78f33892719cdeba218f8641a71a3f05,84e5ffba2d44b7f87143f8d826620f60,75aebe766c44b248c4c319e9ac28d917,,213ae180b40fb31630a6ac12037c1532e070cb77f4e22a354b466a224727cbe2,101|104|107|113|114|115|120,101|104|114
21470ffef1b35f141535cb0293a553e0a815a16715bd85888bbf2af7f45da61d,cgt,main,0x03806ce5ef69bd9780edfb04c29da1f23db96294,45e58404d25c7e4494363a66406452ca,459bacd76c54c0c6b7fda9e8894cff4c,,21470ffef1b35f141535cb0293a553e0a815a16715bd85888bbf2af7f45da61d,114,114
21883cb7feb36cc203c9cf2b8b3b0611a6c27cff68a5fc9db4598939b773318a,cgt,main,0xaa93338ef3b64a50dcfb2eba57a1eb4ad59d955b,70549c92cac684cd1427c013d7ec20dd,b35b8c1562b5c2156b504c3575879fc8,,21883cb7feb36cc203c9cf2b8b3b0611a6c27cff68a5fc9db4598939b773318a,101|104|107|113|114|115|120,101|113|114|120
21c1ca2b38531b242ac2a482523adde904dd98b3ae24de65e4616cfb01b38e75,cgt,main,0x86ca39d10dacdf1cfe490eb984bf0e7c17d1ed37,33db378b5deb695f891ff065af294070,c766905e68ced9b3a44125d6723c9377,,21c1ca2b38531b242ac2a482523adde904dd98b3ae24de65e4616cfb01b38e75,101|104|107|113|114|115|120,101
221c6653f913fdeea398a7c2b4cd9fb8d88aa226a08601cd694a9e7ee6b29863,cgt,main,0x6a3120d8a66fe96eb260cce4b6da02e7835b8426,77e13569bf8a047c36ddefe29b74b0a3,db4d68064bcb1678e76219319a683ec1,,221c6653f913fdeea398a7c2b4cd9fb8d88aa226a08601cd694a9e7ee6b29863,101|103|104|107|114|115|120|128|135,103
222f8957bf4a2d2e8463344db0c5d398ebf041ddcc9fb35a80d4e2704b10043b,cgt,main,0x2f00e2ae899ed73b49cfb4194cd8bc62a37a4c08,7f5071d1dd780c3816de616e5a16a247,3d8c282855050337954cb96b8c76f5e2,,222f8957bf4a2d2e8463344db0c5d398ebf041ddcc9fb35a80d4e2704b10043b,101|104|107|113|114|115|120,101|104|114|120
2259eb304358cf25ca777787ac0177cc1b575d5e7d017d274daaff5e96f2df37,cgt,main,0x9b0f6a5a667cb92af0cd15dbe90e764e32f69e77,08cfaef52f28c7e12cf82455e6f46270,f2ea0d742039f8eded92249e42acd0ab,,2259eb304358cf25ca777787ac0177cc1b575d5e7d017d274daaff5e96f2df37,103|104|107|113|115|120|128|135,103|104|135
225a645be4ce51863e865c6513c622bb721519f9b11f1b18162efab19521988e,cgt,main,0x3868eaf38f1319c70c4557c2234cd3e89947c633,0a23e2a3ecf400c370c6653c6ec0c4f8,b54a7f163e5d4b68c6c0cad3f22664bf,,225a645be4ce51863e865c6513c622bb721519f9b11f1b18162efab19521988e,103|104|107|113|115|120|128|135,
227ab97b5c166bd758656176c8e38562b291ff929bac8b4a9777a3bf2cc87e13,cgt,main,0x0e08f0daee46e772eee7999c5b6d7d0401d8d72b,ade6097b29b137d0b463e13430f6201c,2f1e10004227ba7acc1541ceb27df8a1,,227ab97b5c166bd758656176c8e38562b291ff929bac8b4a9777a3bf2cc87e13,101|104|107|113|114|115|120,
2281c5d99abc5634034dc7f4d9f8fdacc2c6444cd07ab3a004740a631cffc492,cgt,main,0x326edb1cde4dc98d2b2640c67cacfa0874432eb7,6dee698d3b4f111f60545fe3d57c5cdf,c2754d97b96c414716bd91b86cce41e4,,2281c5d99abc5634034dc7f4d9f8fdacc2c6444cd07ab3a004740a631cffc492,101|104|107|113|114|115|120,
229e208916e1b82b5926e3e753da7d52f52852649bdb317be642c811cbe5a90e,cgt,main,0x828be8ea7bbbe246216e7017b35057f64cf6449a,f72c088ef06b8bb22d51ec146f4a9265,45b5601100dcbe8516d03f0c4406f26a,,229e208916e1b82b5926e3e753da7d52f52852649bdb317be642c811cbe5a90e,103|104|107|113|115|120|128|135,103
22cbe0215c54d01686a0afab82c323cdbcaffbbae634665cf0ce3ee98c44063a,cgt,main,0x1199e1c21c89bf9653dc2996fed7168a6b587655,e9d0c69159348db9c55d11c24f65edf6,9e338360ba2012f0c37719a02cf0155f,,22cbe0215c54d01686a0afab82c323cdbcaffbbae634665cf0ce3ee98c44063a,115,115
22d32d4ec4771ec9ab6138fc091478c048ebb0db1403eeb2eea7dac608124923,cgt,main,0xad1aa68300588aa5842751ddcab2afd4a69e9016,bbd24f104bd96e0e95358cb39a2eaa9c,d2611d6d696f474c4dd6fc137dfdf8a6,,22d32d4ec4771ec9ab6138fc091478c048ebb0db1403eeb2eea7dac608124923,103|104|107|113|115|120|128|135,103|104|115
233a935480e69d3993d27ec13678ff5f20f502e15df6bf630c68d4c462b25822,cgt,main,0x02b97cca6d6a5227e464b2a60ee1a580ea4f7da9,54567d5874d18e1571a0b441ee36916f,a8464111d750698d65d0a4d23f0a7e08,,233a935480e69d3993d27ec13678ff5f20f502e15df6bf630c68d4c462b25822,114,
23524ad61d698efe749b9a7bf3ed7b790cac14cafb24b102871d914c6929a3e3,cgt,main,0x9b6baa7de8751328e8e0a8b872ff8d36539b313d,eac4f227d31f1a513297450fe15699b5,168636e18bd12aa3fdb939ffd5cdf65c,,23524ad61d698efe749b9a7bf3ed7b790cac14cafb24b102871d914c6929a3e3,103|104|107|113|115|120|128|135,103
23633276e2edc1936f30d21c70271e3cd1598f9e12da920268c5cb2b38c6c0ed,cgt,main,0xb9661b6b060601b83b6bb6fa323e466580ebe71e,4f3c47c1271802065a7f314305375b3d,aef150a85aaa84760f186aafd5320a3d,,23633276e2edc1936f30d21c70271e3cd1598f9e12da920268c5cb2b38c6c0ed,101|104|107|113|114|115|120,
236f4d08aca106f08d0b6b42d2c58e73ffacf4d9669378d8cadec872b787612d,cgt,main,0x288a59c489f20b0f0c2b71fb4e96d35469b27cb1,cf9331f87eede68a04ef1a541e83246d,fcd354da701e3d64a8fe8744ab6c9d81,,236f4d08aca106f08d0b6b42d2c58e73ffacf4d9669378d8cadec872b787612d,113,
237ece5d3405adf32d02121699cc202881eb2388b7b13afc36260f1459fcd28b,cgt,main,0xf7bc84a0e505cd424ce7706a67046271ace20ec8,146c04e8186e3cd104a1963d5fc2e213,549ac295c34677a59e181f6ccb62959b,,237ece5d3405adf32d02121699cc202881eb2388b7b13afc36260f1459fcd28b,103|104|107|113|115|120|128|135,103
23876753e397299aee76e3f2f23a346a67b531a035c2aa65a1d6efbeaa886cb4,cgt,main,0xf66ca56fc0cf7b5d9918349150026be80b327892,156de20b241e6524e98d9f36ff37f93c,41a62a76f58f5e4c340ed0f4fee49823,,23876753e397299aee76e3f2f23a346a67b531a035c2aa65a1d6efbeaa886cb4,101|104|113|114|115|120,101|104|113|114|120
23896d0fd3f58691ec00c2e46d79a783d7a23c9f592a43fa6102e0b6376250a8,cgt,main,0x43d0111ec0584381077a598a1cc5c1fc72722e6c,293940178b32b7f1251b9a05773efd03,26d671a807642af23d45b393acb15a29,,23896d0fd3f58691ec00c2e46d79a783d7a23c9f592a43fa6102e0b6376250a8,101|104|113|114|115|120,101
23ca48a6ae8d8768d7609113c092a882a332894d2af86fbf7c5f89dad9cb3421,cgt,main,0x0f5d2fb29fb7d3cfee444a200298f468908cc942,485397052545565b0b9d4c3ad73486b9,7c1e5d3e340244d55d67e3cdc8995f14,,23ca48a6ae8d8768d7609113c092a882a332894d2af86fbf7c5f89dad9cb3421,103|104|107|113|115|120|128|135,103
23cf0987f19525cf6933b26f284d9a764554ebe1cac913e19a0551b21edb9d77,cgt,main,0x872b91913dc7279702b7591c970b02519c4615cf,991efc5b8f55455a1a3f0fb191e99836,2c3c39fc143f55189f8261106eff44a2,,23cf0987f19525cf6933b26f284d9a764554ebe1cac913e19a0551b21edb9d77,101|104|107|113|114|115|120,101|120
23f701c0fae1aa865d7dd0b6802e4e37ae6c5a84757df686b335a32c01169969,cgt,main,0xba2f1399df21c75ce578630ff9ed9285b2146b8d,c5ba86fbb132fc0a2d2e40f3278a2bcf,ca838bf428572ba925bb20a8c954163b,,23f701c0fae1aa865d7dd0b6802e4e37ae6c5a84757df686b335a32c01169969,101|104|107|113|114|115|120,101|120
24725de134a7f7d8a800ba8a7a50a539e17817ff04cf3246ce67208e8c6415fb,cgt,main,0x3f2d17ed39876c0864d321d8a533ba8080273ede,7c0d674ece465a656ad58a64d8ab95d0,c945c81d27b1f8b2d13dd931db7b30b7,,24725de134a7f7d8a800ba8a7a50a539e17817ff04cf3246ce67208e8c6415fb,101|104|107|113|114|115|120,101|104|114
248b6dd148b34f67c892f9aa4a6216a6f41933bbf1b614bd563d13618a74d11e,cgt,main,0x70a8629c1b9a50133c5325502232bd54447beee7,cbb974698ee78a0cf6989c19baba824b,c55c6837355d08b2a9ba8b7208e9f1b9,,248b6dd148b34f67c892f9aa4a6216a6f41933bbf1b614bd563d13618a74d11e,101|104|107|113|114|115|120,101
2548d2339297b68d49b32d909a6daf9c97afed8ed40be9af11105b570343b486,cgt,main,0x9674e9123caf1f74d7f2b8c6823734891c0573d7,60530730161565483847dddc12f4154a,ba94d1acf8d696944cf2e29be69a3550,,2548d2339297b68d49b32d909a6daf9c97afed8ed40be9af11105b570343b486,101|104|114|115|120,101
254aef2dc8a0b83784f562d60b6efe579f6c970cbe2f5d5e2161e29d07803dd8,cgt,main,0xcc88937f325d1c6b97da0afdbb4ca542efa70870,a24911dabd144954b4a91f304ea045d7,ae195206e347c41e563090afb362da39,,254aef2dc8a0b83784f562d60b6efe579f6c970cbe2f5d5e2161e29d07803dd8,120,120
255407cb6943880ccedd614e2fbe726c843ca9df1022f2c9b1d59bcd3c9ac3f3,cgt,main,0x6e0ae69d262420b8ccd7ecdc11f12bb8b38104fc,b2246530b1b8d517b4dac56698cd1f79,e1a963b9175b8777691133e235708dc8,,255407cb6943880ccedd614e2fbe726c843ca9df1022f2c9b1d59bcd3c9ac3f3,103|104|107|113|115|120|128|135,103
255fa5501d1f11d14c1016b032899e21b88db2b7f32ac39953b83926867549a0,cgt,main,0x8d7b6fb1523f04e644085e14d5e49b1c6278c92e,02e17fe0437d007e99d6762deddc88f9,fcb6473096112c1bd9fe4a6e21f35a43,,255fa5501d1f11d14c1016b032899e21b88db2b7f32ac39953b83926867549a0,101|104|107|113|114|115|120,101
256118dd1381d14e9cc8b26171f8ee1b63033589abdd18c62b227a8407df8419,cgt,main,0x1c3c643f49be262c3040e917e7d2299b9bc081a1,cec747a271236f0a9b6d7c30301ef781,3fb5c2f9a8782b4109b29011358854b4,,256118dd1381d14e9cc8b26171f8ee1b63033589abdd18c62b227a8407df8419,104|107|113|114|115|120,
257992aa83e37e23a4ff41d68f63594a7e96aafd5ea5e7f889303bbe2d3394e6,cgt,main,0xbf54d498760fe8e8f4dff031b783362de7043cb4,1cf8d0d210765cecd18778c8c3e2cc38,d1fe348b7e033a97f32656255c02c72d,,257992aa83e37e23a4ff41d68f63594a7e96aafd5ea5e7f889303bbe2d3394e6,101|104|107|113|114|115|120,
25b84007dca8a17b914fbf5675ee1466dbd20ab6f9e6e680840c7d47165ebf4b,cgt,main,0x64160ad5ff632457cd3dc8788ee83e97e3a88abb,d3d348b2fe1a1764631d9e3e35b87378,c0564a27b1eac1c886ab8fff21501255,,25b84007dca8a17b914fbf5675ee1466dbd20ab6f9e6e680840c7d47165ebf4b,101|104|113|114|115|120,101
25bff8310c93462ed625c2826d89cd11ab6f6d4d2c667b52dff81dba3fe9598c,cgt,main,0xfac50f760d114de38bf0a6d44f31a9c22f778db3,6a1f98a39bac67f81a98bdfaab14518b,f69219171b270300bf33c3ebb0831973,,25bff8310c93462ed625c2826d89cd11ab6f6d4d2c667b52dff81dba3fe9598c,101|104|113|114|115|120,101|104|114
2627aa6ea37247f66f187f36e3e5b04da9d4185a617eaf2819398223cbbdaf6c,cgt,main,0x73e25c92d1669af02142f556c1918a1de537ba0e,5ddcaaebebc32ca23f4743c9c5619a11,1b898cac8c9183ed159a1853fda1758c,,2627aa6ea37247f66f187f36e3e5b04da9d4185a617eaf2819398223cbbdaf6c,101|104|113|114|115|120,101|113
2627aba0e841e37bc96258dc67f008dc42537d2912b25dbfa489074fd71afc9f,cgt,main,0x8f058d8a161f5be34b47149d70c47d6c60252eee,842ec1e4003e33d3487b856a1ddbd512,62071f52a966ddebed0b0a7314a739e8,,2627aba0e841e37bc96258dc67f008dc42537d2912b25dbfa489074fd71afc9f,101|104|113|114|115|120,113
26427b4bdffe2fc02dfa1f922996b7f9ecaacc28814878823327f39039c2e64c,cgt,main,0xb97768a8e31789dbece1403694e53c2142c3d706,1dd0c6e36bda967d0eaf36e063f8ecc1,c02ed158bd86f2a5ea0e16f5ee8ecc8c,,26427b4bdffe2fc02dfa1f922996b7f9ecaacc28814878823327f39039c2e64c,101|104|107|113|114|115|120,101|104|114
266f819e52921ab5821117b1bb143494c3587a2a24e509b2422e9b3c970a3595,cgt,main,0x600ad7b57f3e6aeee53acb8704a5ed50b60cacd6,41334f89eaacad20aae7183acaf19cfa,1b767a7a85d77740ac5538136256f721,,266f819e52921ab5821117b1bb143494c3587a2a24e509b2422e9b3c970a3595,101|104|107|113|114|115|120,101
268b5d849ca4533dde3780eb43cab49b65087ee447b1ad5edede31f01700866b,cgt,main,0x488690160a80702e6b8e47c7d62ec2779eb5f240,f201a2bf0f32dc82dc83a433643a946e,7f4afa189abc6220cecfcdb80adb5288,,268b5d849ca4533dde3780eb43cab49b65087ee447b1ad5edede31f01700866b,101|104|107|113|114|115|120,
268bc7a8e80ca4575a63f0b8733a1082357720a947dca730bbcd2838be49e16c,cgt,,,ae17ca084e309a43bbca3dc2604024da,e7c9382265061b3e1b5d66e6c068e51a,,268bc7a8e80ca4575a63f0b8733a1082357720a947dca730bbcd2838be49e16c,128,128
26bddd2bd7ccd8027c53358a9f3a33dbd13af2fb102ed943dc9d0131ee50aa19,cgt,main,0x59225aa6cc4e9ffc9fda31f38a62f8a6656ba5eb,8cf2bf033f268ad3d86b7dd946846fa7,138b5b23a0aeeaca0840c6b3b1191908,,26bddd2bd7ccd8027c53358a9f3a33dbd13af2fb102ed943dc9d0131ee50aa19,101|104|107|113|114|115|120,101|114
26c234083e51ae5895859cd200fe763fa2e42fb03b5cd9dbd6a591c3e5517328,cgt,main,0x30e1a463ecf25dbba2f83cb3e4b10045f888e55b,00aafe1e56c37f9f9d415767620c85aa,20cbc9e6f19283a7da1f27407e07fd3a,,26c234083e51ae5895859cd200fe763fa2e42fb03b5cd9dbd6a591c3e5517328,104|107|113|114|115|120,
26c2b895b7358bc0a0215213e6d67417c680e607d3732e56aa6425d3f8270512,cgt,main,0x11606995338d83acabcd06babaf4cdad66c73140,6baef9ffd47b1e810bd643f0dc958908,30f31e5464a269ddfa134e8d9533d6d4,,26c2b895b7358bc0a0215213e6d67417c680e607d3732e56aa6425d3f8270512,,
26c5a541e45d5c55db182f7a4f63cad379416a717b591d5412d7104a1b9c0f31,cgt,main,0x84e8a50ca43e8f26094799ba60705475cf2b9832,78f924feb9e819f10f09b257069b9bf0,203b3816ab938f569f8dd478f3e38828,,26c5a541e45d5c55db182f7a4f63cad379416a717b591d5412d7104a1b9c0f31,103|104|107|113|115|120|128|135,103|104
26d488ae47fcac136fc5e51ecee09610439066be848903e4988195d30198f786,cgt,,,bb2f399615b81febd95265f0d7a1fd59,70d5c2c8f283af1df6b2ae6620e6b4b9,,26d488ae47fcac136fc5e51ecee09610439066be848903e4988195d30198f786,104,
26ee3f32d635cf5128e759c14a6a6a7c96fb1d2794092df201a8abb8609b0b6c,cgt,,,3fada0c290d286aaad29d3a238403ed4,8a2cc64e33b982fdb38b5f1eca2d92c4,,26ee3f32d635cf5128e759c14a6a6a7c96fb1d2794092df201a8abb8609b0b6c,104,
275a36466e9c21d6707043ee925f311f00ffc36acdcfa7af9cf6fd572e859e59,cgt,main,0x96ddcf85c3798f01dae5212c6984f9cc467111f6,5c9e766e1f284d31e9d5558c71b6c844,9a8aa0dee1c82e90d6e75cb9c92aa803,,275a36466e9c21d6707043ee925f311f00ffc36acdcfa7af9cf6fd572e859e59,,
2775974fd518d4b43993297b92fc3946e73162b0075327cfda026e1ecc4b2c43,cgt,main,0x35ca9dcbcfcfb8ef114e24e57154f3f9ad8a12ed,bfc390cdfec2f7ce272f6cb45a70133d,ecf398d7db23ed5823a8dc9ee8494a8f,,2775974fd518d4b43993297b92fc3946e73162b0075327cfda026e1ecc4b2c43,114,114
27aa832a7361c090ce6f34f0208e0fab785c2cfeacd489b578f41947a959aebd,cgt,main,0xa5d1e58ece1fc438d64e65769d2ab730143a4caf,c29dc5bfb17fe9867c168860e90b441f,f61f62fafa230fb6702540fc23ba2e10,,27aa832a7361c090ce6f34f0208e0fab785c2cfeacd489b578f41947a959aebd,103|104|107|113|115|120|128|135,103
27c849361acc7a7a20f879563773a320ea8cbba3e3d1e59716b7787c09f95173,cgt,main,0xf112165cee019ca9c78f5877e4fa5dfd8d04b658,4f000ba7219253df78c4e8446f12ab2e,8366abc9adc3f950b797c126545b76f4,,27c849361acc7a7a20f879563773a320ea8cbba3e3d1e59716b7787c09f95173,101|104|107|113|114|115|120,
27e17bdd615c9ecbbf2d465dde65fd2db0aead25d23e61801c80a81174d18b48,cgt,main,0x15f2e85efb82c61ba4963b67aa1e89cf72cd0c37,a73d01c3985a61c0536dcc9dd6b3b107,44b6bcfebf3e22bf8d5b56ad6397dcde,,27e17bdd615c9ecbbf2d465dde65fd2db0aead25d23e61801c80a81174d18b48,103|104|107|113|115|120|128|135,113
280f821265fcd4aa966b237ce819f6216e968a16df080c0755a3acf1d46c8f1d,cgt,main,0x00430f32b8e77a456d0ab7e6f1dc1b84f4ae62e0,bbb54fe73d18f1fbbb51bc0c3920e9cd,eb5bcd53f30ce45e455f445819c4dfd1,,280f821265fcd4aa966b237ce819f6216e968a16df080c0755a3acf1d46c8f1d,103|104|107|113|115|120|128|135,103
28de4d3f48822869613d8c5f4ec39a59a78191fcaa8c7d815b8957f4c7630913,cgt,main,0x28a33d4407b3b94c83579f3e7760948ce13bb55f,ed98e1b6c01b07599f57ea9ba485d1e6,d65e29a8dee4ce9de9014e8383c85888,,28de4d3f48822869613d8c5f4ec39a59a78191fcaa8c7d815b8957f4c7630913,101|104|107|113|114|115|120,104
28dfb81cb2c60909afe77137a1782825cf3d96b89343268d71ff31fec04214b6,cgt,main,0x31b88320c5f5a45813d4a6f96f1d292c4f4383a2,76acf01da9ea7ca46362ea3ea34be3a7,712b96a314f55d8cd6a6de6859df990c,,28dfb81cb2c60909afe77137a1782825cf3d96b89343268d71ff31fec04214b6,,
2917ec1ace7a3a826a493fdddfa62119988b394b6d1ff11d58a37116102e9e1c,cgt,main,0x30407ece7f4252a7e2d786207831561b33ec3f13,b36f00e8fe64b97f25cca63403fde2bd,59abd692080764bb5de4c183f0ea9dfe,,2917ec1ace7a3a826a493fdddfa62119988b394b6d1ff11d58a37116102e9e1c,103|104|107|113|115|120|128|135,103
292684e92833cbb631d7d0885e0de5d86739184bf8d33640a893388b8b1edd68,cgt,main,0xb94f85ea35987648bb460a96a34f56ac1a6cc6f7,3a95cea80a6ee4fe1f0266a5281d47b9,ae53071c8004153daa445aa27cb7b58e,,292684e92833cbb631d7d0885e0de5d86739184bf8d33640a893388b8b1edd68,101|104|107|113|114|115|120,101|107
29b8078741d0d667ecd7136847080bfcd2eb7c8bf398bc0355c025bf32e35094,cgt,main,0x5483b8151340a7183494408ff9c80f46f4e0b25d,d09e7b547881ed0c05bec90855e62b42,8ecb714db93764206df03ed0511be108,,29b8078741d0d667ecd7136847080bfcd2eb7c8bf398bc0355c025bf32e35094,101|104|107|113|114|115|120,
29f042232497c9df6de5c99c6f65ed891ae32c819d4a0d5fe1542736ffde0844,cgt,main,0x0f7524d64ceb92dae1d1a56b20b6d520134795d4,06ba3c8127a303c7a2c01bd2b81ba12b,0577f016d80f2bf821d025cc7297c1b6,,29f042232497c9df6de5c99c6f65ed891ae32c819d4a0d5fe1542736ffde0844,101,101
29fcb8a2ce7909b3b0256edc32d959f55e55b9bfd8cd577011ec391833a91d8d,cgt,,,c501af50818226f7311e905e48c4dead,3ece417561b69318821bcca9d546762f,,29fcb8a2ce7909b3b0256edc32d959f55e55b9bfd8cd577011ec391833a91d8d,113,113
2a0b08723d03b1c88c0d10a5d11525d3fa25a210c4ec947a7f341038dd6663f2,cgt,main,0xa2b9bb1a44c05560399df4779de7cdacf10185e1,1597fa9e84808f51d8938e8b91f17814,77fc10e2127a235fe224664fcab73702,,2a0b08723d03b1c88c0d10a5d11525d3fa25a210c4ec947a7f341038dd6663f2,107,
2a7870af53509688c15dcf4dc6b6d84f802fe4c56f2b03ce9efd8fa267099bf8,cgt,main,0x1cf6949f4b661018b3195f3ff98effe12f587263,5a7fc26292620253ba49cdd930931f2a,38886920041f1efba17240b347198f5f,,2a7870af53509688c15dcf4dc6b6d84f802fe4c56f2b03ce9efd8fa267099bf8,103|104|107|113|115|120|128|135,103
2acabde3b276b3853c5fb3a7af254760811902c8d35c499edd85ca06c36da9ee,cgt,main,0x225ad9683005ce6fde4eae78c7ed91a499182378,e6dd92742b78a958fe60a144945821b0,dfae984d032da50f3e32332516917c91,,2acabde3b276b3853c5fb3a7af254760811902c8d35c499edd85ca06c36da9ee,103|104|107|113|115|120|128|135,103
2ad935d6b244b3ae3eea49c2daa1c90efe54214327eff2279f5faaf2bbe1bb41,cgt,main,0x365267181bc0ef38bbb8d8ca9b330dc0c3ac01d1,dd14cba36b7f70dc67b88cca45161cf2,443aa878541b3001e18fe7ddb3b6695e,,2ad935d6b244b3ae3eea49c2daa1c90efe54214327eff2279f5faaf2bbe1bb41,103|104|107|113|115|120|128|135,103|113|128
2b3fb8f5be99757a3b6806f641ab65e6b45101cef5081915df647e06ad170436,cgt,main,0x2a3967d9b88c11612503d45411c7d07a13554250,97f1dbefbe5ab5279b49429bbcb9ff9d,60d853f0897c643c354e03fb9bd75984,,2b3fb8f5be99757a3b6806f641ab65e6b45101cef5081915df647e06ad170436,104|107|113|114|115|120,114
2b4215bf77583ee3bad6f7e50cea44722ca71e2b24e0671efc63bad4368cd655,cgt,main,0x3cf853facae392c3e4310ab805da30a1da508609,798af75bba2471765e6e48334d8eee9b,5351b49c467a531be877df4bfabb332e,,2b4215bf77583ee3bad6f7e50cea44722ca71e2b24e0671efc63bad4368cd655,101|104|107|113|114|115|120,101|113|114|120
2b49fb2ac7de6c16103d6b9dec514ef050f69ad4032562720b771c227e8e9f4a,cgt,main,0xd897a2e34a5155e8ba5d4093a7ac883d374ff1d0,86ae16e54e0b0c7ba3c842d0e873973e,15ee0d6b2a0f36bb3f808558144475e1,,2b49fb2ac7de6c16103d6b9dec514ef050f69ad4032562720b771c227e8e9f4a,115,
2b5837a96861b3e003c3ceb3be4257be88c6c517cf4d49478de33fbe6f047cf8,cgt,main,0x5535a72556727c221c567e0fc4208c5a99dba1cc,3e626d650d7ca19220344e7b4e3bf778,2087c7e8eb61b75a08ba766a0a3927e1,,2b5837a96861b3e003c3ceb3be4257be88c6c517cf4d49478de33fbe6f047cf8,103|104|107|113|115|120|128|135,103
2bc1068a579a8a04269c6ee058ef7c4075722085cbe366abd98df0025a5034b1,cgt,main,0x4727829190b9867f6d01aacfbcbb8271e20c20f2,b298e14ce1a29c741b2aae4f174e0786,de2091242a6717a666e217deef243cd1,,2bc1068a579a8a04269c6ee058ef7c4075722085cbe366abd98df0025a5034b1,114,
2bc1559f36b9c659148beba2bdaf12fab77e88a7defbb0977b577815f65bcc6e,cgt,main,0x2956356cd2a2bf3202f771f50d3d14a367b48070,f75aa6b78318cca56df22151729b7a36,ecdbdb4eaf4930ca26e04a4274137371,,2bc1559f36b9c659148beba2bdaf12fab77e88a7defbb0977b577815f65bcc6e,103|104|107|113|115|120|128|135,
2bcb5b073364260db3519506964d262ac1e08b0dfac3dadc39444df627da4c3b,cgt,main,0x56fedaf633393a4902078b95a4de01c6185c5975,6b23c2a743c69aa7f950c577266fe6f3,4fbdf93682cae0f4764d3b688d3cf61b,,2bcb5b073364260db3519506964d262ac1e08b0dfac3dadc39444df627da4c3b,101|104|113|114|115|120,101|113
2bd76c7c1d1ace3186f543a1b8a7429f1556050dbc995a470e8bacf831aa6a11,cgt,main,0x10cc060f6f9b2e5dcdb23f1361e4b368a7daec73,b50c25eefc67716b1a5657159b0cb8bf,9757c2257a211b40c5458c308df550aa,,2bd76c7c1d1ace3186f543a1b8a7429f1556050dbc995a470e8bacf831aa6a11,115,115
2c2bc1e9fbe901e9faf483d70b26662bc9b5f1283e8f704e6f38b62e59435317,cgt,main,0x7fe180e63198e50057c3f2817d058e8904c650e3,1941bbd7d0d8f9ac633028955e3f357f,9cd40b469ba4ccae007e0985ecc01a52,,2c2bc1e9fbe901e9faf483d70b26662bc9b5f1283e8f704e6f38b62e59435317,101|104|107|113|114|115|120,101|104|114
2c4e54f4ff75dae36d8b1f70237deb21728272b32f80c6cdbc69b053dbbea84a,cgt,main,0x611710ba93faf6d2964a94656771f76e6d05d5f0,438d3ed6438c98fcd15591a37138360b,5bcd49a4f425c09f69b676d1f56d0eb0,,2c4e54f4ff75dae36d8b1f70237deb21728272b32f80c6cdbc69b053dbbea84a,103|104|107|113|115|120|128|135,103
2c71c66c8f9c32d0b5f8eb9df11257bd79e671d152af8688b47f7f4956c602ac,cgt,main,0x51cfc0d9bcf4ba234d442e3200b97d660e02d41f,f8db95434ebc795db372d9bdfca735dd,4a5f902463d8c652983fbd8a721a240f,,2c71c66c8f9c32d0b5f8eb9df11257bd79e671d152af8688b47f7f4956c602ac,101|104|113|114|115|120,101|113
2c7ddf851044231aa443e403bd7ffd3d68aafac31707ac0c2b659c19c4007491,cgt,main,0x488b7b5ed8ee6fa28c0cb3a0ee7351573070601d,67c406a0f28abc0c0f44185c6ebc1424,bae470c666b62f8ed159b5e16eabb774,,2c7ddf851044231aa443e403bd7ffd3d68aafac31707ac0c2b659c19c4007491,101|104|113|114|115|120,101|113|114
2c7f73485ff1539e6a429b6a38ce6acdb7056d534ee00a9d38ee25c8c2abb193,cgt,main,0x0feb3ce318e239a230383fd3484fa1018e1efaa0,8a2970705016abcc48b43cb6458b3e80,8e1d9f198e4f4015cea0c75fbc004945,,2c7f73485ff1539e6a429b6a38ce6acdb7056d534ee00a9d38ee25c8c2abb193,107,107
2c80c508f4d0a55e4473ceecc33c870a24d9bea1fe9e4299915f57d52adc5750,cgt,main,0xb19ff6657a80a68c94ca3fe6aac3b6cfd16bdcd4,d42d38db8d3f44acd83a8ab54cdc35a1,0f21315410ae9a96882a78851df35a82,,2c80c508f4d0a55e4473ceecc33c870a24d9bea1fe9e4299915f57d52adc5750,101|104|107|113|114|115|120,101
2cf2d0ab09315ffd35d4c3cbf72dc01eab64897459319417a339bcb994360c90,cgt,main,0x142eba6cd4e1977fba4a440c882ee460654d1766,73aa506261cf16b85c18879b1af1faad,8d4635c45bcad92f83f6efee2dd83968,,2cf2d0ab09315ffd35d4c3cbf72dc01eab64897459319417a339bcb994360c90,101|104|107|113|114|115|120,101|113|114
2cf7c0c53257f215ba62002f5dcb4086e72efe1fe2fc3f7ed65e805075fca5f5,cgt,main,0xf3f2bbbbd5a1986944c6a4b9c8b37004e04dc8f6,b5ba17a7c43606a88460f3abfa415eb3,c4fc4c68f68e511b2546e7fbf18bc47e,,2cf7c0c53257f215ba62002f5dcb4086e72efe1fe2fc3f7ed65e805075fca5f5,101|104|107|113|114|115|120,
2d1d1cd371e77a0271c20b4c55d35efcf0f8e518b37dd38c5ff899996b8400d8,cgt,main,0x4a7fd82c5c173be7d41541b76c43e26553b0f28b,d1958853eb08760f56dd22ab4910ea3e,92cf249d73253fec4885e0ab5ebbc3b7,,2d1d1cd371e77a0271c20b4c55d35efcf0f8e518b37dd38c5ff899996b8400d8,101|104|107|113|114|115|120,101|113|114
2d2c54c0ae8f5758cf1e48b1df5189913adbc1573edf5c72b6af18be18f077ff,cgt,main,0x26b112dbc2abfabfc7949e817b2118cfc9128623,5c39ac262ac2569c645850b912d4b9a2,9c57b36371462b7d22f6ebeca7a4f161,,2d2c54c0ae8f5758cf1e48b1df5189913adbc1573edf5c72b6af18be18f077ff,114,114
2d4ae76b055a10b02052423062532dc954bd51caa4ceb90c72537d8a0889e2c9,cgt,main,0x83b7eeb4d6ec1289578186f1da64a876dc71fcbb,57d569a4878cf84cea5dba149b370323,0d7e81f950ffee9f42d7f6551bd56659,,2d4ae76b055a10b02052423062532dc954bd51caa4ceb90c72537d8a0889e2c9,103|104|113|115|120|128|135,103
2d6b5b005c42547821bc027ab044eed8f14715a72b93547a2ceffc2ff10a613b,cgt,,,aa78df7498df7ecb80859d769199022b,a5bace7362e4f460ada05d19cf474ec1,,2d6b5b005c42547821bc027ab044eed8f14715a72b93547a2ceffc2ff10a613b,128,
2d6f5be7259117991a003888e96c4bf6b47d4785aba2f30870819fc55b909156,cgt,main,0x4028b9672bfd71ba2fcd97a6c82e06f72eaa14ba,7e6cd5a47a529b927d743e83464470a2,dfc1b3fb67d8fd060d857e4c4a9c69cf,,2d6f5be7259117991a003888e96c4bf6b47d4785aba2f30870819fc55b909156,101|104|107|113|114|115|120,101|104|114
2da3d99a0fd3ee47308657d16f98f776fac01bc93b4286f010502e7e5ac76979,cgt,main,0x3726cc0cdb26106bfb297ee6697da2a8687f385b,ada8cffa54bb46c496bdef6d54669ea5,cd42b344d2c34cd17e2eb181ca76b227,,2da3d99a0fd3ee47308657d16f98f776fac01bc93b4286f010502e7e5ac76979,103|104|107|113|115|120|128|135,103|120
2db003e531a920b0de3440565d45dd463fe0004a04c7d6cc4beb19654c5bde39,cgt,main,0x2223f8075193a9989bfdfbcf1d37b2d56187e10b,77666aa7b9ffee7ddce863f78ebb4efe,16e8f9bdd8d5fc9fb764505eb408d8af,,2db003e531a920b0de3440565d45dd463fe0004a04c7d6cc4beb19654c5bde39,101|104|113|114|115|120,101|113
2e5d28c9a772619c94294ed3e61d3d2b00e6123c1d1373b192a6b06f520c25b3,cgt,main,0x72f60eca0db6811274215694129661151f97982e,80682f3daa74d62aa42968d1ccea6021,838090cde1170365bcdfa3e00ab07920,,2e5d28c9a772619c94294ed3e61d3d2b00e6123c1d1373b192a6b06f520c25b3,107,107
2e779fcb14c727634944fb5e6ffafcfc3f80bca891f0a0d19cee04d7fff14689,cgt,main,0x5624eed6e0ebef05eb9edd4c24d5abc08e181e71,d01d7b3aa6a7ea81d02760be1ca38c77,f0d2f7482c49ae277e7db260c88a8bec,,2e779fcb14c727634944fb5e6ffafcfc3f80bca891f0a0d19cee04d7fff14689,101|104|113|114|115|120,101
2e79b5bca544deee796aa30107a2c585a20ce32872ee02fdd016759420b3d300,cgt,main,0x08bc84c6beb7d3ce724273e485d85a6b1e6166a6,4c5bdf2aa2511422f7d0bab4d203d592,a747f15250065ebf88e576bc59aa4d31,,2e79b5bca544deee796aa30107a2c585a20ce32872ee02fdd016759420b3d300,115,
2e7cf2ed0a6804c2d1dc7b34d49ae1aa0f17a07b8ffd920f1676be79ac9a6b53,cgt,main,0x139a5a0812bfc9b3d9234c9fd2d8c5d790f71e18,69f6a25316cd1d9ccf11d69a8f8a5cd8,856f4fdf447cd02edcb2bdfba5fd3ae0,,2e7cf2ed0a6804c2d1dc7b34d49ae1aa0f17a07b8ffd920f1676be79ac9a6b53,101|104|107|113|114|115|120,
2e7f26946938b1ed252849d0ebb2ed2d6455c7ec036ad0c750a3e27f3e2fcdb6,cgt,,,bd919e3587aabad0114c18c57ac43839,,,2e7f26946938b1ed252849d0ebb2ed2d6455c7ec036ad0c750a3e27f3e2fcdb6,120,120
2e7f906928841f189e805cd50101047149112a970f92682c6a63d96205346370,cgt,main,0xf767fca8e65d03fe16d4e38810f5e5376c3372a8,69f0990adff5746d5d983a3f2ce338f7,3d4772f5d1499bcbc3fe421f030d1251,,2e7f906928841f189e805cd50101047149112a970f92682c6a63d96205346370,101|104|107|113|114|115|120,101|104|114|120
2ec85391d592a962df5be969b131e989c9bd1489fb9287e0796378e0105cde5e,cgt,main,0x58dd96aa829353032a21c95733ce484b949b2849,876d16b4d70ef0f293c1b4a10a579eb2,474761b0b075d6156f2decbc6aaa257d,,2ec85391d592a962df5be969b131e989c9bd1489fb9287e0796378e0105cde5e,101|104|107|113|114|115|120,
2f0f8ea032ab6d26ab1778827db22c45be28c5d712548b4e0fa96c9109be55c5,cgt,main,0xa14c275277b788c20534066335e8bd3de77ffde4,955c1ac422e8cbc608284fbbfa6861d5,026a06d52a6c5a079c33f3490ea15d96,,2f0f8ea032ab6d26ab1778827db22c45be28c5d712548b4e0fa96c9109be55c5,103|104|107|113|115|120|128|135,103
2f136bf94b0781abe5f7f19382b378570d96e3e2367470e3547b6442b89cc1c3,cgt,main,0x0215c96d7badf65cfe9b897d232e53451c3876d3,14d036d79c034294ee84a61d83832c57,361389eedebe474987861c24a2b7e256,,2f136bf94b0781abe5f7f19382b378570d96e3e2367470e3547b6442b89cc1c3,104,104
2f3a42f70c42a9fac18d5f6698c2203bee313727cadcb4a891a05e0f88c58860,cgt,main,0xcc39e8ab206229c95b9649ead3560e1712a72eed,0fb68a191a81ca6ab5367267e3389f4e,61d824e849dba1f436c89d90e27493b3,,2f3a42f70c42a9fac18d5f6698c2203bee313727cadcb4a891a05e0f88c58860,101|104|107|113|114|115|120,
2f41c661a54256ca4c03f359a372401de9e0021c9fa1af64f912ec2f88a45694,cgt,,,5228fb3af811558a14b3149aca29db52,7ee964c3e3724bde7600ef5c108c577d,,2f41c661a54256ca4c03f359a372401de9e0021c9fa1af64f912ec2f88a45694,107,
2f4a48736796c67f1a78cf187e94c62f3d3ce6f11615fde4e0857d5d74470086,cgt,main,0x3ff8c78e266395d08f41ef1631391f0050d48081,63905372514b1dae68053aa38f2eff6c,1934dcaa3b8abe0cabb8a5aaf181d925,,2f4a48736796c67f1a78cf187e94c62f3d3ce6f11615fde4e0857d5d74470086,101|104|107|113|114|115|120,
2f9b4edf0fc2a2804404f825ebd1adbdb6cd362bef60f9423a79ddb251f42553,cgt,main,0x99d982e49bcb5465a6b4c1e0ec4341c912d9ba42,e609baea81c3b6fa807c04ecde191482,7f46328ece6838026910397e436eb144,,2f9b4edf0fc2a2804404f825ebd1adbdb6cd362bef60f9423a79ddb251f42553,101|104|107|113|114|115|120,101|104|114
2fabefef93dec5c280c0ae80b0db30cad0b3cf9897686826d186bdbdbf28ecfb,cgt,main,0x899f9a0440face1397a1ee1e3f6bf3580a6633d1,4fd59c03aaf8c5ecae73c003f7737381,3fd9b48e500101b03ec848e77e52ef86,,2fabefef93dec5c280c0ae80b0db30cad0b3cf9897686826d186bdbdbf28ecfb,103|104|107|113|115|120|128|135,103
2fafd21285e99c04f8adc97317110ed72533f0e9f1b4bb16e09d302c3a86b112,cgt,,,b1c471467ca1b951d6a34bd171281e69,591dbf1fb1d75d9176139e53c1aeb173,,2fafd21285e99c04f8adc97317110ed72533f0e9f1b4bb16e09d302c3a86b112,113,113
2fceeba80670a690c212936c3747cc580abeac00da43baf7e25a44f0b9dda5c6,cgt,,,23f71716a5994114df23f629744332ce,9b8f955e105cd4e4001874e3cf662d35,,2fceeba80670a690c212936c3747cc580abeac00da43baf7e25a44f0b9dda5c6,107,
2fd20ae46ff0a1e2839df7f94abf52f039666016b5d0440b5f5855ece8cfecdc,cgt,main,0xcbce61316759d807c474441952ce41985bbc5a40,c57cf49a208a66a9ae30d551313c4e37,822555532539ce46e53d4f7d52f2418b,,2fd20ae46ff0a1e2839df7f94abf52f039666016b5d0440b5f5855ece8cfecdc,120,120
2ff2353ab9497f3b4624e66c789ac075482bfa554fa176d2cca85ab4afa77eea,cgt,main,0x989d5889c93abd6789ad8b4810060a255cb9a96a,6a27535901d2083a9b008230d05970e7,eae4b53dd00f1cee287c9c27443778b7,,2ff2353ab9497f3b4624e66c789ac075482bfa554fa176d2cca85ab4afa77eea,101|104|107|113|114|115|120,
3004d1e9d5d9498f099307a1346496711119692cb8c8ef1cdf38ea6139f5c678,cgt,main,0x60a9be0ddd559e05733f22101c9330e7fc5282de,a959abac0f7965e7aee786dbb0a6e4d1,51d74814f126b1c2a81cdafa8f1354b1,,3004d1e9d5d9498f099307a1346496711119692cb8c8ef1cdf38ea6139f5c678,101|104|113|114|115|120,101|113
3084d0ec3af2d0a5bc57f05dc458862992b88fd5fb1dcbdc4077207ceb1b66bb,cgt,main,0xa39394d3447c1dbd386b92b4d1fcc22ca85eae67,438ebdec84c6bfdbbf918a71a280f49a,0985bca38009a753e019c1531a03cce1,,3084d0ec3af2d0a5bc57f05dc458862992b88fd5fb1dcbdc4077207ceb1b66bb,101|104|113|114|115|120,101|113|114|120
30a51811b735303d9977876a3c2399ec9842c045d150ed92f809265daaef12a3,cgt,main,0x1de2bfa2dfbca3af3848bfd9089ff84f447366f4,25bb29bd3e730e73c68de16e2a8bfb9b,7ef5cdc0fa66e2392181c100ba3c0a05,,30a51811b735303d9977876a3c2399ec9842c045d150ed92f809265daaef12a3,103|104|107|113|115|120|128|135,103
30ab57d383bde8ef258c04f56f3fcdbcc93dd9579d850a258528fa5fdd6ddc3c,cgt,main,0xc6c4c7826d44abf22c711e8e86bdc3f5242d2182,e8d14d53c2d5781fac3c8bd76b829ec2,54690a02adc21fa8bb7ef55b3a3c4f6c,,30ab57d383bde8ef258c04f56f3fcdbcc93dd9579d850a258528fa5fdd6ddc3c,101|104|107|113|114|115|120,101
30acc0b50f2e2ce270b2ce6cc033f504c9635d6181517e1b8ba079aefbb25514,cgt,main,0xdcb13fa157eebf22ddc8c9aa1d6e394810de6fa3,7b5ef6bd43686c8a8ce96bb4bb777e36,361f3a9a872c8e96a388d8f25c3ba446,,30acc0b50f2e2ce270b2ce6cc033f504c9635d6181517e1b8ba079aefbb25514,101|104|107|113|114|115|120,101|104|114
30af613fa8843a52e1d9812a8e8342064ceaf556db692989fb691c8bfec8e6be,cgt,main,0xd89e1799540303cedc9c4ba1e1c3c6f0feec7c02,7b75cae3f7a2cb171b3b417257bf4d9d,546e964e0cc1b9d4b2f093fa4187ef25,,30af613fa8843a52e1d9812a8e8342064ceaf556db692989fb691c8bfec8e6be,101|104|113|114|115|120,101|113
30d054d9c2955086832c353289b6ab55704dcb5e7308e1b5b4a698c8ca86afaa,cgt,,,96da2e5e3237a2d3da357d26dffe31f7,4f3af7210f2b610a4fd99ede25c7e35b,,30d054d9c2955086832c353289b6ab55704dcb5e7308e1b5b4a698c8ca86afaa,128,
30d91fb0fef65ea43c79600b7193197909dc2cca035baab8b292bc350fcf7ffd,cgt,main,0xd6a755bce1844ad6b7681118b18f54d63e5c13f9,0f2a42db453bdc4d275445ac2e98dec0,4b6742c011a2aba406455bdda85fbfa0,,30d91fb0fef65ea43c79600b7193197909dc2cca035baab8b292bc350fcf7ffd,103|104|107|113|115|120|128|135,103
30dc005f3203c2ceaca399b4254db1f04e7ce72f4fe6b42f5b003750119b209d,cgt,main,0xe19ca313512e0231340e778abe7110401c737c23,e6fd6ac45f84fad9aeb347b8a860481e,5a90109e321e72d6fc38481371451b45,,30dc005f3203c2ceaca399b4254db1f04e7ce72f4fe6b42f5b003750119b209d,120,120
30e202e85e2630eae71e6094090100a9ce91809f3abcfe259d8accbbf701c53e,cgt,main,0x2ae9d68295f8b6c3a12ee5279271980830775f30,d2aead65ecf94c7587ff2d99ce4b68fa,a045971c4ccce9f6b19005a40022e079,,30e202e85e2630eae71e6094090100a9ce91809f3abcfe259d8accbbf701c53e,113,113
30fbad9875ce8c7a60f7eb12900a82e9dd2dbc126cdbe1056811b1db86bf8c9c,cgt,main,0xcf00354366bca2f2cd49007bfaeac49d97463200,83136ac9672d406d16a7684307c4b9fa,5ebbb98b8f42216f7168add35f45c589,,30fbad9875ce8c7a60f7eb12900a82e9dd2dbc126cdbe1056811b1db86bf8c9c,101|104|107|113|115|120,101|113
31138419b0472b4fb07bf5297761e3c385ef9ea0f542d4b54340af78750df964,cgt,main,0xb887261e11d3d9cc3b96ef37ad220140c9c5404b,8aa630a6ab3618d9a5fa5c4eea300d6c,8dd50a877db9835fe18db2d8b1e7d7dd,,31138419b0472b4fb07bf5297761e3c385ef9ea0f542d4b54340af78750df964,101|104|107|113|114|115|120,
311f46ecd5ee69a5f731fc9e9692cdde3217209b2c40a264a0554d7ca5c7b26f,cgt,main,0x93519cc1a51ac56cf2daa8aaafcd4073f49a19d8,57d513a3c8d40e976410bbc6d59418fd,4ef2262a56696165036625d55800fd82,,311f46ecd5ee69a5f731fc9e9692cdde3217209b2c40a264a0554d7ca5c7b26f,103|104|107|113|115|120|128|135,103
31867ac0c7c4d5f38fde511cbc16158a3807d60ff7b1f17836d82ac5c9e625f9,cgt,,,a4d1db4509cfb74e8c152e7dbff736c7,463cbe9ef16a386f71e5ee006c17b981,,31867ac0c7c4d5f38fde511cbc16158a3807d60ff7b1f17836d82ac5c9e625f9,114,
319e062bb4dc4fd48011d19c7620aae32c5a279614e93380836c2550f26a170a,cgt,,,fc8c177743efa40f4dabe25a1392f2c1,af2267f59eb724cb2f748e4578fc3522,,319e062bb4dc4fd48011d19c7620aae32c5a279614e93380836c2550f26a170a,,
31b844fd9ca0c10e2e940781e48d2475fe87e7789c0f9e729ac91d0f729dcc7c,cgt,main,0x1098aa6de456713e11f8a3abff02a21830350c24,ef2315c7cb915c807a29d995c46d30dd,ddbac333f55a2b8417ae4d43fc77eda9,,31b844fd9ca0c10e2e940781e48d2475fe87e7789c0f9e729ac91d0f729dcc7c,114,
31c8cb086f7cf1b3a5ecd3f84577e73162e62cf9ece745cda9e1e15191d0d31f,cgt,,,d99716c81eff8ee67d3c6f8f2475eadc,96e15304e97f7431494f4a31ca557067,,31c8cb086f7cf1b3a5ecd3f84577e73162e62cf9ece745cda9e1e15191d0d31f,101,
31e27166ca02d72bb67e5a6ee65d83c8d1c6bcaf982c1f93ef757e7459b1ce01,cgt,main,0x27a54aefbddfa43cbf5f22139e9f969ce42fe22f,fac5410cd85be02583d99ef05df76375,73b798214e71f6dcf06fade31df1dad7,,31e27166ca02d72bb67e5a6ee65d83c8d1c6bcaf982c1f93ef757e7459b1ce01,120,120
323e306d55ba5226ed6eb867408532f518e9da0a84c594f34d7deb8d814f838c,cgt,main,0xa46edd6a9a93feec36576ee5048146870ea2c3ae,60b783e8ce1775e66aae21522364d2f0,d0f14e0369e26540a9711782baa9c98d,,323e306d55ba5226ed6eb867408532f518e9da0a84c594f34d7deb8d814f838c,104,104
3241bc755b273521b0df6447b1276990efe6dd78eedb3a861bdf0c07db211bcc,cgt,main,0x060e1e5ca588561431822e296aeab1fdecc893dc,ae83214b701d7570bbd1ea29dcf3af5a,86465cc25c1dfcb3f3dab3800088e935,,3241bc755b273521b0df6447b1276990efe6dd78eedb3a861bdf0c07db211bcc,103|104|107|113|115|120|128|135,103
324e31854e9dd7997dc2d02f29ebd72e9907502eea7b40fe7f675fb63cf53deb,cgt,main,0x0f26c26318872e8fa85dee5d30cba45ed53b3d3e,fc67047f6d32810790c69284d97ccb3d,40baefd5e7312a7de632216e47d6e6b7,,324e31854e9dd7997dc2d02f29ebd72e9907502eea7b40fe7f675fb63cf53deb,101|104|107|113|114|115|120,101|104|114
326e81aeeeee4380737efbec04b2d578de23e88cedf95cb9ebd7be900e80a3d7,cgt,main,0x308df6e60b7dffc2bdee7fa62d41ef53ac5d4e43,908bd221c3b1b7dec99ae8e026887940,ee1b17fbaaf3fac231e5729763a5653c,,326e81aeeeee4380737efbec04b2d578de23e88cedf95cb9ebd7be900e80a3d7,113,113
32c47836036e179be0c0ba22d7f5d02a4dc81fdd40bb436c2c71355ac9ba88bc,cgt,main,0x1f0b9db5bb0f2a60f8c8824cec738c15805dbdec,8ae7a4c36fead1cb918ead68fb15eacc,22f9b16f010e5a572f173de25692e89e,,32c47836036e179be0c0ba22d7f5d02a4dc81fdd40bb436c2c71355ac9ba88bc,101|104|113|114|115|120,101
32d80868e8665e66278e16cc32afa640ac1083994b7566d9f83eaa81d6e5de30,cgt,main,0x9aca6abfe63a5ae0dc6258cefb65207ec990aa4d,2a18d630026d41a2d5a5e3b1c1a93818,6c30d1efc149c4de3ad118fdbe1e299e,,32d80868e8665e66278e16cc32afa640ac1083994b7566d9f83eaa81d6e5de30,103|104|107|113|115|120|128|135,103
335e3ed16a6403173d82d4ee03553480ccb52260fb1d0e410a59a229d549a948,cgt,main,0x706dded765c012b7f532c60c1d08563ba5e9f587,c7cad6f80f46023b14cbf9fb072249f8,35628f49f6c12b5017ac9f40821098ca,,335e3ed16a6403173d82d4ee03553480ccb52260fb1d0e410a59a229d549a948,101|104|107|113|114|115|120,101
3370ce61cc7a9b89f52a24c1066da6bf09231947418d2ada9eddc2e24e4eabe0,cgt,main,0x66943100bf0464c1ec43b957a5f72fe2d67a3678,3d74a47009240e1a4fbbbc435c027a54,d6e6ecc21a0932d81a07eb9e27925f3a,,3370ce61cc7a9b89f52a24c1066da6bf09231947418d2ada9eddc2e24e4eabe0,101|104|107|113|114|115|120,
338e8ad9a8c704c4c8d3cd686775be30eafebeec94d9277e24558bec71230d31,cgt,main,0x44fb2663d37e36e4a2b4b865d9ec832e5da6a016,9ca51c8ed505086484e3ed6011184f0d,a18ce4bae31cfccf6a5a1cf7b2bb3ded,,338e8ad9a8c704c4c8d3cd686775be30eafebeec94d9277e24558bec71230d31,101|104|113|114|115|120,101
33a6acd9104ad3cf5c661b227bbfd5d8798dbe1d0c5a68f80eef2d9afb66da6d,cgt,main,0x6fd93c524553e05b3a1ac9291bde505d37252dfd,7317b52f5395853cc661a2351ebd906c,ceb264fc36f4e9c0460d562dabe93cfb,,33a6acd9104ad3cf5c661b227bbfd5d8798dbe1d0c5a68f80eef2d9afb66da6d,101|104|107|113|114|115|120,101|104|114|120
33ced2f0c1f2067ff9d0c4118d721f7521449cc58add4d67af849bf6b5766d82,cgt,main,0x0312855bb6e548578a36fa8de63b8f0d3d7d7dc2,cff9333318a2e945dc01ae9744d0044a,95d51db4f68d6ea2bd6f4831bd8de76a,,33ced2f0c1f2067ff9d0c4118d721f7521449cc58add4d67af849bf6b5766d82,101|104|107|113|114|115|120,101|104|113|114
33e0508dec525336a11ec4d3de2faf7ec8b3731d94baf65bce6afa00e132e361,cgt,main,0xd59a6b2dbec8bb0e2b84f4c1bfaaed72c1f19ff0,4f6e7b30bf62b8cdab0503918b35404c,177d350b57a89b8fe2a0bf26602e156b,,33e0508dec525336a11ec4d3de2faf7ec8b3731d94baf65bce6afa00e132e361,101|104|113|114|115|120,101|113
33faba24f93c29c95cb43aec2b089f716ae929cb509a29894630393798ffa0f5,cgt,main,0x705f04a4f1e7a1e23caea390b8903bd43d96e18e,4a9e8aa7853899f1c8d3b92fe0f0752f,c0aa247b4901bb424ba3d8dd31896cf4,,33faba24f93c29c95cb43aec2b089f716ae929cb509a29894630393798ffa0f5,101|104|107|113|114|115|120,101|114|120
34173c32628c719e89e7579dc5c3ee6b992782f51596c23b5fbb20aaf42a6245,cgt,main,0xed574d920a0c152ca136717c79a352b83f3bb058,f4b611d9c7132e7018da964ec8bb0a6c,9dc8cf36074fc4de455fed87fb8b0a00,,34173c32628c719e89e7579dc5c3ee6b992782f51596c23b5fbb20aaf42a6245,103|104|107|113|115|120|128|135,103
344b6a086059634cfaeb785fb3c5e9b9ebd18f280368d7015a3256b6fcfa3a2e,cgt,main,0xa259e6bcade86c770cb5214c789ee107662831a6,5a04d6cdeea6a542216280a0f7675bdb,6f6e761ad9446e4a3364f49836839035,,344b6a086059634cfaeb785fb3c5e9b9ebd18f280368d7015a3256b6fcfa3a2e,101|104|107|113|114|115|120,101|104|114
3456eae818e253a5c719dbd773f987bb8ef224ba505d4967c5ea0a0da527c303,cgt,main,0x1c98757e3b2199df438553892a678a74187b55b1,8890e9769d9a08f3a644777659dacad1,d76f0718115938983858d0d35895769c,,3456eae818e253a5c719dbd773f987bb8ef224ba505d4967c5ea0a0da527c303,101|104|107|113|114|115|120,
3494668d6e8e541a4a5514f68866616a2b96b4082021c0f00f4d72e65f9b22e3,cgt,main,0xc33281d43bd23b6f8ec8880c663d7603b85cb383,8efc537aa96a74cb15a270b0475d810d,ce58e39b964dbb4970fea7975684778a,,3494668d6e8e541a4a5514f68866616a2b96b4082021c0f00f4d72e65f9b22e3,101|104|107|113|114|115|120,101|104|114
34aa868334aeca27c0786f873a0f7f115676d3b44d353105724d5bf5a90a74d4,cgt,main,0xd8f1da4a236c4d6f310c02dedc049b69277b7c80,dfe37d929ac699c6afa732e2a249f743,d7e61d515e78b736b7cc6fefe32adbe1,,34aa868334aeca27c0786f873a0f7f115676d3b44d353105724d5bf5a90a74d4,101|104|107|113|114|115|120,101
34dfd6407cd60137376a3d51e1ee0ac83d36397b806f1be90a2f3bc8f1bffd54,cgt,main,0x40360631db85eddab268dd1b6ffea4377733e125,2728a93396d2ccc39c3b971ea92defce,07d67b5c40a17616d92a2c1ba51888c1,,34dfd6407cd60137376a3d51e1ee0ac83d36397b806f1be90a2f3bc8f1bffd54,101|104|107|113|114|115|120,101|104|114|120
34ebfa3d54a6a470277ad53cdf81e1d169766d3e474e77407523652ab8e5d14e,cgt,main,0x6d5cac36c1ae39f41d52393b7a425d0a610ad9f2,3bfee55e115ecae19dcaeb3878a83b09,b8dc284b600286f3beab0a7aacd9dcde,,34ebfa3d54a6a470277ad53cdf81e1d169766d3e474e77407523652ab8e5d14e,103|104|107|113|115|120|128|135,103
350920459aee6a4df652b81a8814a0529321af6c735de3a9a7ca15ac7c9c8747,cgt,main,0x97afa00f26e66bf96a7338e67ee945d1f3080b78,17e8279e80451a8c6b4f08a15efeb7d0,17a5898c7ff2e3bf0d338bfae9ce9c52,,350920459aee6a4df652b81a8814a0529321af6c735de3a9a7ca15ac7c9c8747,101|104|107|113|114|115|120,101|104|107|114|115
3537892c113b585a7f8a7e9a3b037319aa16c44bd87a81d49ac25620dd07452a,cgt,main,0xe477292f1b3268687a29376116b0ed27a9c76170,0b10dc6c857c1326520a80217705d7ae,b6c2e42af7bf9cbeaee8f61cdeafd2a1,,3537892c113b585a7f8a7e9a3b037319aa16c44bd87a81d49ac25620dd07452a,103|104|107|113|115|120|128|135,103|120
353e6d6f0eaab07867c89de70026a2d57c7d567c62adbfbb17746af04b7859e8,cgt,main,0xb02ae0bd0e1431337fce668d76a6ba4b6ecadd84,771a6b59ff65bdb355c5be2eef0dc836,f29c5d61f42ed4931ec2e9fe5a3ede71,,353e6d6f0eaab07867c89de70026a2d57c7d567c62adbfbb17746af04b7859e8,104,104
357e4150eee6716e24a5c669c52e16d19d2c60dca66fbe260a9b1d89639d57ed,cgt,main,0x6e7f987907320630b7880eecc26b17c0d9afa7b4,2db1f2b723c364c27dc01d39ffb6c640,4617cedf85dad3758481933f658bb8a0,,357e4150eee6716e24a5c669c52e16d19d2c60dca66fbe260a9b1d89639d57ed,101|104|107|113|114|115|120,
35a4dbb641df40f7c4d2cb0192d512c6c3a23b9ad49fededbf3798ee6e77f267,cgt,,,1a3fe4812c93ebc8c58f314008aec5f5,ef3be94785d8287cc6a49b0e5bba54cd,,35a4dbb641df40f7c4d2cb0192d512c6c3a23b9ad49fededbf3798ee6e77f267,128,
35ce200660307d028d1c0b8aa370ab5e2bc414cbcf0f26ca997ef602851baaff,cgt,ropsten,0x8bb1bfdb49b4d75b2fa1291e2a897d66cc6717b3,395c742601043a1b4a9b58810b09e80f,80c7a33286964aaa2b070ae13d225d04,,35ce200660307d028d1c0b8aa370ab5e2bc414cbcf0f26ca997ef602851baaff,120,120
35f2ff908cb5453e05bff1b3a52060ed18b065c7da4268862c96ca381d7c72c0,cgt,main,0x23166b7900d968f2a2100829b0a19540aa2f7cf1,961c2c332be113d26636db133ebaf514,ef8e6c6940cf0de55ffd1c961fa553c5,,35f2ff908cb5453e05bff1b3a52060ed18b065c7da4268862c96ca381d7c72c0,103|104|107|113|115|120|128|135,103|120
36616f0a9ad7e067c6fbd3654adf08c5a6d46ed87fab63bcdfb9e08df7c0c2d5,cgt,main,0x87902f1b5d50d1f71a17bc2ea613d38510e9aa67,d658f9a6f5c1fd35cd09c298c42a83b9,f611f0f6eaf5b8fc98ebe4803e33d6af,,36616f0a9ad7e067c6fbd3654adf08c5a6d46ed87fab63bcdfb9e08df7c0c2d5,107,107
3667c835b06cf3af533712f4261fc38c1546d0333218435a3fd0001447ffba8c,cgt,main,0xfd26d4fedea09da1bb2c4e410c747dda72fdb506,3b5820e1529ed0da9d0028bcb67b705c,93ed507a18c963b5b048855506e415b2,,3667c835b06cf3af533712f4261fc38c1546d0333218435a3fd0001447ffba8c,103|104|107|113|115|120|128|135,103
3671174c40f7ead40a8fbaf1a5833aab4d99ab54987f2df6f2b12643aee20a42,cgt,main,0x53b88f58521ec728193b93b0a33d438665c6e8de,250c71887910ecf7f7e58b9cf2d8527f,b61a5f6cffde7479eb16d8a45b3c1ee8,,3671174c40f7ead40a8fbaf1a5833aab4d99ab54987f2df6f2b12643aee20a42,114,114
36ac90a5369f54624c36eb8876093e04ab129f3064f58382898c28116855c39b,cgt,main,0x19cf8481ea15427a98ba3cdd6d9e14690011ab10,333779dc1ae44fc3b080dba01f1582cd,5a175351a63a170d1c248b21b9b8b2ca,,36ac90a5369f54624c36eb8876093e04ab129f3064f58382898c28116855c39b,104,104
36bab9bb633883213933c4fb39eac87be5727186288c42b11b88ecb53130f1f4,cgt,main,0x8ba49452e12449240425de9895b1aa51f5f3b90d,8f78f9841249b49f3ae21fa8d7e405d8,765070083647671d965e26898783ad9a,,36bab9bb633883213933c4fb39eac87be5727186288c42b11b88ecb53130f1f4,101|104|107|113|114|115|120,101|113|114
3700b7632441147de48b495f5126fa82bcd0d9625015d989943faff14a6daa53,cgt,main,0x103c2c150a2dbcc277ee084c59881978060c8c22,023aae0e6bb6773b515dd83215993504,aebe4cb04f224c913f526e9afbec93b0,,3700b7632441147de48b495f5126fa82bcd0d9625015d989943faff14a6daa53,103|104|107|113|115|120|128|135,103|120
3713655c6ec471269b85c25c124f0d178e01bacd49c29854a3b81300220a87ca,cgt,main,0xdce94f49e659bd1335213a6e1c54d6cd171f97dd,6690619bd28e73943bdce3f7d8f4338e,a07e310e0c36364f2267740c5f4be99d,,3713655c6ec471269b85c25c124f0d178e01bacd49c29854a3b81300220a87ca,114,114
3739b1f41dd7b5643a0ec14e5e2cb548e2cdde582fda9a95e012a0a41afe1fc1,cgt,main,0xc85b0c4874b8f06bfb3f9b65f252d60f962e60b7,e61d1a7b9aab52df0a959ba32ac86966,fcbf62ea14d6dc898657cd0f285dc074,,3739b1f41dd7b5643a0ec14e5e2cb548e2cdde582fda9a95e012a0a41afe1fc1,104|107,
377e509fc229b78de55d07d9b8f75f809df0705c40c67be110ac9ce2a814ca6c,cgt,main,0xba3e14a7f0169d86fc1389ad40ca4356a1404640,941030814e2ede8d8869bc6bda67956e,1070f9b156f7e733b8529980afdee39f,,377e509fc229b78de55d07d9b8f75f809df0705c40c67be110ac9ce2a814ca6c,101|104|113|114|115|120,
37ae25dd0f5fec77c8cd068627d593c1d629eb19da3ac332f930024e20e738b1,cgt,main,0xee462a6717f17c57c826f1ad9b4d3813495296c9,af20af61b8d9773534fa35a969a55d52,36dfe9ca158edb3ff6676dee2cd34cf3,,37ae25dd0f5fec77c8cd068627d593c1d629eb19da3ac332f930024e20e738b1,101|104|107|113|114|115|120,101|104|114
37b1f74b45265ecc10aa7dc00222d7621fc08dd0a8bb033d3b903ecfa9fcca88,cgt,main,0x2071f61de93ca756f83264a7f4a661ca0383742e,b1212437ee9ae7697b4d06cac605431c,447a86b74941a87ab67bdcf3c05163d9,,37b1f74b45265ecc10aa7dc00222d7621fc08dd0a8bb033d3b903ecfa9fcca88,101|104|113|114|115|120,101|113
37ee346ff340794c93f82e8d3049b13dda3c1823ef4353968c35c7834ff8c6ca,cgt,main,0xee2157c15a43be80faac64801ed89c8d8e2c4d3a,fd3dd4d0b4bd744c4f7957af10d00ea3,aeac88ee822f0a6e2bc5b22797ef94ab,,37ee346ff340794c93f82e8d3049b13dda3c1823ef4353968c35c7834ff8c6ca,101|104|113|114|115|120,
3811f701958473df4f5d4fb3c181d93ac114af30e737243f7af9674fd536c5c2,cgt,main,0xa9d68bcca2ebfb5293ea9102cf4ea0090c3133cb,df54f8e6a6e23e250b4e98dd3277befe,975b5dfde12703011ab62b4ac220d981,,3811f701958473df4f5d4fb3c181d93ac114af30e737243f7af9674fd536c5c2,120,120
382169733e1113b15fdd65f343d7fab927e59cdb10b2f9e3e3b7b083d0b65ac7,cgt,main,0xef71862273817c9e082ca2c92486c8dcdcd9356f,a934ad9660f82800117f5b132e37ab77,ba178fc3fb19757ed8a7da6f6a88e3e1,,382169733e1113b15fdd65f343d7fab927e59cdb10b2f9e3e3b7b083d0b65ac7,101|104|107|113|114|115|120,
3824ca755a73556d1d8cb57cdde29169bdefe39cfeb9d9050ee4e9cfb9e677cb,cgt,main,0x138e8f61c1e1908e145c02a12879f68051499d21,0809712cb55e8df90c774737bae35749,82777a2f7f2081976eefe80718ad6e52,,3824ca755a73556d1d8cb57cdde29169bdefe39cfeb9d9050ee4e9cfb9e677cb,,
38383d0ec8d94c65ea45ad621e376a30bd9d8dc3a8c39fb37957526ad04fd021,cgt,main,0x05580ac8bdcdecee70c39592cd07c303992d58b8,5a8a8b0e8aa3d16bc1a12b09cea1d2d1,9222af7e56fd4e62260d2906dd9e2ba6,,38383d0ec8d94c65ea45ad621e376a30bd9d8dc3a8c39fb37957526ad04fd021,103|104|107|113|115|120|128|135,103
383cd3d3590ce0b6a834fa55dacfd1375c876c7246127caae5d81a9f18c8e4d4,cgt,main,0xb2048d829482dbc9baf6951c28909e5c49686041,2e6d009bd17b133fb6bccdc6596be67d,4d28e8cfafe7821deddc6972f6c59558,,383cd3d3590ce0b6a834fa55dacfd1375c876c7246127caae5d81a9f18c8e4d4,101|104|107|113|114|115|120,101|113|114|120
38cf61496e02d839cb0d6b3bb8f0d2d7de0185afed8beec134ef6637344053e6,cgt,main,0x60a76ea79ebc7264f2897ee7fe4f33f31ef25a74,fb31d67a7520b860c475ef92159bc776,15cca1fcc2e216a4e53728d01dd86db9,,38cf61496e02d839cb0d6b3bb8f0d2d7de0185afed8beec134ef6637344053e6,101|103|104|107|113|114|115|120|128|135,103
3915d6a91368660b768bb922d4f1d5b1107c2ece649cc8e2e7cbad553bd52393,cgt,main,0x606af0bd4501855914b50e2672c5926b896737ef,4933a074c8e52811fd105cc7960956d1,6e05aaf53c42be77f85161f6328acab4,,3915d6a91368660b768bb922d4f1d5b1107c2ece649cc8e2e7cbad553bd52393,103,103
391a7b6c4dd81a9136384a6367d892de2922d03ed198a6a228cd2987412ee213,cgt,main,0xff821e51150dea3ca4d201d0df4e568dc9e03239,bf5269b022133280187cc3100be46985,ca3d8fbb2ea49f93810b316a855cc450,,391a7b6c4dd81a9136384a6367d892de2922d03ed198a6a228cd2987412ee213,101|104|107|113|114|115|120,
391e6fd01f0e9e195a88e49f518ffc80e69ba5edafc5732f7030f2d4f82b0827,cgt,main,0x090fc358fa1a992c083590c7dd33ad5208a02e9d,981bab474b6412439e6121e3b6e15970,84a49aa4c6b9af2e474e9d43c5d557b7,,391e6fd01f0e9e195a88e49f518ffc80e69ba5edafc5732f7030f2d4f82b0827,103|104|107|113|115|120|128|135,103
3926f2a8611526d26b53122f860ccc14eef3447da2c552a8bd4d77d1adca6859,cgt,main,0x23a20f8e0b5c79f39a2b4395a610a60fb30bc71d,a11c05c78ff05b2bf7eb97913be8147a,d082aa9e5b817fdfe056b215fac46f1b,,3926f2a8611526d26b53122f860ccc14eef3447da2c552a8bd4d77d1adca6859,103|104|107|113|115|120|128|135,103
3939d65c550073d78965eedd889192c73434cd260be92e0071c2e858aa57450f,cgt,main,0x7ac31c0c26e5c23259d0b41e3d74bbecec0ebd3b,b1c0f0dec3dd94008491b16cd4531e52,6f56710e7903c3403570519dade8caaf,,3939d65c550073d78965eedd889192c73434cd260be92e0071c2e858aa57450f,101|104|113|114|115|120,101
3952353c91fbc43a6584bfb056f44d5de23af9ed4e48a6db21d600127276911a,cgt,main,0xb28a3dd24036151c819c6d401f7a222d9aa3671b,e3b91d78de077e8884b165310f567049,3c7997bead9d5d612aabd1cbc2a7a76e,,3952353c91fbc43a6584bfb056f44d5de23af9ed4e48a6db21d600127276911a,103|104|107|113|115|120|128|135,103
39598f7f98964c154066d128785ace32e14c5bedce4910c6575c2bb177a03921,cgt,main,0x8e280f0ca5183a6bd12ac2fcb5fc7ad0c5dc6da4,0d965757a9749c88fbba27ec91be2cc3,8eebf812207c8d89c8558bc238742ee1,,39598f7f98964c154066d128785ace32e14c5bedce4910c6575c2bb177a03921,101|104|107|113|114|115|120,101|104|114|120
3995bbfb8d529988f048739eb89d71e922bf5565fad61d497f1b983240d49e63,cgt,,,26ab603508b760277dfff2d3ce1fb572,626237e1c99cec9667555e3e2b9561ae,,3995bbfb8d529988f048739eb89d71e922bf5565fad61d497f1b983240d49e63,120,
39b16e9a06fd0eee2d94abeb7fae5a58da04b41ac3fba8db6f5922f622485788,cgt,main,0x177b63c7caf85a360074bcb095952aa8e929ae03,029152c12d24375c8375c46ab8d6863a,71bfef10994c0b0607b4b50ac83f5712,,39b16e9a06fd0eee2d94abeb7fae5a58da04b41ac3fba8db6f5922f622485788,103|104|107|113|115|120|128|135,
39c0f90106b9a24b290d3949fb839e64dca15f3badead17bd9d499539f264099,cgt,main,0xe2e4d0d3410cd3e81bfcb7dad364dd168bb499f3,d2106c30a66d2b03454f4d83004bdf79,65eab4147b38effc8aefeab45588f7af,,39c0f90106b9a24b290d3949fb839e64dca15f3badead17bd9d499539f264099,101|104|107|113|114|115|120,101
39c56f19af40e9568c6da9df250a858324e765e102a9a06ec6625b01762dea11,cgt,main,0x5e15b97f325cf98f22b109a3c1f9c81357b7fb39,02711422473be5aae9a4b7b6c9378f47,99a2b49e58e463e52ca0be74d9855bf9,,39c56f19af40e9568c6da9df250a858324e765e102a9a06ec6625b01762dea11,101|104|107|113|114|115|120,
3a28746264feaa7bdc6b5e6412288db940288de0715dc092c575e5ad595ee01d,cgt,main,0xbf4ed7b27f1d666546e30d74d50d173d20bca754,5d91cb16ead7ce9995db84f4f3e0eb8e,87f23f9fefa0d18123236c178e134307,,3a28746264feaa7bdc6b5e6412288db940288de0715dc092c575e5ad595ee01d,101|103|107|114|115|120|128|135,101|103|107
3a58ec73fbd8e8cbe2e2ca7cf2f37aec0528a6b9e2763f6daa217098803a90e0,cgt,main,0x36649d5c33dff01abe05f769e5f2a1e8de178695,017a0b10dea4984195b2df0642ad0e00,bdeb39267b0d49893132323c95435b77,,3a58ec73fbd8e8cbe2e2ca7cf2f37aec0528a6b9e2763f6daa217098803a90e0,115,
3aaa9149610cd8e73340e20d1a639c44a9aff6183b192659092972f251a3eaf4,cgt,main,0xd1f0740ea97aab8430d69d12d00443a5a84f5d87,7c885cd8c096578e3e7135107fc0ccb9,5660431ceaa80ef43c3b2590fec9cf58,,3aaa9149610cd8e73340e20d1a639c44a9aff6183b192659092972f251a3eaf4,114,114
3aaaaae8754b6de26906cd12c1d761e49f0ee6a3719d534b4785130a0172f189,cgt,main,0xd934ee44c22fe8cf0f43bf66620b3001d9172904,1776952954d8bfe93d7f94da59ff6b03,edb68aa1332940244c6cf4ecde9bbc75,,3aaaaae8754b6de26906cd12c1d761e49f0ee6a3719d534b4785130a0172f189,101|104|107|113|114|115|120,101
3aca1ab6d198c730d5a12702ce578bfbb848a34d7abf2376bf6984fde41aec27,cgt,main,0x7a1f4c713b7ced54b86a3baca9cbda91d2ef27fc,f4b4933a71a8111537aa3413a7b21c8d,a90324844879e9f620365b80ca84f202,,3aca1ab6d198c730d5a12702ce578bfbb848a34d7abf2376bf6984fde41aec27,120,120
3ae8cb56f3c06289a224ba62fc263c269ff3bb2e72f55d63bce99d93fbf30ed9,cgt,,,8b7d1771a6d9613a7446d6e1826be358,96698c984692e965abd73c8c0599202e,,3ae8cb56f3c06289a224ba62fc263c269ff3bb2e72f55d63bce99d93fbf30ed9,135,
3aed182b97520892b1ec1f7ef45adc12b5dddf758a60ee0a08a9f973e754d2e6,cgt,main,0x5dc8108fc79018113a58328f5283b376b83922ef,7842ce0bce453c8ef1711629faa967db,a8242d18ce0eeb075a30c74c0cf535c5,,3aed182b97520892b1ec1f7ef45adc12b5dddf758a60ee0a08a9f973e754d2e6,101|104|113|114|115|120,113
3afef7f77ecb297c696922a8032232dc2435443c4fb7ab2a50a819b9be27634f,cgt,main,0x31e13882c45c1023d9b16c3794c1a780bb6cb88d,f8b39d617f30328187eb701d1e409ff6,641c3241ddfde9bbc055d4ad42b381f9,,3afef7f77ecb297c696922a8032232dc2435443c4fb7ab2a50a819b9be27634f,103|104|107|113|115|120|128|135,103|104|128
3b034274f635c1b8807bdf30c4f1d53b7a2c1f06244b1ebf5b52c78a0a005413,cgt,main,0x779d8114f5a6310742d70117a13bb300d751038a,34a5d16060185642feb253a17b78497c,609436555fd8835af23d8d8bddec68f7,,3b034274f635c1b8807bdf30c4f1d53b7a2c1f06244b1ebf5b52c78a0a005413,101|104|107|113|114|115|120,101
3b19aec9b4f623291a7c05b10f0839dac584b34758135c797bec1e9d61539ce1,cgt,main,0x988b3a538b618c7a603e1c11ab82cd16dbe28069,e424f9ebbb6d5a82f7cb94591b942970,cc81a3ceebbf881a8b89ff8ff2cafd00,,3b19aec9b4f623291a7c05b10f0839dac584b34758135c797bec1e9d61539ce1,104|107,104
3b5f5ab5bebc59ddc617597f6210bd95f1f44f82e2655d8186489777cb9a80fb,cgt,main,0xe8200511f3c276fa7300719f9b45301bc471f4fb,50b97053f342ac8c8580b9a8cdb0e73c,0e9874bf2745445c7afdc27ad1c2c936,,3b5f5ab5bebc59ddc617597f6210bd95f1f44f82e2655d8186489777cb9a80fb,101|104|113|114|115|120,101
3b96fc1dda960d53fb8dc09cff826c0506252ba3aa9d7cfdfe4e97d60520a31f,cgt,main,0x44e3d147188de99a1ff0799e77c03724c2032ad6,c5f4dd32e0662d4fd6fb8f26ee2cc55b,8a3f31aab99eaa54ee25c62b17fdc814,,3b96fc1dda960d53fb8dc09cff826c0506252ba3aa9d7cfdfe4e97d60520a31f,101|104|113|114|115|120,101|113
3ba42b939ca9aa5ea2bc7347fa3a554c7b44732b774d67d8818c32d46c86923a,cgt,main,0x06194c50a5a85bb1fee0e73877eefdef64466514,042251ba2c8a54f105050b7163736288,c6f278bb9f117a6c7efb670ef26d4f1c,,3ba42b939ca9aa5ea2bc7347fa3a554c7b44732b774d67d8818c32d46c86923a,101|104|107|113|114|115|120,113
3badcb9dfcb3afa7f0ec7adae67016e8e79c03d0c6cf407115deab1d9748f051,cgt,main,0xa0139f5ab522c86d7f377336c50eefcd6caf696e,4a2725e5253fd246f14dfbce396b0d86,cacafcd918c567ab24392d60b916c83e,,3badcb9dfcb3afa7f0ec7adae67016e8e79c03d0c6cf407115deab1d9748f051,104|107|113|114|120,
3bd23b754bc80da9c6614ec451f6b2a488e50292be995dcb6a5be560ab646bb2,cgt,main,0xf665069a0ee102ceadbd80690814473dbdd56ac8,ae35ad1ed22c85881619bb958ddbba14,d9c992d94d45f1d7f8a7427b7a383553,,3bd23b754bc80da9c6614ec451f6b2a488e50292be995dcb6a5be560ab646bb2,103|104|107|113|115|120|128|135,103
3bd5fe1383b6070b924ba7617dfe8f9358b080802e11d80c10415bf938810ae0,cgt,main,0xc70afb5612b16d36d2204052f81932064fd084c5,d127791a51269ec4f8b247150719b002,0205e9c2ee9e58896bb13d3266ea171e,,3bd5fe1383b6070b924ba7617dfe8f9358b080802e11d80c10415bf938810ae0,103|104|107|113|115|120|128|135,103
3be5bbd8c3dd076dda389e5973cb4af8d24bd8d35dcb7638e564a6835937bc8c,cgt,main,0xbd6bfb97124bce7cab703e6aa6968706c5f0feea,57295aff78695ab23ac74e2abb46d80c,42350e8ffa0db912fd387f9e8aa9b8de,,3be5bbd8c3dd076dda389e5973cb4af8d24bd8d35dcb7638e564a6835937bc8c,103|104|107|113|115|120|128|135,103
3c2002b893417deb2992d96eb0edd8d3d2c382526fa5f1a714f12cddacd58091,cgt,main,0x49edf201c1e139282643d5e7c6fb0c7219ad1db7,6a20b3e19048139b39d9102e65796048,67c30580205f751226a091d950604b7c,,3c2002b893417deb2992d96eb0edd8d3d2c382526fa5f1a714f12cddacd58091,103|104|107|113|115|120|128|135,103|135
3c55be6b58d58ce2cca21ce1e131fe24c0a6d245e9a5655ccc35d46d1925650e,cgt,main,0xac44b0c61c20c5063e22d3a0ff67f13afdfed103,416729035c19fd54ea4e2ed5c45b8899,b6628f6ecebcbba9c4109d5f85714e1b,,3c55be6b58d58ce2cca21ce1e131fe24c0a6d245e9a5655ccc35d46d1925650e,101|104|107|113|114|115|120,101
3c589bc6d1ea5242546e98988c15b871de4ee2ae4ee465dc4d013ee604a601c3,cgt,main,0xbf91b27fec3146a1b36069f92337a0ea330725df,e16f148f2a60809a4ca7795df71ec8bd,41789041bab0a546f357e92f500769c9,,3c589bc6d1ea5242546e98988c15b871de4ee2ae4ee465dc4d013ee604a601c3,120,120
3c5efddbe7d8340eed6f5234064fe24ddf5e9c4efe30906f4133927be2bd449e,cgt,main,0x87e093f4a39bc0f486f59e45af64d2d669d61b5b,6bebece37bebcc35937281fccd955a9e,172b1f9afcac6439022d7446800c76c3,,3c5efddbe7d8340eed6f5234064fe24ddf5e9c4efe30906f4133927be2bd449e,101|104|107|113|115|120,101|113
3ca82fc722b20e1a813be230a3bf6c5e72e0cb86efc73f9acb9e9b78c7ef2bd1,cgt,main,0x0b9e9c56ec900fbea85546444458d3c31ab60572,0eaf5caadcd5d170bf7954c3e6944fd8,3b80d35d83cfa9b3b7cd3d8559601617,,3ca82fc722b20e1a813be230a3bf6c5e72e0cb86efc73f9acb9e9b78c7ef2bd1,103|104|107|113|115|120|128|135,103
3ce1596b142b54ea854f47f39323457eb0253fb74bc112c220e921be7029967d,cgt,main,0xa409b8561802134e4b9d58ee0d1af495db3f8fb9,a647ea58842de145c9a31c785bcdcd24,b5105e1bd1fa80a9057c879ce1ed30b6,,3ce1596b142b54ea854f47f39323457eb0253fb74bc112c220e921be7029967d,114,
3cfcd9a059ee612ba3a998aff6464895331ed9c1acb747edb70fdd578bdf5aca,cgt,main,0x361adf7ac4dff1ef44a240050136ba3d2805ef1c,a1ec6f491effe93070bb0d981ae1fa18,e1650f0c0edf424c331e7d6b8d388095,,3cfcd9a059ee612ba3a998aff6464895331ed9c1acb747edb70fdd578bdf5aca,101|104|107|113|114|115|120,
3d13cf1486f2700e98b54defa60723bc703c7d5959f6aff86d10b2bedcdcf84d,cgt,main,0xebc7fdce290d380a295d6024b56b4d7fe410f53e,6b7811cbbf7cca083e6313b5b5042932,bc41a805602a4e4011dc18c8703a120e,,3d13cf1486f2700e98b54defa60723bc703c7d5959f6aff86d10b2bedcdcf84d,101|104|107|113|114|115|120,
3d3ed665b31869f4d565545829c1d7668523ecce4c30beb13047cab44bcec1f2,cgt,main,0x5101f2356bd03ca2946ab1c18ca47284849e5814,25f59754b1b5b903daa98e4eb2a96636,98c72dfc935b5427cdeb4799c4964f2b,,3d3ed665b31869f4d565545829c1d7668523ecce4c30beb13047cab44bcec1f2,101|104|113|114|115|120,101|113
3d43ee15fd111ccbed43dbd00ceb241923bd24ad75416b31eae1ea1a323f4716,cgt,main,0x241c248b0db328e25921a91d04f43c985dedbd07,ea16a80e56ec998a79a901cadd4ed867,a9ad1e4e6055b38f5588a06e8626aaf1,,3d43ee15fd111ccbed43dbd00ceb241923bd24ad75416b31eae1ea1a323f4716,104,104
3d59a00c9583028040c07ad092000e1e148c6fb2b7e44c45c37559fd58d10689,cgt,main,0x1738b62e403090666687243e758b1c29edffc90e,e079e33ea7c5ed3403108e4122396581,b3c3037994b3d1c78857651b96753e40,,3d59a00c9583028040c07ad092000e1e148c6fb2b7e44c45c37559fd58d10689,120,120
3d67e34912ebb9afb42bcb5e576aec1f8b8d0daad3af46ab4db8833586be1195,cgt,main,0x294308484f47ff5a833a284ac6949eb02728fbe4,5fce683c9cb0aeb4bffcab85f697fa8a,75e56c73dae9e23336aaa4f9d893cae1,,3d67e34912ebb9afb42bcb5e576aec1f8b8d0daad3af46ab4db8833586be1195,101|104|107|113|114|115|120,101|104|114
3dc442507aa24bc7471664f369a36d8c52ddb55781d7f82e9bfdd3aef12b902c,cgt,main,0x3b6d241e1b38776c2efe944e7012239ed59334c1,0891473f29acc9317b5f390c4905080c,4e2d821db2475f02b7f22234adf9ca81,,3dc442507aa24bc7471664f369a36d8c52ddb55781d7f82e9bfdd3aef12b902c,101|104|107|113|114|115|120,
3df708683526a9bbcc81cf475ee19110ca06a64b268a106998ea81d3d9781ae3,cgt,main,0xee2174d786b5e08425a576c5a618c3207d10f1c0,5144afdb83f9083d0cca8debdc42b0be,be9877ce9ac35e922fa3827b70a58372,,3df708683526a9bbcc81cf475ee19110ca06a64b268a106998ea81d3d9781ae3,101|104|107|113|114|115|120,101
3e0921c20fd2e43a60664a1b7572f4e868618362ea63756b489818524373c623,cgt,main,0xbf280a05a1aa9360fee28b61ba0b01abbf16ba49,018e455c5a1273ce6be9fecc631eb65f,1022b0e80e2a90f3955f5674b27895db,,3e0921c20fd2e43a60664a1b7572f4e868618362ea63756b489818524373c623,101|104|107|113|114|115|120,101|104|114
3e4727a84b134dba4ebea9193a02cd7ca56ed62a8ac3a25d3e2a9824c789dc1a,cgt,main,0xa85ca955b27dd80cb428a26efe842897694c311d,09572288f2ecf96a5472de7c19b4da82,9f61f2a6eb1c942008c21efc04edf1bf,,3e4727a84b134dba4ebea9193a02cd7ca56ed62a8ac3a25d3e2a9824c789dc1a,101|104|107|113|114|115|120,101|104
3e508877fe8a8f78448c0f40afa250518c4f3d692fe76939e5f624528490b0f8,cgt,main,0x160564d346f6e9fb3d93c034f207ecf9791b7739,a47e17c54736db23635b3ef06b769cba,75c89f8f2cf52a1cfb048594281a7eb8,,3e508877fe8a8f78448c0f40afa250518c4f3d692fe76939e5f624528490b0f8,101|104|107|113|114|115|120,
3e9540b89804a179ea6c19fec18cca5db0483273c9c5fda2ededf236b0478027,cgt,,,ec0663d97878ee69d971aa90dc5dbc8e,1c3a619561698c78e5cc1239e9f78ef0,,3e9540b89804a179ea6c19fec18cca5db0483273c9c5fda2ededf236b0478027,107,107
3ea627b566119c562dad97e293556c9ab2486cbb4590ff86842bd79152072aa6,cgt,main,0x472b76c61aa0eb8134a8eb1220c2598f33ce6b67,c4bf3fa358efcca528e0872f22fd4962,a26f5a65e47666d5dfb4edbbf3afae85,,3ea627b566119c562dad97e293556c9ab2486cbb4590ff86842bd79152072aa6,103|104|107|113|115|120|128|135,103
3ec25152c01c9cac68751d7c287c7dc5f40b62a267cc7c9da3f620e3b213818b,cgt,main,0x276c5c6ca8507ed7bac085fc9b9521f4f54b58d3,8359f05cfe8ba6cb1dad84e4bc2aa5e9,00ae1d2932d347bd26865fbf19ed3187,,3ec25152c01c9cac68751d7c287c7dc5f40b62a267cc7c9da3f620e3b213818b,101|104|107|113|114|115|120,101|104|114
3ec94e58d4c8d755b83a4f277fd02c09c8f9bd9615520d948dffa1556a05d2ec,cgt,main,0xb4e348c10b8f1dcf2b5bc524f1f2ab912fde4048,ec1d49c97e52226561fcdc697c5a3042,839b3410c38219c838605a3a5ab26b6f,,3ec94e58d4c8d755b83a4f277fd02c09c8f9bd9615520d948dffa1556a05d2ec,101|104|107|113|114|115|120,101
3f52644032e3b732a4935709f78e5bc5d2df4de6e6dbbe6d2e26557ccfc5d0fa,cgt,main,0x693399aae96a88b966b05394774cfb7b880355b4,4b59d818009e43d8a477ad0da99b307b,d1e9bc68dee5af0bcd184340a875f66d,,3f52644032e3b732a4935709f78e5bc5d2df4de6e6dbbe6d2e26557ccfc5d0fa,101|104|107|113|114|115|120,101|113|114
3f902696c86131b16f474080447a1c0524f1d65a1fa8ee269949017d71f18510,cgt,main,0x14f109d126c58b5bf55cdc51b9bd90b21e6a6de5,5f2fcfe362f946bd6d54140e2e49d9a0,493045b56147b1e8c55658fc24850ec3,,3f902696c86131b16f474080447a1c0524f1d65a1fa8ee269949017d71f18510,103|104|107|113|115|120|128|135,103
3f9675127d30bdf878c2b13bf78e0f02df68a43ad2f51bd25463780eeb106cd9,cgt,main,0x772cba2f87f92e95bb8ffa96187bbedebbb484d3,627385b2536494773e0e428646856687,bb505b92ea6d0f0be148fbdb34c63547,,3f9675127d30bdf878c2b13bf78e0f02df68a43ad2f51bd25463780eeb106cd9,101|104|107|113|114|115|120,101|104|114
3fe5312707880e99dc4bd6c98dc83e65aa57468b3526d9a012dc78bba91f5517,cgt,main,0x4a412fe6e60949016457897f9170bb00078b89a3,5ffe289aa87364f569eb8ad2ad82abfc,3bf1151a696067b433a75cbdcfc5a803,,3fe5312707880e99dc4bd6c98dc83e65aa57468b3526d9a012dc78bba91f5517,103|104|107|113|115|120|128|135,103
3fe65f89b6b9178f7b8235adf7a733b50371a936a86f4609b1bd5ea7d9e9a2b4,cgt,main,0x3c77aa555d07b16564b8a82738853c6ce45697af,2b04601dac0b5ce2713e1bab9c06f301,ec6a9e556bb2c9673771c336a1949ac1,,3fe65f89b6b9178f7b8235adf7a733b50371a936a86f4609b1bd5ea7d9e9a2b4,101|104|113|114|115|120,101|113
3ff42e92714cd781a8dd4c82fe4c463f311348acfa32a971e06639a7c5350aba,cgt,main,0x8a8ca863f73992fcc43dd64c7261ba9dcc8e2181,b44d21518ed97c2a0e19a6b32d3d9a2f,0746fa551d2187f072dcfd4cff8d8137,,3ff42e92714cd781a8dd4c82fe4c463f311348acfa32a971e06639a7c5350aba,103|104|107|113|115|120|128|135,103
40552861042a735ae457fbf5ca740d6fa3b95819d796172624b3f0522df35cef,cgt,main,0xc1caec30b787711108957660a3f9306a5d967f66,4c8b2c45fcfe9c4ceb4acf35692507a5,05b38d941d763f0ec44b87ada4719ce0,,40552861042a735ae457fbf5ca740d6fa3b95819d796172624b3f0522df35cef,101|104|107|113|114|115|120,107|113|114
40677982371abb2aa882093f88d7e86fa5caf96c0c4e4dbdff522f4ef7578444,cgt,main,0x968fb04cdede76860e00324fb7d37338c0404e6c,dec30570b5c4b40d436bfd5481746cad,6f80483d166685e49b80719eb76962b3,,40677982371abb2aa882093f88d7e86fa5caf96c0c4e4dbdff522f4ef7578444,120,120
4098fc04f619aad24d9deef84cc3445d4c71007517279bc65ac86cb3da430e02,cgt,main,0x46ee746d396bb2808e8fa41dc658036aee51d857,7df196edb3b505ea375c7040bb0b3797,2a78b986b6ca848cc07f13bf80bcb47d,,4098fc04f619aad24d9deef84cc3445d4c71007517279bc65ac86cb3da430e02,120,120
40a9459cc8456a5ab9ebfa1a9b40689a7f70dbaa83ddf7dd2e1c7a8d87693aa8,cgt,main,0xe82719202e5965cf5d9b6673b7503a3b92de20be,c4e75b39ca62a7232ce8adf8dfc32537,a270a2d423a85b5717e37ef54329f6a2,,40a9459cc8456a5ab9ebfa1a9b40689a7f70dbaa83ddf7dd2e1c7a8d87693aa8,101|104|107|113|114|115|120,101|104|114
40d61744251bff2df36c8b52d6fadc957ad95919a1cc5f77d6827a17755d4017,cgt,main,0x23141df767233776f7cbbec497800ddedaa4c684,a3e06fbd645dace0828b795e40bbd905,f2f9da59a668492fce9d566357f5d7a7,,40d61744251bff2df36c8b52d6fadc957ad95919a1cc5f77d6827a17755d4017,101|104|107|113|114|115|120,113
40f9e4fc4ba5a8b1a7afce2a3cca769d82787acff79cfe0a4c49004593089c1f,cgt,main,0xd77c717b04d056902e6304c9be464d12aefb9db6,b7caff388abfbce406b82c1903dded8d,8af99e5233f4b6b474c9119990ba253d,,40f9e4fc4ba5a8b1a7afce2a3cca769d82787acff79cfe0a4c49004593089c1f,104|114,104|114
410c22a6afa6a17a9e3797fb7e5bc4adb9f82276ace8c7405cc66a5ba34840f0,cgt,main,0x402b92b00552409ed1ad83a74ff037ce1a3d7276,aed7a60094c473608546f281727a7b97,9585f31b99f02faef06937a531b9e3f5,,410c22a6afa6a17a9e3797fb7e5bc4adb9f82276ace8c7405cc66a5ba34840f0,103|104|107|113|115|120|128|135,103
4130cab38e65ebfa2e13ed1e2b62478e66697a3134231433a9a9232094a2293e,cgt,main,0x83d904a2489bae727c1037469206891d8d058d92,6759ca7f642bebde7df1eeae193d7a1b,2a0b9c6c478c2c3210c5529aaef90ebe,,4130cab38e65ebfa2e13ed1e2b62478e66697a3134231433a9a9232094a2293e,101|104|113|114|115|120,101
415eca26d10e10f73e8f8e2b32c40daf2fcfe0fd768eefc8bdb495f30131305a,cgt,main,0x83928d7a16e0cbdf77d555c405a3975d11dcf0fa,a828daf3501562bab4a42201c5597a9f,24a73152c1c30d275834b853f8128678,,415eca26d10e10f73e8f8e2b32c40daf2fcfe0fd768eefc8bdb495f30131305a,104,104
41c143e64da310a5387ab8cd8aa5d0add03920241e0ef0e73abf81f37ce90dd0,cgt,main,0xdc84953d7c6448e498eb3c33ab0f815da5d13999,e331e0ece4017da5bf99c56181439b6f,c33b396767a7bc24f323edc85d3139ee,,41c143e64da310a5387ab8cd8aa5d0add03920241e0ef0e73abf81f37ce90dd0,101|104|107|113|114|115|120,101|104|114|120
41e7e0a39d5e1cad369441a7e1856847137f631c6845d0a52c4776b956d0bdd1,cgt,main,0x3795aed9feadc5c0064a0c3ea529e46d41a2f87a,830c6dfb2aed1bdb094c7f2cae66f4f9,b6b17520270cdee78b54b2e6652932d5,,41e7e0a39d5e1cad369441a7e1856847137f631c6845d0a52c4776b956d0bdd1,101|104|113|114|115|120,101|113
41eb497376c6090a31376704b00b0b212d222f3202e48987301e0b72f32753ba,cgt,,,5a1caf9174099c5d9cf4c8dd792dc33e,cd96a74e23147340fc09183c8d0b65c9,,41eb497376c6090a31376704b00b0b212d222f3202e48987301e0b72f32753ba,128,
41f0cc5d12f4a99cd7f682068a534bae56dbc7e4ff9d14caa6b18e69b122d41e,cgt,main,0x5882d49d3511e09096cbbab7e19fbfb82f65f28d,c3fc2e9e2432a4d32da3731bb56ea835,9c03bbdd79603612adefa2bdbb6ffe33,,41f0cc5d12f4a99cd7f682068a534bae56dbc7e4ff9d14caa6b18e69b122d41e,103|104|107|113|115|120|128|135,103
41f154c692600f7520ca518e39e844ae654196b02482e049cb2eaf391383cc6c,cgt,main,0xb193cd700b152a8ccad3c3491617da397e3c1f7b,1e1f8473040ec3ea6120bff16fc82cef,7a30e9e0c06bc5d5a9c8f6cd91a199a1,,41f154c692600f7520ca518e39e844ae654196b02482e049cb2eaf391383cc6c,101|104|107|113|114|115|120,
41f863185b52da9ead3145b875859a27718027af1aa5928d36593b61d60361c7,cgt,main,0x3744942c42451c2b42f43a51ee9bb6c6ad0fdc86,1a79f86b54a5508d4b63a5acac34dde5,1d967a7edef5368cbc10ff601485de60,,41f863185b52da9ead3145b875859a27718027af1aa5928d36593b61d60361c7,103|104|107|113|115|120|128|135,103
4248d20940027a26123677f61a4cd419bb02d395c7104f61c9a3f3dfb30f8372,cgt,main,0xf29ebe930a539a60279ace72c707cba851a57707,75174c36b17cffd237aef284f4d155e5,e005556ed5222144b890469ff9ad70f9,,4248d20940027a26123677f61a4cd419bb02d395c7104f61c9a3f3dfb30f8372,104,104
426a96ceec4172fb02c522233105375ff614c7f8f7f2a3fc344937253328b40c,cgt,main,0xc1ce17303ef35c128b499ed091f39008b3a57389,49edbd8ce66d0fa08b626d59d54cef3b,9c67f1067f41a05426a5ae92b9642182,,426a96ceec4172fb02c522233105375ff614c7f8f7f2a3fc344937253328b40c,101|104|107|113|114|115|120,101|104|114
430431b1430421578cbf88e36762d4b11e82a763f4e0a855fa62c047def4be00,cgt,main,0x257586004f6828a01ba4a874d3cfd0757029f32a,90e5d244ce24dcede0aa055f401d7271,df6d695601608cad49dd4deaa51c9d33,,430431b1430421578cbf88e36762d4b11e82a763f4e0a855fa62c047def4be00,107,107
436fa5bd6760511a83bdcb9e077fbbd7cffca8d6d1c95a503d74107c6ba7b5e3,cgt,main,0xffcf7f75602157e36fbe09047e7fafaf69e530e8,95726edee258a6e72edf00a058249127,490876adac7e8e4a30559c12a696d1a3,,436fa5bd6760511a83bdcb9e077fbbd7cffca8d6d1c95a503d74107c6ba7b5e3,107,
43763ded0166cbbacf6dd8d9a81b95a23c36a4d8a18bd9ac1c1532afcff5fc8c,cgt,main,0xb5fbae0361855617c58ef95a186889f0122e6642,69b7487398b83d9864ece7eb49a91aa5,8683efc290dcbc061800b3f3a23454bf,,43763ded0166cbbacf6dd8d9a81b95a23c36a4d8a18bd9ac1c1532afcff5fc8c,103|104|113|115|120|128|135,103
43c59062eb9e16255b9b2c78a5d8618bfc0d0096ba82b8da7a73a30781d0e4bd,cgt,main,0x7f0c38d5e951c47d96d3ec96e3127c73ed4b278e,1956c1219a13d6bba5a8cd7010abc036,9dcfe3dbc67bcab7479388e530e031c4,,43c59062eb9e16255b9b2c78a5d8618bfc0d0096ba82b8da7a73a30781d0e4bd,103|104|107|113|115|120|128|135,103
43d2c9d731529e991ae36a9f97b3ccda7edbf8302be9db91a30b7120fd043748,cgt,main,0xe0cfa488bb6442d39a4abf844d5876f209f03871,5b5bc3b78515945c42e5966e05a1cf0e,6e2c415957574455aa9356901997a653,,43d2c9d731529e991ae36a9f97b3ccda7edbf8302be9db91a30b7120fd043748,101|104|107|113|114|115|120,101|113|114|120
43de5836be7f41037e4c63727f2b5d5cf2d63721a3845088d4ad781981140b88,cgt,main,0xf2b89f45cc4ebbf11a36bdb4a4b24eada8dd30a7,e0f3eb593cc34c7e9895cd0722c3c863,25ebec22a59ffec01d8ac9c55e68c721,,43de5836be7f41037e4c63727f2b5d5cf2d63721a3845088d4ad781981140b88,113,113
440639cb5c68f45a9816b17806048fd3ada4c49e850809ae9ccf61919542e327,cgt,main,0x15e745a2e3b677ec6421291b212d3917b3738dee,3fbe32ebfe0c3aaa4a87d91cb897ba33,96287c12bc721be2bf47c5f5763d9bc9,,440639cb5c68f45a9816b17806048fd3ada4c49e850809ae9ccf61919542e327,101|104|107|113|114|115|120,101|104|113|114
44190032464fd1f82b0fed24a52bf02c2d4fc683515e1c2372d07160b893aa8c,cgt,main,0x86ad220d9fee817847f03876986e6626f676b7cb,e96d4ddd38ce1f88a77b418c0d6f1130,d0dbf43aff5b50e581403f4454379f3a,,44190032464fd1f82b0fed24a52bf02c2d4fc683515e1c2372d07160b893aa8c,101|104|107|113|114|115|120,101
443a4da8ac10b48880ffcfdc59779b632bce5998d867d068e342ca361c5f96e6,cgt,main,0x19a6067538c90973ef5dc31ded5fa567f3d09059,e32a6b1fb89b8d945f8fb53c46e9f995,4b20e4978c1a1e6a94e238039c52487b,,443a4da8ac10b48880ffcfdc59779b632bce5998d867d068e342ca361c5f96e6,101|104|107|113|114|115|120,101|104|114
4444f9749e14a8522980ae6470a03b6140c1329be9fb0abac527ee85a1f8f485,cgt,main,0x291fe86f31500adf910accd02e57c702fe9d0ec3,13eb09e88563f7597fbb7081b095287d,09ceb12c2fa92d2b5428d4f0eec3d327,,4444f9749e14a8522980ae6470a03b6140c1329be9fb0abac527ee85a1f8f485,101|104|113|114|115|120,101|113
445cc0b2a65ec4ab3fd534176bac06f383cca26a112cb05139b79edf2438e9e6,cgt,main,0xde5ebd0b8879b0a42b23b37e4d76a5e21a0bef4b,2e56be4261b3e1849a9c9db0fa81809b,51d4622144508791110fda1916e00fc3,,445cc0b2a65ec4ab3fd534176bac06f383cca26a112cb05139b79edf2438e9e6,101|104|107|113|114|115|120,
446c682d5c2a1db4ef707d918a27b2a74fd76c8041d72013a4fd4d3df3d10ab7,cgt,main,0x7da82c7ab4771ff031b66538d2fb9b0b047f6cf9,4cf8b1c487be68757fe674a5e8dc855c,2a22eafb0280a2e83f40c7550ad5b735,,446c682d5c2a1db4ef707d918a27b2a74fd76c8041d72013a4fd4d3df3d10ab7,101|104|107|113|114|115|120,101
4472968c6bc12af1c2049ce629a0ac9421addce8729c3703d298881bd0957ad0,cgt,main,0xd4342df2c7cfe5938540648582c8d222f1513c50,bf4baa8b69a3e64d315b42eb23dc38fe,171bac9b9bdf89141cef6a2b8c4d85a5,,4472968c6bc12af1c2049ce629a0ac9421addce8729c3703d298881bd0957ad0,115,
447ea591becb19114c87abb2060997312e2a884b2318da5a835f6fe1c866207d,cgt,main,0xf7d02347d055bd3a1fd66a7f187c4453fb6882aa,53d488a64f8ed95446e24a7282f06145,a72b78ebf12357590fa9da60e00e5035,,447ea591becb19114c87abb2060997312e2a884b2318da5a835f6fe1c866207d,114,114
44974d2bbf3b47f089decea89bf976d0f1493d35d42217fefcf697c4e3cd5abc,cgt,main,0x6de3cc59152e19f108378984f45e20a34c9f6338,b94267b57dc93e78095e8da77800fd39,c53a1a85ff198432113627124f255441,,44974d2bbf3b47f089decea89bf976d0f1493d35d42217fefcf697c4e3cd5abc,103|104|107|113|115|120|128|135,103
44abbea41cdd04f6c402adb59475f6e61b848c22b4acfface27aad91ee35ab45,cgt,main,0xaced90c414006b622a4b1ce74fa34b1f650ab319,6c164af14db3086b14d0891c1cddc137,780353e7adb0bf29b6234d17fa3711d0,,44abbea41cdd04f6c402adb59475f6e61b848c22b4acfface27aad91ee35ab45,101|104|107|113|114|115|120,101
44b7e08920c6a751d6fb77469117f2dc7c823d50991cbd21efaa11c9377f8db9,cgt,main,0xe2c78ad6bbbd5bda29b98d47fef86975787cdbc4,90398569041b2ab59ca9f5af2182e7d9,e084a3b7fdb7a9cbfd20f4f3ce11d1d6,,44b7e08920c6a751d6fb77469117f2dc7c823d50991cbd21efaa11c9377f8db9,120,120
44eda92f6b0d6d604db2ea59f690b6d29cda998d324e3c0e543deaa01da3e715,cgt,main,0xd5abcc4c80fd01d8822f35f379fbcebf7a8b8679,a7710da959d8f359eba66b7e08aba45a,f3cfb601ec1242f268291cc5498b63c0,,44eda92f6b0d6d604db2ea59f690b6d29cda998d324e3c0e543deaa01da3e715,103|104|107|113|115|120|128|135,103
44ffb6e0facffe7ad847b62d459f1ddcba4d252e158f3be3a8e031ae85701d62,cgt,main,0xbe87e87965b96d8174eae4e3724a6d7417c488b0,a9a49a0b3d94c7f3dbb7d5ee3319f95a,c31e4684a42c209a27e07b006c4d8810,,44ffb6e0facffe7ad847b62d459f1ddcba4d252e158f3be3a8e031ae85701d62,101|104|113|114|115|120,101
4582b7c1c4ff966a1d8ced5ffc1c721703a843a4340d9e5697998573e4a29bed,cgt,main,0xbaabe94c786fe90514dc6fa68499fd93ee583a5c,610e97923fb168087fc2f5315a9474e1,5f5b584fe498a45a24ca307ddcdb7ada,,4582b7c1c4ff966a1d8ced5ffc1c721703a843a4340d9e5697998573e4a29bed,101|104|107|113|114|115|120,101|104|114
45e22465824f4eb6c3f28c0cf8029ecdf08035c8a8d0183e01cb6e06a8fac884,cgt,main,0xd7e4ad7c318ffbafbf602e32e089e7e2326a2581,1fbca83a3b130b38c9417b0b45fa9cab,ad58510582095b4b66d0e0ea83c2a616,,45e22465824f4eb6c3f28c0cf8029ecdf08035c8a8d0183e01cb6e06a8fac884,103|104|107|113|115|120|128|135,103
45e351bb8813a5de9452610a06f9884d7386c06001339debe007dc3422606934,cgt,main,0x851b7f3ab81bd8df354f0d7640efcd7288553419,886502d5cb2410b38d096c5d75b5deca,6541905491fc7a0b75803f98820da07a,,45e351bb8813a5de9452610a06f9884d7386c06001339debe007dc3422606934,103,103
45e59cc555948902a3a6cd35d7906534751a00d13e092f3b4fe039898f077ed5,cgt,main,0xb37f18af15bafb869a065b61fc83cfc44ed9cc27,7f5d5c6dec53d68caf2a2a27e8a60fc1,7e20f617b3111e279305ea414f8c8e89,,45e59cc555948902a3a6cd35d7906534751a00d13e092f3b4fe039898f077ed5,104,104
45e891dd2ae5764e04748a4f1c9b4f63b89207649a9c1ebec9ffda746291f6f8,cgt,main,0x63bccbd675267ac12e3bf57b52e95c97edae3027,7f0e3bbfaec4e00ae555727ed359fd9a,1b18cf90228a930eae3d0f402cf3a908,,45e891dd2ae5764e04748a4f1c9b4f63b89207649a9c1ebec9ffda746291f6f8,120,120
45f50ff0996a97b9e21c1776d74f213ecf5f5dc2c71a3093633ac9345b89f25a,cgt,main,0x85e4cd785887cad7c6be93f2f34d5fa683f9bfcd,bb45b0f4973054e8a613f67d803a7f60,97e3fb44221d1f619d4347a28f17806f,,45f50ff0996a97b9e21c1776d74f213ecf5f5dc2c71a3093633ac9345b89f25a,115,115
46116e95d03c8dd953165c3a7f5b6c0820ca7774cbe201090fa3d38246cd72ad,cgt,main,0xda0af93134b0e1325fda263326bb6202f82cfb94,cc672521fbea5eae9d03eab863dbd333,2dff50fac9bad8965a108e47622a6119,,46116e95d03c8dd953165c3a7f5b6c0820ca7774cbe201090fa3d38246cd72ad,104,104
46169ea5bd6fdcb2bf6dbb0d1edfa0bae3d71f75993975fb6e36a028a8db4a48,cgt,main,0x763465c2114e33886e1574e5994df1bb8cd5f160,b1e49cfdafa14c1aa999910b8ed88a2b,a132eeb2a5a9ae9976c1bd4f9d628208,,46169ea5bd6fdcb2bf6dbb0d1edfa0bae3d71f75993975fb6e36a028a8db4a48,101|104|107|113|114|115|120,101
4625e3582f5fc35e5661e3fcc88a0da2a1ef5a8db2f64981bcb0d06e59bb86dd,cgt,main,0x2492644798cb3b5162159a6e7d261fe74435eeea,44a38537aed1e005f0dfdab498328088,361a3d512b92c96d46a7f0f30f7ec715,,4625e3582f5fc35e5661e3fcc88a0da2a1ef5a8db2f64981bcb0d06e59bb86dd,104|107|113|114|120,
463c3d265e30ffa949bdcea596ec1d7b982f85db192362c56827ec17105f3600,cgt,main,0xb961339f6f7f3b020255d9281fdd3bf2eb9b4d1e,ed3e941f58be08dc2eec28f806d62cc4,274357752927ee1458ff78f684487f3e,,463c3d265e30ffa949bdcea596ec1d7b982f85db192362c56827ec17105f3600,101|104|107|113|114|115|120,101|113
468315ae506f7b4e375c011fe9715106cb0168d94ac0e2ed8238cc7be75b43dc,cgt,main,0xdc448e8a2a92a5ce799b197e982d773c605318a4,898b8d5da49d68a1e6fe1da8aaad2690,33326e1907fef296c96654cea2015c5b,,468315ae506f7b4e375c011fe9715106cb0168d94ac0e2ed8238cc7be75b43dc,103|104|107|113|115|120|128|135,103
46cede12b9f095d7ab625900e4905f52757653e2ab465409be2358254ed0b9ce,cgt,main,0x0a630de26e5b41eaef08741e74da4018a6c2e14c,4910d8d685394f5a66f061bb75abb979,dae469415a52a444c91f65fe829a0e02,,46cede12b9f095d7ab625900e4905f52757653e2ab465409be2358254ed0b9ce,104,104
46dfe1cd95235c56b3806d4257a49695d10147bb895606fbe2260e9a1615284b,cgt,main,0x7dd8d4c556d2005c5bafc3d5449a99fb46279e6b,3ac839da7d8e3d628115f2098c0c1a1b,3cdcbd1e5dc5d44e9d3532b3004ef4e8,,46dfe1cd95235c56b3806d4257a49695d10147bb895606fbe2260e9a1615284b,101|104|107|113|114|115|120,101|113
46e5de231dde0d6226a13c15b3130394d00ab8a4d9ae34a87e0429d0b7e31474,cgt,main,0x143e8bd26d95b230680c25300f93ef56f86eccac,9c9cfc4e919ab1ec07ef713388500bb4,de590cc593c1046cb8f103ff5030a42e,,46e5de231dde0d6226a13c15b3130394d00ab8a4d9ae34a87e0429d0b7e31474,101|104|107|113|114|115|120,101|113|114
46f1c4ae145e9f26bea52ba84debd6756cc668a4bf0132d1a45f83821d8a8af1,cgt,main,0xcff84054b8e0db57043376afdbfd2461a9965ce9,1a9ffd6d6228c0053a2e013006bf0994,689a24b9cbf8d74a79153a439f3e0b3b,,46f1c4ae145e9f26bea52ba84debd6756cc668a4bf0132d1a45f83821d8a8af1,103|104|107|113|115|120|128|135,103|135
46fce7059920d50d6507720c59564c9409f9e1481e0cedebf203ef85284f4dcc,cgt,main,0xdd9ae24a9e442fd7af6cd321400cc8243458924f,57e823f16f7c76601fd126c9bdd4ff96,c32cdfe4bbc8828a2836a393d6b41242,,46fce7059920d50d6507720c59564c9409f9e1481e0cedebf203ef85284f4dcc,103|104|107|113|115|120|128|135,103
4745128c8778c36bb9ad66e99913da2470a2b8baf172d6e3835a3e056cece0e8,cgt,main,0xd77fc35cc9007557dcd18bfe26fe66f1ea3a0e7f,475353dd6f81cc0071e6bc8453410161,09d42f6f8edf869c2ecd7a39a6278b03,,4745128c8778c36bb9ad66e99913da2470a2b8baf172d6e3835a3e056cece0e8,103|104|107|113|115|120|128|135,103
47611d64e56cc3cde5f6901478a2a40cfc7a0a468ca7ec051e46dba1ce8073aa,cgt,main,0x967081d634f01003b2c5b3d8ea5aa2c55000722e,b8b689dad11e98e61f5c237871484936,e55cbd2d9359bb2ad75d95aa44540d29,,47611d64e56cc3cde5f6901478a2a40cfc7a0a468ca7ec051e46dba1ce8073aa,103|104|107|113|115|120|128|135,
47d2a095406d0ea1a4f05591b0782db42f7e3e899c79029b28feecd330ff16b1,cgt,main,0x1ea51f9d4b69745a25b06bf18f8461740322940a,82892da5659c8ab6c69a4d81506365ab,17c5cd0881ae7273e1704ae001e86462,,47d2a095406d0ea1a4f05591b0782db42f7e3e899c79029b28feecd330ff16b1,101|104|107|113|114|115|120,101|104|114|120
48069a53df41496d7f876b29b30dd5e91e346f6ea9867a3450c7cfb5e724d768,cgt,main,0xa42004629c80aa5f56186379c1185fbec0f65bf7,561a47e5341d272130edfe0e0811811c,424d0d59eaa9b946b6d3dd6a139aa05f,,48069a53df41496d7f876b29b30dd5e91e346f6ea9867a3450c7cfb5e724d768,103|104|107|113|115|120|128|135,103
480b698c743f521189bf166b0eb2daebc232ea5d486366ae62bc5eade13396d4,cgt,main,0x08d698358b31ca6926e329879db9525504802abf,62b8c0fd677ce7c2e9637d84da507070,09283dddcfe8aacc000b66669f1fdca7,,480b698c743f521189bf166b0eb2daebc232ea5d486366ae62bc5eade13396d4,101|104|107|113|114|115|120,101|107
48136bda4767f0a7a290946edb0d6077a1408f6744c0b3ad42e7021ce8b3d68d,cgt,main,0x09d4b4014db27ddfbc73393af4f0a8f444e539ea,4636b950a6922cbc100db044d4623a1e,756aee7db4dc26623fccdb268062cfab,,48136bda4767f0a7a290946edb0d6077a1408f6744c0b3ad42e7021ce8b3d68d,114,114
4823b7bc819cb71417e11a8189fec5dd19a0a1dbb2628fabcdb195d9b6d7abd7,cgt,main,0x54186df214506ff5613196170d1bd576895193ab,385da5ceccfe7575cfbbef16a743957e,efcdd63a7631003188b5d6f90cfb8a47,,4823b7bc819cb71417e11a8189fec5dd19a0a1dbb2628fabcdb195d9b6d7abd7,103|104|107|113|115|120|128|135,103
486198c9f2ce6eca4158febcdbd125e8948b7b311d3f1b1858a9b1b818aab83d,cgt,main,0x4f19e86aaee01a0199543b1fda45bc25af645146,9c9aac01b7725c90d14826aa5da91ee7,3ab026d1ef90ed375f9d2ea820909699,,486198c9f2ce6eca4158febcdbd125e8948b7b311d3f1b1858a9b1b818aab83d,101|104|107|113|114|115|120,114
4861d15d6d4d9edd97d5ab441b186bac5f4e4da740370cb3abadc65c565d419f,cgt,main,0xfba6ae30dfe97b20ad9ecccd5057ab3e5a1c41fa,53bd3be0a403c0e23ebfa343b88fc41f,a6bb8d9444dfb68f45f0f73656d89aa8,,4861d15d6d4d9edd97d5ab441b186bac5f4e4da740370cb3abadc65c565d419f,101|104|107|113|114|115|120,101|104|113|114
48af7e81fd45bb05d5bf8bef3fd1629c28c5714268f2079c87caafa576c5727d,cgt,,,cc75309d0a079dbbf153f0ab1a9b7228,17a3d2ad2dcb634259806d0305d7c925,,48af7e81fd45bb05d5bf8bef3fd1629c28c5714268f2079c87caafa576c5727d,101,101
48cb82e54f5fe6cb017dbf9699d1c5632019e09848807bccf035aedc6d726890,cgt,main,0x22a3b451d60a72388a37c97bc517e44ad76a50f7,5738344401a2e4038e64975e77c3847c,5db5d84e80ba4462ae1416d30fbfee80,,48cb82e54f5fe6cb017dbf9699d1c5632019e09848807bccf035aedc6d726890,101|104|107|113|114|115|120,101
48d47f59f17a02ada58a72ba08f2ee7746192584528cebd2b0c9808d1347bf07,cgt,main,0x73dd069c299a5d691e9836243bcaec9c8c1d8734,badf0c964b13c39a30b551d7f2bd753c,c6f0b7510e8c715bb9e14773f99816d0,,48d47f59f17a02ada58a72ba08f2ee7746192584528cebd2b0c9808d1347bf07,103|104|107|113|115|120|128|135,103|120
48dafc37594c0cff77c04fb14b0ddd9955f0105005692e5bc9c2b80aef91b728,cgt,main,0x0e915b35cc269b2dfc8bbd8e4a88ed4884a53efc,51f25571a1d2b7a927cb1e6f01d7730b,5628406669d31de43a449ebfde33f597,,48dafc37594c0cff77c04fb14b0ddd9955f0105005692e5bc9c2b80aef91b728,103|104|107|113|115|120|128|135,103
48f3b7fff244b22979d83ad40ee8d55f4137775d2bb06f67e3bd89dce4492db8,cgt,main,0xd7bf41bbc8979b3821851b871f055f4ae62b2299,a1474d3e64a480e73117d141fe7231da,6ba1ce9da7390558dca7fdf2f93cf4cd,,48f3b7fff244b22979d83ad40ee8d55f4137775d2bb06f67e3bd89dce4492db8,101|104|107|113|114|115|120,
491c27e9d74790c437179a3c303cf408cd634ae97239812f027459ab3a1a0b9f,cgt,main,0x637bf8a8bbc1cd620ee245671e85072ba037d33d,75d78684fb682aecd0ea1c8ec0c01e4e,4b5898fd0ac0a9021e1b2def922357a2,,491c27e9d74790c437179a3c303cf408cd634ae97239812f027459ab3a1a0b9f,101|104|114|115|120,
493311a99a9f1ce78af5ac7c9599234c600cc69fa17f31b343c72b2e08ffbf24,cgt,main,0xe5221f29861508d7556249f19924effe391db237,ed516579799323026adbc7b0d65e9681,8e983f48d158b2f53d503cf5d1b57a98,,493311a99a9f1ce78af5ac7c9599234c600cc69fa17f31b343c72b2e08ffbf24,107,
497bbc955ddf8559583ae988166581e9ef5d7d27a64a58d0eb395d1c213b2e17,cgt,main,0x42d6622dece394b54999fbd73d108123806f6a18,fb68cc3e89ef7a494678c759f0ae9e2c,468b634ff0e0317dd8259e220e6a3e4c,,497bbc955ddf8559583ae988166581e9ef5d7d27a64a58d0eb395d1c213b2e17,107,
49b8afd3ab93aae7ef9f1a6114b926effebffa8f84bd9a45fd47969f5d5d8c11,cgt,main,0x9828953884b857380a80d177c38d95aeb42cd34c,04725886c4a4c2aa6d2effc14464612f,04213cd5419d20ce22db9653438e4e94,,49b8afd3ab93aae7ef9f1a6114b926effebffa8f84bd9a45fd47969f5d5d8c11,101|104|113|114|115|120,101
49d52ab9405cd4371fd8df35a349db8fff05f4b74244479922f711577b02f0cc,cgt,main,0x98f0485cdd22710a9a923e616567eadfe62e258e,efa730738b59f54d6fd3d73ff9f8b7e3,2501ff9f68cfe2eb64af6db1050d9bb1,,49d52ab9405cd4371fd8df35a349db8fff05f4b74244479922f711577b02f0cc,101|104|107|113|114|115|120,101|104|113|114|115
49f8ed4849b00ada593b2975b492600aa6fa4e0d603155af409d942dd9617966,cgt,main,0x096ddaec18064b702f7e53a42afea68ee4a27f54,6031122fc42711e149a38824f9ee1a49,6bc07f3ddbb9d7c0b6324cd6f6ce3654,,49f8ed4849b00ada593b2975b492600aa6fa4e0d603155af409d942dd9617966,107,107
4a2fdb940a4c92e8f7be1dc6d50f41a2420c931acc1a5a63319ec08c0fa36951,cgt,main,0x89205a3a3b2a69de6dbf7f01ed13b2108b2c43e7,619273b271b859b968cbeebe46637d69,516209a39033252bbd19b7ad3174adda,,4a2fdb940a4c92e8f7be1dc6d50f41a2420c931acc1a5a63319ec08c0fa36951,101|107|113|114|115|120,101
4a3f1945e619a68ab1522196895fecb4008cc1974e8d0ea65117d283d28c81f2,cgt,main,0x4c465715e56f95cc9623144d1378bdd044dd3e1e,4c40f7bea72c9d7991c1924c25e27910,bfe3cde771dc041662050069efdd797c,,4a3f1945e619a68ab1522196895fecb4008cc1974e8d0ea65117d283d28c81f2,101|104|107|113|114|115|120,101
4a58ebcd444ed0ddd2fc397001ff0c5b273bc4a69410a2fb970a44bebac3654a,cgt,main,0xd4fb7fd0c254a8c6211e441f7236fa9479708a99,6fe41f20189eb50ea52c2ed91c64bf5d,18f13b6590a8c979e3bdf198059f1ea9,,4a58ebcd444ed0ddd2fc397001ff0c5b273bc4a69410a2fb970a44bebac3654a,101|104|107|113|114|115|120,
4a5baff5160fe2a5713d592b37c880204d5f419ab94903d1c830efa1efc7c44b,cgt,main,0x5ace17f87c7391e5792a7683069a8025b83bbd85,9b32c63fd1a1e63c663cbbd53ef5c717,8daf5f32484be95ab38ada6207fcb363,,4a5baff5160fe2a5713d592b37c880204d5f419ab94903d1c830efa1efc7c44b,120,120
4a645152f1bde9cf023f1b8048b51ea7f58be2a91af9f5236a54e32605e30e73,cgt,main,0x13ce614e9d7ce609dedba1b42ba2163426ba5ace,bf748e0be6165cea466c2fe75d797c7c,e16d036d674e886fa7a399e7ff637c30,,4a645152f1bde9cf023f1b8048b51ea7f58be2a91af9f5236a54e32605e30e73,103|104|107|113|115|120|128|135,103
4a6e5e350715efcb1a285450483d002f32e00a9392c588619fb97d633e603559,cgt,main,0x26b7dedab33c58bc9edc26d9cd81b8eee43c24dd,df147f91f76958eec804655f85b88bbe,978c6c5cd017dcb985e55cd414c8777b,,4a6e5e350715efcb1a285450483d002f32e00a9392c588619fb97d633e603559,107,
4a6f47ef5111bb0538a5ecb717dc009adf00fe3aaf4c3f60f34dc5f28b8147e4,cgt,main,0xba21d6cff33978e0696fdd2f2262a6b1b667f506,e2ddb4b79d381e31bc796d705f99d004,22f931ec20cee81ecbbfd2ee98352c2c,,4a6f47ef5111bb0538a5ecb717dc009adf00fe3aaf4c3f60f34dc5f28b8147e4,120,120
4a775e118637f964e1420a2d554f862e197c5b73dc2c4d54c7bf560b5e95f968,cgt,main,0x40ebf2d6e998a76a848c41908733b26e04adffe2,a99a0b40b473316617924cef2b824d89,5ddb5fa24bfa817feea44fb53b58258c,,4a775e118637f964e1420a2d554f862e197c5b73dc2c4d54c7bf560b5e95f968,101|104|107|114|115|120,
4a9ea2e6a5ecfc62697505ddf5931056164c4a0a9fa357facc718b7be9380b84,cgt,main,0x29e6495732f0550d7d074770ca5a1071b044a2ef,67782f9f981bb5a4791a21e2515407e4,c9b0895ca20f5ed5824f6b9fe6f6577f,,4a9ea2e6a5ecfc62697505ddf5931056164c4a0a9fa357facc718b7be9380b84,101|104|113|114|115|120,101|113
4b368644e10be3db607230b8f0c7f0dacb0e9a5c9f0cf36d01e9ac2728320ee5,cgt,main,0xf39c702594792b91aec6d881c9e6ebd2022a2271,47970eeeb433a7a488e0e9f3a4e35c3f,5cfcdcb952df54dfce54567998b4ee57,,4b368644e10be3db607230b8f0c7f0dacb0e9a5c9f0cf36d01e9ac2728320ee5,103|104|107|113|115|120|128|135,103
4b38789a4bc2d9716bad6f5fc177e57c1059aad2f4faeb67601abae022ab7eea,cgt,main,0x95c2906debbb9203ff7007f26c2f00a936c77b5d,7b28a7f9fc5e1dddb3b978cfb44164cd,019380de2e2d5c32640c73f2f1e79b2f,,4b38789a4bc2d9716bad6f5fc177e57c1059aad2f4faeb67601abae022ab7eea,101|104|107|113|114|115|120,101|113|114
4b47ca9c6ccf92e1c10784e5e63daf967c19b733188d2dc9d4305dc2b57d0cd4,cgt,main,0x33d3b085b60af885e2d67d44859e0e81964e27e8,bc667983b76b1e0b3a5449c5e136a12b,9432637e0ad5c5c006547d658a3f6c68,,4b47ca9c6ccf92e1c10784e5e63daf967c19b733188d2dc9d4305dc2b57d0cd4,114,114
4b485137dec378fc01c8abd2dc0023c9f1c5b9fb29a2a3f48257b41080d5604e,cgt,main,0x125c0260feec92471d1a144f3cdce185a565f374,75b2f8b6dba6fa1a98c03228629370d1,ed90140ff58dfe23e766286f9c9cb49b,,4b485137dec378fc01c8abd2dc0023c9f1c5b9fb29a2a3f48257b41080d5604e,101|104|113|114|115|120,101|113|114
4be54e1b1925ebb7a9e75dc510ef1619b1c54ab9cd2d0a620ab6ee64119b5e78,cgt,main,0x827d41446a2cb012d3011b94f525d6c46b32866d,b5e55d29c6603a8b09f1a1e9df362991,64075a33003fb2605cf8fdd33f21973c,,4be54e1b1925ebb7a9e75dc510ef1619b1c54ab9cd2d0a620ab6ee64119b5e78,103|104|107|113|115|120|128|135,103
4bfaec730a6b16bda0e4e851afc7b88ec183c2c084231c343011e68fb63e5dab,cgt,main,0x5a5eff38da95b0d58b6c616f2699168b480953c9,5ca1453a84688033f4e171f84dcb3c1b,45d31b498f1d4a5edfa56fa02b43318f,,4bfaec730a6b16bda0e4e851afc7b88ec183c2c084231c343011e68fb63e5dab,101|103|104|107|114|115|120|128|135,101|103|114|120
4ca111415d257003436f88a38aa45b404f208a2194a9ec08654980a816a5806b,cgt,main,0x1f78775c8260df084f9a0e5fbdf06487b875ac4d,7deb152ff3a70b60d4a2a889b28c24e9,fc5790bb9950fd0ec108c65b0b15fd7f,,4ca111415d257003436f88a38aa45b404f208a2194a9ec08654980a816a5806b,101|115,101
4ce65f1df39db05596ce47ecc426bdee6b40eeb9536901be06d5f00e878095ee,cgt,main,0x4a66ad0bca2d700f11e1f2fc2c106f7d3264504c,61179967ab896377893c94fb0f90cc9b,cd57167321a2425838151c8a766f032f,,4ce65f1df39db05596ce47ecc426bdee6b40eeb9536901be06d5f00e878095ee,104,104
4cf00cd87a0bbdaba0295919e7f395b0b16be953475915a90604ac8ff1688cc0,cgt,main,0xe1f243a9abfeef646be6bef7b8c2018276574294,a786da22ddce259f3ea0abea054980f6,81b43dbd112f2fdbf8a049429a09b0fc,,4cf00cd87a0bbdaba0295919e7f395b0b16be953475915a90604ac8ff1688cc0,103|104|107|113|115|120|128|135,103
4d15017145a6c06eb1eae7943a9b6cbec5cb2050dc0e5c329dc8216c6fa7d7b4,cgt,main,0xe47014f16c55ddd3add5b68b951e10fcea7da686,ac4144b6fd8a25fde5e3de3a0a7cd37a,c5c212c499bf18aea9eabab02ef9cd2d,,4d15017145a6c06eb1eae7943a9b6cbec5cb2050dc0e5c329dc8216c6fa7d7b4,104|107|113|114|115|120,
4d1595269ff5940ba7f571d582d517d85dcf317db0482f322c4fa4e909449888,cgt,,,189af786528b045917b38dcfec803ecc,64f191883c47fdd85dc63a79b91b0147,,4d1595269ff5940ba7f571d582d517d85dcf317db0482f322c4fa4e909449888,101,
4d26272110a37e55f6dd5a5a43c641a624e54950b3a643cfb819da5c6e7734a3,cgt,main,0x33a275b9cd129b34e5f0693d82d6d3db26b0c3a0,b7d513b492d286e51174b3d6f53bf73d,849f55dff0f8de5f6a194eafdc9306c3,,4d26272110a37e55f6dd5a5a43c641a624e54950b3a643cfb819da5c6e7734a3,103|104|107|113|115|120|128|135,103
4d89b9fd0bdd66a19edc85b23d6d2ce1c25ff0983979ef33af08f966e1a74a28,cgt,main,0x2a53f42ad8bba138c21b50a4e5711f18381a61e9,84d117d5ef6ffee7d46fc3e61b5e49c2,5d88a1979689719e8e9183f467ab56e8,,4d89b9fd0bdd66a19edc85b23d6d2ce1c25ff0983979ef33af08f966e1a74a28,104|107,104
4d99143be858e98aeffd481b9cde5843abf64485e1f14788b59f483f5f2757a6,cgt,main,0x65b6b495730371a807915441ed337f09d039bc66,5cf6ffa53c001a67d329e77caa74927f,4c88202b07ff365b92da34af2c25e004,,4d99143be858e98aeffd481b9cde5843abf64485e1f14788b59f483f5f2757a6,103|104|107|113|115|120|128|135,
4dd6912366fb48a38e55b2f3ade995d8087752c0e1722c56976b188959ae52ec,cgt,main,0x9e4ad79049282f942c1b4c9b418f0357a0637017,314cc2454dc3ba23755a775b865c8f48,ecc8feb4f96237f66a156d2f3f4275cd,,4dd6912366fb48a38e55b2f3ade995d8087752c0e1722c56976b188959ae52ec,103|104|107|113|114|115|120|128|135,103|114
4ddf9592467bf296edc9f30468afa1b0696e661a2b8c7b05644eddf7e2a903a3,cgt,main,0x6a6581a884c4729586479307e5694bf836617517,d34904033d985d7bb6eaa66797245ca2,1971062400f58498545b29b954ffc4ce,,4ddf9592467bf296edc9f30468afa1b0696e661a2b8c7b05644eddf7e2a903a3,101|104|107|113|114|115|120,101|113|114|120
4def265ee37e21093de3690dc76f7c91a28f025167be86745ad72218521e5e8a,cgt,,,8cc959355a516c7c88d1a504436a1af8,77e9aa90bc2ff195021ca4fe0c620e40,,4def265ee37e21093de3690dc76f7c91a28f025167be86745ad72218521e5e8a,114,114
4e1f7c7925ad0ce44fcd3cf45c0b47c37cf59426190b62bbe4c3dcbc8ebf4d40,cgt,main,0xe8fa01955f6bdc8d6c9ce38c33ae24ec361b91a5,93b9050b55642287c6b5f41d68c9c432,c6ac85d0a6088af90e0ac41076ba94c5,,4e1f7c7925ad0ce44fcd3cf45c0b47c37cf59426190b62bbe4c3dcbc8ebf4d40,101|104|113|114|115|120,101|113
4e30ff251d8041d00640fb776ebd0a79391083b5c891d569e6e6eea1476055db,cgt,main,0xafc1d46163308c81bfb12d305ccb7deabb39e1fe,8389842f9e7de0e47efe206d5a990a72,dee620896bc6a631a77737f745d6d83c,,4e30ff251d8041d00640fb776ebd0a79391083b5c891d569e6e6eea1476055db,104,104
4e346b18f6caaedf79c731b9f8919895af44fa54df4d9920b5039a6b1462088d,cgt,main,0x2873b3659847cf9a069041fe4f5e48786afcb632,6fe168b0a52d321c9b0a931981027e53,3529dc3ccfa13ce509fc95a68123a72d,,4e346b18f6caaedf79c731b9f8919895af44fa54df4d9920b5039a6b1462088d,103|104|107|113|115|120|128|135,103
4e5af3c141dd1a8750aadbd69eb685e09bdc47a117672ac8569a018e3484d08d,cgt,main,0xc399a8814e1fbb3095df330f8ff7f4916247ef94,4862a5d0d655ea637b16c352a233264b,b8ab20e22fa7caf9b51ca14b2bd6289f,,4e5af3c141dd1a8750aadbd69eb685e09bdc47a117672ac8569a018e3484d08d,115,
4e5baffb42e10202c3a2f38da31533d71f286dec82786496bd5ee41e4fd53e60,cgt,main,0x3d2f50874591d0eeaa811fb58cc4716758280885,2e4d424007fc64742724ceb12fafd45d,e0672fe0782d8c7d9b8bb0bc9894ca47,,4e5baffb42e10202c3a2f38da31533d71f286dec82786496bd5ee41e4fd53e60,101|104|113|114|115|120,101
4e685a4b252e4723256c9032dfdc0b7110db420d1b0140612f6fe6e68836d138,cgt,main,0xf1c1648f6f0edbcf7d898441b88e489cfaace11d,2dbae6a9670894854225ddb8112fb9b9,aeea32fe1ff0edf444d4972de6c034d3,,4e685a4b252e4723256c9032dfdc0b7110db420d1b0140612f6fe6e68836d138,101|104|107|113|114|115|120,101|113|114
4e6bebec80e33170bde63bb458354cf7eb2274faceda7409c6c804499686721a,cgt,main,0x4473d7e836e473aba72af381536a979e5063f7f8,c7366efabc4f965165c6411aa96bef29,b46b0b81cfe1c378fabfe897629fd109,,4e6bebec80e33170bde63bb458354cf7eb2274faceda7409c6c804499686721a,107,
4e70b0ae0977494c8d70b85e56f45ace1960f105c58359d87a3adef9f43a6968,cgt,main,0x24a7de87b3bd7298bbf8966fdf170c558d69ecc4,aec9f532dd1530e928ae152a3a2a13e7,ddccefff392a45ccff9c3c598eb824c0,,4e70b0ae0977494c8d70b85e56f45ace1960f105c58359d87a3adef9f43a6968,107,
4e9171a7ab12fce1adc8fa23fb773627433770bb5c2cd693974083247a841ece,cgt,main,0x075a5d77e17502aba0388746aa229bb33682f521,c17d5c45089bc0e0a1cbfe86012e7146,e0a35ac5969e5ca001d4666b4b47382e,,4e9171a7ab12fce1adc8fa23fb773627433770bb5c2cd693974083247a841ece,103|104|107|113|115|120|128|135,103
4f30d88ae56571bdb5441b5401cf1962d322b3124aacba04f89ade0b56a1fe75,cgt,main,0x787e3cef5edd94089ab3988775fcb24a1582b38f,924d976ddd51092a19977a291b919d91,eb6675c2bcede7ba98a17b19bf301dbc,,4f30d88ae56571bdb5441b5401cf1962d322b3124aacba04f89ade0b56a1fe75,101|104|107|113|114|115|120,101|104|114|120
4f3d92607245cd0157f6abe5fabb906df5aa03fa7114c33bbb84f9248902b2da,cgt,main,0x993bbc77c48ca648659129602dd507a96bc5b561,2353bf8d74520cb2434086916be9f2b1,0c4ff128c81bd63d0865a3c049cdca2b,,4f3d92607245cd0157f6abe5fabb906df5aa03fa7114c33bbb84f9248902b2da,101|104|113|114|115|120,101|113
4f5d3b10c932099de5c76cb07458dcbbbb14e6850afddbed3414e48448d21af4,cgt,main,0x7dfc425c0425d69ca577d76c6d53a26a6c2cc0ac,1169c90a6510d6f8c72d37b420cc1270,36731262fd17ebd66e43e38296f026c1,,4f5d3b10c932099de5c76cb07458dcbbbb14e6850afddbed3414e48448d21af4,114,114
4f5d8861ca974fe333e74cbe253ac9fea080c87ae9cbd330d345ccd1186aaea6,cgt,main,0x0b6f6e073a08ab8fd458527c47ed83982ff26851,3e0049e06fe23a41378bfa3f352ceacc,208ea1d5e752869c11721d2a3733eebd,,4f5d8861ca974fe333e74cbe253ac9fea080c87ae9cbd330d345ccd1186aaea6,104,104
4f64bb95a5ce0fe1be255fea4a02790f41f91d47046cda68b8ab5e5df91ba706,cgt,main,0xc99b3615724b7c4d3e4b348cfc8a25b9e2133828,371f0719511e428e001e06f3f72ae452,4b7354c08fa17e5cb14c9a27c13f6f7c,,4f64bb95a5ce0fe1be255fea4a02790f41f91d47046cda68b8ab5e5df91ba706,120,120
4f76fc6d3821a85400df14c2b3b9780c98b00bb4967240486685180dc307b71c,cgt,main,0x1b8f71e4eec8df98598bbc3093cafeb57c7109ae,b3062b0743d42a365141b3441be5ce7d,f55da5d5bd6000443af5eb5f402fa560,,4f76fc6d3821a85400df14c2b3b9780c98b00bb4967240486685180dc307b71c,103|104|107|113|115|120|128|135,103
4f9bd2d87946982c170733aa852dbf0a2d9dee4576e786332931e84a5e5d3650,cgt,main,0x586927ff87bf40aada74afbff5e2409b865be023,5dfb9040d98ccd66885be2b96574102d,7a5c88b012a7796a68817465e2cc4fa3,,4f9bd2d87946982c170733aa852dbf0a2d9dee4576e786332931e84a5e5d3650,120,120
4fa5a6dd632c1eb9e194f5d32ca7f24b3967434c8b092203833f5fb697a0ae93,cgt,main,0xebfed9e4ae035b0f7ae982d1a7abfe0aa26a0341,6760c8b3e998dffafc12053bef82cfd3,d0559c89d71ffe64086962a377f8017f,,4fa5a6dd632c1eb9e194f5d32ca7f24b3967434c8b092203833f5fb697a0ae93,101|104|107|113|114|115|120,101|104|114
4fd599a68112351845ae5731d0cb2713b3ac5fef195ae2459c132ac1854e856d,cgt,main,0x219218f117dc9348b358b8471c55a073e5e0da0b,7d11380400a178645778a737bff009b9,d335304a445341db11c818e908651c90,,4fd599a68112351845ae5731d0cb2713b3ac5fef195ae2459c132ac1854e856d,103|104|107|113|115|120|128|135,103
500bad92862d23a7a14f64ebe81db03e0be201544faceaa7ee926be0104d237d,cgt,main,0x203feca1b8ded7e170188adba844f3b58ac25b63,ad9da3b43128b033c8ca1eaf4e48cf2c,0aa51519edc2eb8f8fa132de2575fd35,,500bad92862d23a7a14f64ebe81db03e0be201544faceaa7ee926be0104d237d,113,113
502ce36f788d319c72b3c4befe783df9217513e436ecd6b9f1e71a243d65cf60,cgt,main,0xbf04a03a4ad0455b450888099eb43a1780feb10d,0305dfeafd83f0e91334e88577571c2e,e5ddeb2ad59d00e57630d8abc4d8b1b7,,502ce36f788d319c72b3c4befe783df9217513e436ecd6b9f1e71a243d65cf60,101|104|107|113|114|115|120,113|114
502f23b97a1a6d3e10a1c93a85c2eaf447db359619e4c1b17545b1d2cd2084fc,cgt,main,0x99925cc9a57f5e473ff22314cfe0627a0bfcceb4,96ebefaa6512a45367441ffd51e6c063,13598692d7910ce9dcb9230664f937e9,,502f23b97a1a6d3e10a1c93a85c2eaf447db359619e4c1b17545b1d2cd2084fc,120,120
504423752792d4b26d03b51131997d384155d243e8115256c604d8a30d8c4065,cgt,main,0x7d09edb07d23acb532a82be3da5c17d9d85806b4,9c7d48f84d2203b4c8dc32c40ae0b861,2e15426b4769bed4cdaf22a63f788aa5,,504423752792d4b26d03b51131997d384155d243e8115256c604d8a30d8c4065,104,104
508f95191841709c51921b131b0c0578118564ecb7f07e61204e389bbb339931,cgt,main,0x856912680349a406f72e26aa994100b8ad409f87,9336f37c4bf54db7b9b9163c7c286523,65b48d063c01f75258c9e8db44e76fc3,,508f95191841709c51921b131b0c0578118564ecb7f07e61204e389bbb339931,114,
50a546de465548a2c88bd85600629aa4275497ff4342ab20d89cd97095511c0a,cgt,main,0xbb70e866804653c2ee81e1cba7564c2f5207e97d,f9281b9486116bae4bc1b8d18d06b8e6,31ff5eb2797d27f81837d6db02a4cf8a,,50a546de465548a2c88bd85600629aa4275497ff4342ab20d89cd97095511c0a,101|104|107|113|114|115|120,101
50bf44f0e1e289f2d62b74fdca2c5265bf24d2422d38bfbe35b47ee075599d83,cgt,main,0xb620cee6b52f96f3c6b253e6eea556aa2d214a99,fc99dd58f1de2f4123ed3289d1b65d8e,d5169273775dafa4ac1cffff142b3b46,,50bf44f0e1e289f2d62b74fdca2c5265bf24d2422d38bfbe35b47ee075599d83,104,104
50efc6c3bd680a6086797b0e93a81ddeccffcf3facfa39ac88a5ef9e5092ec7b,cgt,main,0x22a97c80d7e0a9ae616737e3b8b531248f4ef91d,77de8eac5a3337bc0612384235ba7644,f61eaafe52e3f77c19728dfb91bb2082,,50efc6c3bd680a6086797b0e93a81ddeccffcf3facfa39ac88a5ef9e5092ec7b,103|104|107|113|115|120|128|135,103|120
513c8e6e72bf61d43ed70f314b2cc211766a455e861ea655ea582aac8e672147,cgt,main,0x93d812bf90a575d628e246b0966505a9e466f534,467634cdd2a2b62db8e24c20306e16a8,52e58fd9ee62932a5f1f597d8ccb06eb,,513c8e6e72bf61d43ed70f314b2cc211766a455e861ea655ea582aac8e672147,103|104|107|113|115|120|128|135,103
515bf40b02a66b268481b14b928110fe339b59ec0c95552cc129d357aa22e06a,cgt,main,0x45d21c1ea0fe939a61cff8009aed52f46ba33166,929c77d430e0fc6a87d3ae3767fd7d19,cec79d72f62cf6f7509deff3410928b8,,515bf40b02a66b268481b14b928110fe339b59ec0c95552cc129d357aa22e06a,101|104|107|113|114|115|120,101
519105887b524d73f7ed5e61cdd7d5db1e6e64c707d3ef64ecd1df4e5bb1c70a,cgt,main,0x8f3c45d637a9c2103d06f917aeeaff25eb7224c7,4c642c6d98bc2eabcdb653df214e763b,25a16932e6e55f3f963bfc74f8258c6e,,519105887b524d73f7ed5e61cdd7d5db1e6e64c707d3ef64ecd1df4e5bb1c70a,113,113
51f768fcf505bbce76dfec3546a041787656c45fb7fea5f14a2ae965c0d66ee9,cgt,main,0xfd743691ac893000f29c893ba21ed46f465c4de4,660ae469692b5e761ecc9f16bb5940d6,d1b3fa8c0b2c7440e6f79972daf9f96a,,51f768fcf505bbce76dfec3546a041787656c45fb7fea5f14a2ae965c0d66ee9,103|104|107|113|115|120|128|135,103
5205afdea37e1dc7a58a5fb1f595cf49886a1847bed1633dc846c628e9166a1b,cgt,main,0x3675357f253ee776012f7bf398151d1d683336fb,16189b8ec12727c61731c51541544667,081463ccf2d45a9d78e1459d02966b71,,5205afdea37e1dc7a58a5fb1f595cf49886a1847bed1633dc846c628e9166a1b,,
520783b8d749dceca6aadb05342c48f239cc5f7ff33f9d1c44b7f324d67bcce0,cgt,main,0xafd128d46a857da71a6b9205fc3f4c862cb9db1c,4cedb6bfc9dcc07342976aec2bd815bb,e154ec14b6a89d03a0d06a654d2138f9,,520783b8d749dceca6aadb05342c48f239cc5f7ff33f9d1c44b7f324d67bcce0,113,
52568629c8ae1dcd0c301881797a569bb818f67b2e0c55ec62b4fa4e21974966,cgt,main,0x428da5ff72d8be0efaa85336b6c6a9fc9e0f73fe,24d3fa7c365d466f52ff47bd1f75f672,84bd18691c1b5287911edd37dbe7f308,,52568629c8ae1dcd0c301881797a569bb818f67b2e0c55ec62b4fa4e21974966,101|104|107|113|114|115|120,101|104|114
52ad4765edad384f80e17983d2c4634b50ce9bdf6bd54d9dfd110610d5d585ee,cgt,main,0x422f8015c5d8168edee923749701360a8a4d0703,180cb6ba57fbce1f54729d56b388ba9e,4b3dcf116d1b8caba0292d7bdc77dbe5,,52ad4765edad384f80e17983d2c4634b50ce9bdf6bd54d9dfd110610d5d585ee,101|104|107|113|114|115|120,101|104|114
52b55b84d9870b44d44c088cabe2f152b68d4db6605ae388da01e774afd5deaa,cgt,main,0x1bb28e79f2482df6bf60efc7a33365703bcf1536,eccbc18f92c2aa5db93fa31c7074ed7d,fa17c7d2647fbdad1eeaa93c25889213,,52b55b84d9870b44d44c088cabe2f152b68d4db6605ae388da01e774afd5deaa,103|104|107|113|115|120|128|135,103
52d6b8dc9566969a2474d558ac0b50e18f7b76cca3bc3604212d5b94de10f59d,cgt,main,0x558c62533def5e9d77a7e555490c0e2889eacf3a,a8299e44e00766be92cb789cc41768a6,59775210ada8e2cbbec008bd29b85d35,,52d6b8dc9566969a2474d558ac0b50e18f7b76cca3bc3604212d5b94de10f59d,103|104|107|113|115|120|128|135,103
52ef5ebbd2329448ee3057611577b02285e1bfae0b63d555a2f19f04318a7785,cgt,main,0xb336a86e2feb1e87a328fcb7dd4d04de3df254d0,711a0f24255dfe4be175fd625b2f5006,ce8dcb701f0a5c1c466a1272f5c6c861,,52ef5ebbd2329448ee3057611577b02285e1bfae0b63d555a2f19f04318a7785,107|113|115|120,
532d73ca2ac4f26a0bec1967d9bb0705f78a072265aca994d6d9efd4715409b6,cgt,main,0x3398080b81a1cff1429af347ce2b17fc28de3937,2d665180deb0477ad7c9bf1d9e91864c,af0fbd59ec5cf60d6a5126dbd59477d9,,532d73ca2ac4f26a0bec1967d9bb0705f78a072265aca994d6d9efd4715409b6,101|104|107|113|114|115|120,101|113|114
534f2aee42bef227a26b36521cfc8bb551531b1b38fe42cd763c7eb988cafc65,cgt,main,0x05d379b48a8622ae4018309e116420db4a38a225,d695318779ebc92330c152fcf0de93a3,3d4c2dcd059ffc67bdd50aca3948166c,,534f2aee42bef227a26b36521cfc8bb551531b1b38fe42cd763c7eb988cafc65,103|104|107|113|114|115|120|128|135,103|114
536a2d1f563521f875e1c39ef3ab1032fae9082b9687d6a0de960e79c4d5a40c,cgt,main,0xa1c957c0210397d2d0296341627b74411756d476,04cb58943ea34c69da1639fd0e71ad89,01c6e012eec81897ad938392cb2f5afd,,536a2d1f563521f875e1c39ef3ab1032fae9082b9687d6a0de960e79c4d5a40c,103|104|107|113|115|120|128|135,103
53b3a07be287189cef4029a618ec47643589813c4f727cca5775757b41c80586,cgt,main,0x2ce349291b8365f8d12c4cedf992969f680c726e,a480e5ab0102c8713aaffd364b1c7117,cc1a1eead8dd227c34b2f2446d198045,,53b3a07be287189cef4029a618ec47643589813c4f727cca5775757b41c80586,101|104|107|113|114|115|120,101
53d6475e5c99d7799d12b2fa4797b189524c045188f03c38157fae7ff4157e25,cgt,main,0xc54d1a03e5fc1558d4a95e9fbbb2423f02168c23,3dd0796254f9815f0f8f31cf7bec3005,0f809191e72b0f3400cb1651d243dd8f,,53d6475e5c99d7799d12b2fa4797b189524c045188f03c38157fae7ff4157e25,101|104|107|113|114|115|120,
5402dcd645a11b7731d09042a4ecb18e22a0f5f48f3e60c400fbe7ed5c98ee32,cgt,main,0xcb6ab9c6fbbc955e25f916f66d5d807a2181bdf9,f5cfe79db310b6b7605944b6bfa88f6f,06b4e3953928c61402579e6025b3ee33,,5402dcd645a11b7731d09042a4ecb18e22a0f5f48f3e60c400fbe7ed5c98ee32,103|104|107|113|115|120|128|135,103
5428398fbfb98c29ea1e95d1ba069cf48ff80a8c730d352291da8b5970684d6f,cgt,main,0xfe3672eff595cfd36ed05aaf4622d1aec3b5e852,e3d793154f77295015f0ec1f321ef3fb,af5efee798317c93fd6b4347dd5ef790,,5428398fbfb98c29ea1e95d1ba069cf48ff80a8c730d352291da8b5970684d6f,101|104|107|113|114|115|120,101|104|114
543476278bcef79c0d104c09cca6c0eb9e910e7513b0d7afb4e805b066e84de2,cgt,main,0x1368e088682b3ea455c4856297365542ca6828d8,4071a308098778d97a7ae905395ba611,e4c10abab70648159fb97f371b00035f,,543476278bcef79c0d104c09cca6c0eb9e910e7513b0d7afb4e805b066e84de2,101|104|107|113|114|115|120,101|104|114
5473edab07a2cf7f3682503fba753ed74ea816623e1d735acf53d473e7ca1209,cgt,main,0xf2570186500a46986f3139f65afedc2afe4f445d,65e493b765f10717c0c862640b4acd93,e46ea6f86bc9580a02760f322e69a153,,5473edab07a2cf7f3682503fba753ed74ea816623e1d735acf53d473e7ca1209,104,104
54970b2d8d58ac935a2c7bb9080ea6c01cdfd2572b1c71aa738d90665cfdb2ec,cgt,main,0x7776a879ab315314db00f193a85aee7c53def11d,14443628757ef762ac085d095c83c99d,218cc64eeea73061f0b5715696c846b5,,54970b2d8d58ac935a2c7bb9080ea6c01cdfd2572b1c71aa738d90665cfdb2ec,104,104
54b629ea1a13c0dc547675a06a80401681d1ba739d1cddfc37d405d55f0fffd3,cgt,main,0x4abc1ebf49ab9d98c83609f6475e6ec75ffe409b,76a6955ce48722e17956394dec45e697,63c0ca72c5b4f6cd98ee0da8fe35e4bd,,54b629ea1a13c0dc547675a06a80401681d1ba739d1cddfc37d405d55f0fffd3,107,
54bf72fd24e091c24ccb9f6b6a0a7640771d8716a14493c245798fbee58bc3e0,cgt,main,0x882fb4240f9a11e197923d0507de9a983ed69239,7ca9c8339eed99f3292a3e2de615aca5,9d3429eb3a44032204b3a25204fd6642,,54bf72fd24e091c24ccb9f6b6a0a7640771d8716a14493c245798fbee58bc3e0,101|104|107|113|114|115|120,
54f8b692a4d4a12038bc27409d3d36c0a9e8cd4c348d1ecd76f0eb221bcc70de,cgt,main,0x5fafe57bd692d07c4db048558752632210ccddf6,c272832b2e803d9c0df7bfa8aca0ac03,fc472e532e8f36785b0c62ae42af1db8,,54f8b692a4d4a12038bc27409d3d36c0a9e8cd4c348d1ecd76f0eb221bcc70de,103|104|107|113|115|120|128|135,
54fad42e9f64d28a8747dfdd093c395ababde6a958d543c215579eca8d7aa563,cgt,main,0x1a0987a5c068ec6ce645bb897d8de4c82281deae,082c782ea591aecfedc6f3e8a965314b,9e34c87e07772ad53a85f632909fa86c,,54fad42e9f64d28a8747dfdd093c395ababde6a958d543c215579eca8d7aa563,114,
54fda28fe89740926d46de8d7dcb8b1b56ee40b793e752aea66997a5561d9fd6,cgt,main,0xec329ffc97d75fe03428ae155fc7793431487f63,fa2ef47c81c97b5e3b6efa365d84da1a,9e874a1362694876e58eedfef514ca7f,,54fda28fe89740926d46de8d7dcb8b1b56ee40b793e752aea66997a5561d9fd6,104,104
557aca4d44add022c910ba0260b4066326ba597281ae6b4ffa174762cdca679c,cgt,,,ab38fc30c73689e41ef071c0ae3d6e69,2b43fe1f54c12109cde093b204739d55,,557aca4d44add022c910ba0260b4066326ba597281ae6b4ffa174762cdca679c,107,
558bba50a8849819509b2b6b8c778d50099260f0953dc3638db16dd9cbd0f02c,cgt,main,0x747fb90f7f5d7dfde8421764b203bbb8f1fca074,22cd36cded08d114d0cd7a8d37b8a8fe,de21791b13b48647ed2be55e2ec7127d,,558bba50a8849819509b2b6b8c778d50099260f0953dc3638db16dd9cbd0f02c,104,104
5597fd0e15d06c5aa6af1c12928357c45cb7910039e53c9acc764dc3155393b9,cgt,main,0xba69e7c96e9541863f009e713caf26d4ad2241a0,87c331cbdac6a82c0bf002ffcf25acbd,fc182759609b579c34026369961ad39e,,5597fd0e15d06c5aa6af1c12928357c45cb7910039e53c9acc764dc3155393b9,101|103|104|107|113|114|115|120|128|135,101|103|104|114|120|128
55b37cb02cd5966d4b99b791d88c0183f7453bdcf069fbb026014fa497f27b02,cgt,main,0x895d55ce51760ca614b5b446a504c4a49e2d26e8,4159469286575cdacedb396328f22852,e5bcfccec229cbf99acd0fffb5592d54,,55b37cb02cd5966d4b99b791d88c0183f7453bdcf069fbb026014fa497f27b02,103|104|107|113|115|120|128|135,103
55e01552427ebf1147649cf484d732f70d7b7cfb42d994537794eb6204937d86,cgt,main,0x8f1e7e18c96c4b75d12cbca93613dfebd16eb0e1,0dfca1a6653b453118ad9c52e2c5afe0,6dd7edf30fc6f9c8bacec20310e2dd8a,,55e01552427ebf1147649cf484d732f70d7b7cfb42d994537794eb6204937d86,103|104|107|113|115|120|128|135,103
560cbd598531d0b244ce3678e982511eff366a6a63bf92f974b10653144e748b,cgt,main,0xf5b86b8a7d3ad269edff19e2f2d0c59b42aefb13,4ae40d89a5aff716f015a8068d70b298,a798f13ed6eb2d54df4192721b75e6b6,,560cbd598531d0b244ce3678e982511eff366a6a63bf92f974b10653144e748b,101|104|107|113|114|115|120,
5636de811fdd84000519444919ae9fa0be1552090f145cd45089a4bc620b8b6f,cgt,main,0x7698392fff47d8d4cee21295ad1f31b6ced9ad66,de4ca0de1c53ebd44138d881094560f4,dd7c8801e9b04cd3d2eea96676615cf7,,5636de811fdd84000519444919ae9fa0be1552090f145cd45089a4bc620b8b6f,101|104|107|114|115|120,101|114|120
5643e72dfb53b46fd3c33f8770f38013e2bfd77a102bfafdbdc80877412b91f2,cgt,main,0x95d34980095380851902ccd9a1fb4c813c2cb639,32ae291452b953c71d7728749eeffd26,7affbca0a7d0e3ccc1f9417d756f9285,,5643e72dfb53b46fd3c33f8770f38013e2bfd77a102bfafdbdc80877412b91f2,107,107
566216d544c1cee6a24875ddcedb5037ca1d6646236dd0276d489d40f6acc44e,cgt,main,0x7d3ae940eb73dc9131758ad2e326c7d863b0916a,7bf50a4e4f93070a20e34c2106c84d8e,d99e97bc80236777da9441fd050403ff,,566216d544c1cee6a24875ddcedb5037ca1d6646236dd0276d489d40f6acc44e,101|104|107|113|114|115|120,101|113|114
5668b1425927e683006fa5d23834f1f7eddcdc3e503675cbcd9b9bd1b5de82c6,cgt,main,0x3d42f7eb6b97ab66d8d44c725651befe02a70e5e,c7d98c733098008eb469482608ad5252,85828454164d4cd099cee35ecb71e06f,,5668b1425927e683006fa5d23834f1f7eddcdc3e503675cbcd9b9bd1b5de82c6,101|104|107|113|114|115|120,
568a7e02a15ddbafc4e87824ea05b7b1379c2caf8b1fd5429d3f6d00d0cdfdbf,cgt,main,0x05f49e3e0a27efa05d60c19cd8f0ecc951d3717e,857680fc406be41f36a2277b12547f0a,43ea511c6b10d53d8099740d307d2f53,,568a7e02a15ddbafc4e87824ea05b7b1379c2caf8b1fd5429d3f6d00d0cdfdbf,104,104
56a5876ce52b9339ca1d558b093feebdcaa553b02a41947955e524008a766b53,cgt,main,0xa7f598984f6a77da416efaaf6ff18f5f7b9eeab2,816252eed1e085c6ad408a317efe714c,09614e546fef6542850b9deacb4c7bf5,,56a5876ce52b9339ca1d558b093feebdcaa553b02a41947955e524008a766b53,103|104|107|113|115|120|128|135,103
56d08e65fd8363bb6fa5c97917b776118abee9f5dc0cb45e47fd23fd0992471e,cgt,main,0xd7bc93f391e94557fa621711699d1a5fd38d5ad5,7876105627b3fb269618abdeacf87397,cf1fa0292b2f5a2b3ae921fe5e5d3ef4,,56d08e65fd8363bb6fa5c97917b776118abee9f5dc0cb45e47fd23fd0992471e,103|104|107|113|115|120|128|135,103
57036a2ecf5b7dcbb4f37a56f14762d0a2e23515a2cf1308d06fa12d2860f7f3,cgt,main,0x39173925e7c7a07dc7a6afbf1dffd0179de18c27,a4db3110722176a4046b9361bb266fb3,649b2cdbfa9c97c6233b30cf177ba9d8,,57036a2ecf5b7dcbb4f37a56f14762d0a2e23515a2cf1308d06fa12d2860f7f3,103|104|107|113|115|120|128|135,103
57047a9c53edc5f9341fa16c22ed6cba9ea26080349866c00eeeb172ed69684f,cgt,main,0x7e8f32453fba5c9c4926d26b34e985f36e0dce1d,2b3b7421051bb62075d3c126fcb5efe0,1649968dc39fd273d1e85ced2880f9d8,,57047a9c53edc5f9341fa16c22ed6cba9ea26080349866c00eeeb172ed69684f,114,114
570bf2ac31f0a5bf620592e1bd081632237b9c2544666ed24618d964b6851d10,cgt,main,0xa0f9fb2170dc2d181ef8aaf3571dc441813e0154,82729c234ff53288237b7cd2bec66863,f81444eab2b0ab0bb6bed4295195dca5,,570bf2ac31f0a5bf620592e1bd081632237b9c2544666ed24618d964b6851d10,101|104|107|113|114|115|120,
57146813b551a808dc0bc2af6886bd320b874139e739154b29c25029209edaa8,cgt,,,ae735b7cc13b6f80504828df0556727e,e911748802d67684242c33d83da29a5b,,57146813b551a808dc0bc2af6886bd320b874139e739154b29c25029209edaa8,101,
5728e50988239164d2b0f4e31ca68a89eb702622e204c7c5aa84d33fd38a8009,cgt,main,0x5158cf97c3e001b402ccb0f9063736ee8d6dad5a,04a4e1df13fa08db9a449f47066dcd34,11678798335ffa4d2c46386bb3d23ad2,,5728e50988239164d2b0f4e31ca68a89eb702622e204c7c5aa84d33fd38a8009,101|104|107|113|114|115|120,101|104|114
57311a1b10fcb8fb1edd3673aef673832fc6a5a48504cc938fcd2cd8df8eae3c,cgt,main,0xb98fdd97f3da105e6b166461afac208981bc786b,299e5cbbc52a42607ee5ff518d10c04f,b520ffe2c37c8d12ae0397c33522a596,,57311a1b10fcb8fb1edd3673aef673832fc6a5a48504cc938fcd2cd8df8eae3c,101|104|107|113|114|115|120,101
5769729541cf1698d14a1516fc73fcb8e8838257ab2519ccda651df73c8f8072,cgt,main,0xaf2b8e6114da000176c506f77b173251c16b511d,c8cf7e13894467156111d4128a028b31,59e0065929b6712f4a100be7dc7fa0f1,,5769729541cf1698d14a1516fc73fcb8e8838257ab2519ccda651df73c8f8072,101|104|113|114|115|120,101|104|114
578d0a7bff720136a19fd4158278db7da69385533c21f425b22e040fbf9d7385,cgt,main,0xff46586fe46b814eb86e60320e1b0a29b78d4757,a18d917e55c1af1ee857acd7a8634d8a,66877dc911cbaa42336b9502eabc0667,,578d0a7bff720136a19fd4158278db7da69385533c21f425b22e040fbf9d7385,114,
57929ef471d5cb49dd02389460c21d153ff9314111e06b428158ef51cdb4dafa,cgt,main,0x9d5b592b687c887a5a34df5f9207adb2c2db3aec,611f92b5734b344f8b4ed702342ee823,a1839d70935ed13570c5be3c8fd605b6,,57929ef471d5cb49dd02389460c21d153ff9314111e06b428158ef51cdb4dafa,114,114
57a49d676311501f8017c5eaa7019588ed2637863b5aadbd9424a3de7cf5477e,cgt,main,0x7c52209718662dde9e18690e5ce435aa81502edd,6ab9f92f2c75e6843625fa466da188d5,2577bf7861d1eed5174f71502d202fa7,,57a49d676311501f8017c5eaa7019588ed2637863b5aadbd9424a3de7cf5477e,101|104|107|113|114|115|120,114
57da000f200cdb446690fb37bc6d4ade2f120d80a19e7277e5106729441e68db,cgt,main,0x7be89db09b0c1023fd0407b24b98810ae97f61c1,cb8bec3dd4bf796ed8fcbcf9d971bb9a,fe4b3ee42fa468e13c8680ec7c246cd7,,57da000f200cdb446690fb37bc6d4ade2f120d80a19e7277e5106729441e68db,101|104|113|114|115|120,101|104|114|120
5813b6e622d7b29c7712ebf0514cc23a4a546775fcba590be95956a4191e62f3,cgt,main,0xcc5f26bf69b259b495a15427384e7f9668917d56,7db76a5ac68319c460cbd98e8468f9b1,271edece59a4a8a063452697adea0a66,,5813b6e622d7b29c7712ebf0514cc23a4a546775fcba590be95956a4191e62f3,103|104|107|113|115|120|128|135,103
5842c7505d8dfaadb50f42c9e7facc6621806d2318e6538e12f88305e981fcc9,cgt,main,0x6822aaf4ab22e6cca8352a927b9ae0a8fdb58d9d,431c1a84dc3d169d8a3fc3c956850915,4fcff0b43b9a5cd5d0655670dc2085e6,,5842c7505d8dfaadb50f42c9e7facc6621806d2318e6538e12f88305e981fcc9,103|104|107|113|115|120|128|135,103|113|120|128
5846f7d51677e51e30aa9de4911b7fbf6e49256e2ba0c8879075e9deee3ef31b,cgt,main,0xa8a4ff10d75a82aa8cd1055d30a66c925dc5b2fe,352ef4517f345e95ea504fda6a5d8805,c122d779ec8fb767b89e74a292d5f142,,5846f7d51677e51e30aa9de4911b7fbf6e49256e2ba0c8879075e9deee3ef31b,103|104|107|113|115|120|128|135,103
584e947530ab1e1648116ab3cb1f72da64ddf992b109f1dd75561fb53e9d71a2,cgt,main,0x6f6deb5db0c4994a8283a01d6cfeeb27fc3bbe9c,ffa0ce47945a1fa7d019da852734d5cb,3bada1dbe9adacf6ec8676909f3a1739,,584e947530ab1e1648116ab3cb1f72da64ddf992b109f1dd75561fb53e9d71a2,103|104|107|113|115|120|128|135,103|120
5866fa54ff277fdb2efad3f5d1930d6cc2ad125507663a546cfcf2dd1e7cdd7a,cgt,main,0xb02bd126cd5477b2c166f8a31fab75db0c074371,0ec6c4470a7d56fd59db582510479254,518d8a9bb7488c2f7d4db954b61ef551,,5866fa54ff277fdb2efad3f5d1930d6cc2ad125507663a546cfcf2dd1e7cdd7a,101|104|107|113|114|115|120,
58cb04548ed5db1712ae790a45144e34fd226d8f8408d47fe2194354744a528b,cgt,main,0x5019066b46ae4b8673085b609be366400f53871b,6e530144639c3040d3f18ecfa72882a8,7e0d34817e93bdd4edbbb2aa740715de,,58cb04548ed5db1712ae790a45144e34fd226d8f8408d47fe2194354744a528b,103|104|107|113|115|120|128|135,103|120
58e259c47678965e32929a969bd81e0b4a3dca1b7670d5e438402b00eb426a16,cgt,main,0x4680e18027b9d4e48df839ed3b0590c011d4cac1,e120cb018674ec4c125dc8cf5305df83,f493367df98fa11f91e9731f31879830,,58e259c47678965e32929a969bd81e0b4a3dca1b7670d5e438402b00eb426a16,101|104|113|114|115|120,
592634aa1484e718a4423dd036fde44503332fd1aec3fc039c9d483a48083b3d,cgt,main,0xeb3c1a7f816da958a0f8b9f4ef63a19b26d03739,51a769c5d05bfa12fce1cad9cfb3e7dd,7c4e7710d3fc8e96c60d15640a27f6bb,,592634aa1484e718a4423dd036fde44503332fd1aec3fc039c9d483a48083b3d,101|104|107|113|114|115|120,
592894cfc8191ba8f535a0b5cfa142feb580b9c7379026d6a6cb687e75bae56e,cgt,main,0x5e7a9b977df27b80dfcb1bf015909d3a812d0556,7c85c8400ed90ff4a36ce4a1395b2873,4ab708178632714c98839bee327e1c41,,592894cfc8191ba8f535a0b5cfa142feb580b9c7379026d6a6cb687e75bae56e,120,120
592b2d32794c20e57b89865ceda000f8e6f8b1630d9a701188d8098136ba1e63,cgt,main,0xa7481af3bbc9d902c02f58204c5683052de53330,a91ec9aad1342f376b3f0b365bd62c6e,b0d7ce34455a015f4fc40a892acf999a,,592b2d32794c20e57b89865ceda000f8e6f8b1630d9a701188d8098136ba1e63,101|104|107|113|114|115|120,101|104|114
5930bbf9d20bd98516cd1556ba956e5f04acc51a752c5e36d16b8d43c1fceb22,cgt,,,35fc851014b20a27889c231a66cf9e36,cd5f62e99d2a5201b609a0752bca7bbf,,5930bbf9d20bd98516cd1556ba956e5f04acc51a752c5e36d16b8d43c1fceb22,120,120
59388f85b17e394bc995f15b6377b7c24d4a8737840d7f0b6615b4d3906cf651,cgt,main,0x2a636bad930d7c7d5c3b9ca6b1b24792858b1d3e,a04ebddacfbb30253ee1b64904b2f13b,8e973ab8d8ef518affde39f639fbd1b2,,59388f85b17e394bc995f15b6377b7c24d4a8737840d7f0b6615b4d3906cf651,114,
593c9dbfd442adeb6bc2b5895a536e0d115b3d1dd130ecb5030c2844a5973fa2,cgt,main,0x4a184673b7247ea15227d8f738a0627e0b17d72a,2e6987189b6077e1a380148e0694491d,64917f8d5992d6784c28da579cb28f75,,593c9dbfd442adeb6bc2b5895a536e0d115b3d1dd130ecb5030c2844a5973fa2,113,
594b30d013efc7e70f55bd2d08ccb53636b0bbd162e0aa953c7ecfab09b73c16,cgt,main,0x1748255382157bc5d4ed7e70c56afc5c97bddf07,6745b285a8a94d77e6f9ec173a81a722,dd438006b2bb7f894de433ee50801817,,594b30d013efc7e70f55bd2d08ccb53636b0bbd162e0aa953c7ecfab09b73c16,103|104|107|113|115|120|128|135,103
59551978890c3935c1cea4e5808648d1d478bfe2f956857e4255b99525b7800b,cgt,main,0x5d4c95284d7b0a271c2c030cf803b24646ee0dcb,06f5084c3a2b49fbda641791a2ad0cd1,8836de2d390d4653b1e0f2dca8b35678,,59551978890c3935c1cea4e5808648d1d478bfe2f956857e4255b99525b7800b,101|104|107|113|114|115|120,101
596d053fdda32ec697f5e41895e2e066999ec8a27fdca641eb7b6a2e3eedee42,cgt,main,0x8eb24319393716668d768dcec29356ae9cffe285,7222873818bf2c8046c9c990aadfff8c,be8954e3d89f8deff9bca15c79be1e29,,596d053fdda32ec697f5e41895e2e066999ec8a27fdca641eb7b6a2e3eedee42,103|104|107|113|115|120|128|135,103
596e3a2613d1aa27b2ec9e0e5851944591733e482575326489a0e3023615414c,cgt,main,0xa502f8112b2491718855f01a01a60462cc97a0d5,1c8166d5ad0e982626b3174088f95795,0b39a8dee39b1b04602f6679edd5761d,,596e3a2613d1aa27b2ec9e0e5851944591733e482575326489a0e3023615414c,101|104|107|113|114|115|120,101|104|114
5999e588e03c227ee6626e9ae72ad3b92905b6e97318a45f1c54cd943f605b66,cgt,main,0x606ddac6f2928369e8515340f8de97fe2d166777,43de1c3e0bb3bfe1720670642bc686c5,1fe6b33d5d3806b423f44aa1bac0b9e2,,5999e588e03c227ee6626e9ae72ad3b92905b6e97318a45f1c54cd943f605b66,104,104
59a1bdd164752548add352cfe43e16a59cc92edfe039955f418e8daf4252b6f9,cgt,main,0x761d0ca58b3b34ccf4f66438f9d6378e2f063dce,f5e6fc974a60fa7a5b6486cf5f4ba255,5ed5858d81a075a3ec45812985527c2f,,59a1bdd164752548add352cfe43e16a59cc92edfe039955f418e8daf4252b6f9,103|104|107|113|115|120|128|135,103
59ba23a68af9183f163680981ceb83d4b7ab0500a2c832de80a10f5bfe6b14ba,cgt,main,0x4ed985e2da341e276bbf7782f2e1e30689d33c89,69dac161fb0848574aafd35f74c01362,32e7326cb9d0f8acd91b8cfada9cd358,,59ba23a68af9183f163680981ceb83d4b7ab0500a2c832de80a10f5bfe6b14ba,101|104|107|113|114|115|120,101
59c73b4deb42299e9225216e3431887de6f12f6e89d2ee6ac6cedc8fe068eed8,cgt,main,0x79ec9b050ec82c31d4fc90fb169d968256c5cb11,331e979ac66262297dc5d6f38e4ac296,3e6899ae30e1d0f83dd9ee1a2484577d,,59c73b4deb42299e9225216e3431887de6f12f6e89d2ee6ac6cedc8fe068eed8,101|104|107|113|114|115|120,
5a4addd6a263bff41e426c1a7f8a9ac618a70beb8ccfccef69e9ffc94c8b7fee,cgt,main,0x2807e558a7eba8d25c3a05a0e7e9a6a437a6e6a4,275f022bae8274321bd591639364ab9f,6544d32bcb4b2200a56b08d10e2ff337,,5a4addd6a263bff41e426c1a7f8a9ac618a70beb8ccfccef69e9ffc94c8b7fee,101|104|107|113|114|115|120,
5a68d3abfdb668e2926a933ebfb9ad44032dc19fca26e0a5e06c5a0310f69b73,cgt,main,0xa1c1983aa3599657a74cf5a563e880eedc57ae4f,71c7ad89400a1388590d298694a5df34,d87d76f9fbdfda7915c560c90c695174,,5a68d3abfdb668e2926a933ebfb9ad44032dc19fca26e0a5e06c5a0310f69b73,101|104|107|113|114|115|120,101|104|114|120
5a9843b0cc6b43f976a12bb7b21e6d444b835fd20ac076fecf138a4e5665182d,cgt,main,0x754ec4b04c10a0373e849dc61f3112c94393e63d,ba9a730e5d4d2b282ece4ee704db572d,d9b75d478919e8dea5b5d3424563e2ec,,5a9843b0cc6b43f976a12bb7b21e6d444b835fd20ac076fecf138a4e5665182d,101|104|107|113|114|115|120,101
5ace32c93a5e4c849d68dcf47186c4cc008943fa209ecb3007535f6e20901365,cgt,main,0x70e2475b7da322d4a379e43cd7495c63c055192a,58cb37b0642dfa1834224cedcdcef09c,7c5834e9932e6d4a600a2d99bd03fc84,,5ace32c93a5e4c849d68dcf47186c4cc008943fa209ecb3007535f6e20901365,101|104|107|113|114|115|120,101|104|114
5ada5974b0176bcedd753f441023081d44a7f2ac94b0f74e62b15f119937cae3,cgt,main,0xf236d15aa8164626e3457cd38e69d7f46f95eeb9,95f840789390ee4c23aca04bdd00f688,a93e7cb4baef5d6357e87b062947be5f,,5ada5974b0176bcedd753f441023081d44a7f2ac94b0f74e62b15f119937cae3,101|104|107|113|114|115|120,113
5b03f7c815436bff7a708cabd03416b61ccd1059a7f50b2e732579bc9402416d,cgt,main,0xeb51df201213a067227115662ec3787b92956890,a4c440d7f5ac4ff375b64e1f99d2a5e0,07f75486038f9cffb6a1db3df71b7bf8,,5b03f7c815436bff7a708cabd03416b61ccd1059a7f50b2e732579bc9402416d,103|104|107|113|115|120|128|135,
5b1e46e96c1fa958054ea5c0e44c91529350655e6cdb87b4b8695a8a062ff90d,cgt,main,0x31c9c1e892b916fee242ec35fcb2220abfea3be9,2b27b6a3103e6883ab9e6301ddb2ff59,e41334d2ab28d00d02d3a1d88ec043f3,,5b1e46e96c1fa958054ea5c0e44c91529350655e6cdb87b4b8695a8a062ff90d,104,104
5b63d68f4d2b50bc0420c2c7ccd7f5ef32eb95e928178bbfbe91dafff1ed3642,cgt,main,0x48d8f22d45e40f34cb7c10799f31246f134e9b7f,c693cb9f1c37f305101ad9495c24dc9c,4f1c3beff1b984b7b5f4112a9915bf84,,5b63d68f4d2b50bc0420c2c7ccd7f5ef32eb95e928178bbfbe91dafff1ed3642,103|104|107|113|115|120|128|135,103
5b6e523eaf695c1cb49fb8b3b664d47dd21db849a6a2e684107a6442029ea4c4,cgt,main,0xa26b0a2fc7702ac3cdd4d578df7ef87ecf17908e,d27efe2a9ea2a36cd500cad362adc77b,6d00da530ba56b5b8bfa351244670912,,5b6e523eaf695c1cb49fb8b3b664d47dd21db849a6a2e684107a6442029ea4c4,101|104|107|113|114|115|120,101|104|114
5c025604dfb2e1008d48989b168c574aa06e5262a3376b1cdc010905cfb582c8,cgt,main,0x0b6bc31fe6839ec3b8cfc98819cec7fa64158a8f,08f140faaaa18a34885c316815552f4c,b06ba4482b84322c48cc8e88483c58b9,,5c025604dfb2e1008d48989b168c574aa06e5262a3376b1cdc010905cfb582c8,103|104|107|113|115|120|128|135,103|107
5c35aeb2880672438e0c8108e78b039ebe1792374f59ff330ee4222cb649b76a,cgt,main,0xe495bcacaf29a0eb00fb67b86e9cd2a994dd55d8,a2117ae9f80ede8a8b6bba0d87ec43dc,befad8080655d48fcd2b11f1c74924aa,,5c35aeb2880672438e0c8108e78b039ebe1792374f59ff330ee4222cb649b76a,103|104|107|113|115|120|128|135,
5c5980286c0193b46a7a98ffb904f4a7833f1b7abb90622313d2eff215c94c7d,cgt,main,0xd780ae2bf04cd96e577d3d014762f831d97129d0,314296fa147e0d9747b778b6bd4c079c,2eaac0c25ef09e1b515153d9a0c77e64,,5c5980286c0193b46a7a98ffb904f4a7833f1b7abb90622313d2eff215c94c7d,103|104|107|113|115|120|128|135,103|120
5c6a2c33db057c2e21cf7b529230827e388c59f3a92c2514f88ad81b7d715ce5,cgt,main,0xaf7aea249098f2c2f50cc11d4000ccf798194373,b5939bcd4c75d791586a7629590f73e1,7983600417c02383b1e380c2c38a4801,,5c6a2c33db057c2e21cf7b529230827e388c59f3a92c2514f88ad81b7d715ce5,103|104|107|113|115|120|128|135,103
5c8b9b3365282a03085c1023613b4161b08c6c6f68f212223d3fd45154c3e890,cgt,main,0x141766882733cafa9033e8707548fdcac908db22,98feb1759852b5ac5f3f0175ec290317,5475fb8bfc4ce59c4115a66ce5c9e3c7,,5c8b9b3365282a03085c1023613b4161b08c6c6f68f212223d3fd45154c3e890,103|104|107|113|115|120|128|135,103
5ca2796974279a4aa975c2f6f4b7bb489852499e5b212d4a59817a3ffec725f5,cgt,main,0x1567e891929f55a2bd89fd27f788af31d2761217,c1fb533e779378dddfda58c81044b4cd,becaf5a92aaedad45381f520cfb6f928,,5ca2796974279a4aa975c2f6f4b7bb489852499e5b212d4a59817a3ffec725f5,101|104|107|113|114|115|120,101
5ce8fae9b355056248e29079263dc072f9f63b5cd5d2707530afebc690f2e923,cgt,main,0x6f5c1ed62a4fa41cfc332d81fafd3cd38aacbd85,bd56dfd20c2a6cbf2f082338f5d8872b,d8309ac5dc859ce1e9f2aa7b4c825486,,5ce8fae9b355056248e29079263dc072f9f63b5cd5d2707530afebc690f2e923,103|104|107|113|115|120|128|135,103
5d0ca395810603c5a3bf488c80935d01c77da3bdbc55f9e1104df704e2a15548,cgt,main,0x477bb914dc811282675eadb05a1c272132429bbb,5fd44288460c0ec9665da2abbf1d397f,14f54ca321932567e263ab23e93f146b,,5d0ca395810603c5a3bf488c80935d01c77da3bdbc55f9e1104df704e2a15548,101|104|113|114|115|120,101|113
5d2acfab7b8ce38da8a5a1da3f8856cf465f82d7740c53b58b1a916d87333541,cgt,main,0xe4eabdca81e31d9acbc4af76b30f532b6ed7f3bf,927e1d54a4e8f9ee5fdae83adb0ad791,8c625f65e1ad8c37a5638b8609382e2f,,5d2acfab7b8ce38da8a5a1da3f8856cf465f82d7740c53b58b1a916d87333541,104,104
5d721f51ec579827429134d32e54ae05ba56b50cec0e0e99a77c2c93e46dba78,cgt,main,0x152df2cb3868bef5c6ed6b9feb0fb091c9e11a96,c8cb6cdf23cb479e68ac6d7a1563cfbf,24f60f8fcb39d4ed763e63f1a5d4f254,,5d721f51ec579827429134d32e54ae05ba56b50cec0e0e99a77c2c93e46dba78,,
5d7823b27d4286435826bf631de589abbfb5e6845b609c98aff363ca56f66a42,cgt,main,0xfe70f7d0fe6ceb71d4fc0308322ffa6098043e43,e1d9861f0b7b402e59e5d4002135173b,b1a9c764aeab033349a91833227ddf46,,5d7823b27d4286435826bf631de589abbfb5e6845b609c98aff363ca56f66a42,101|104|107|113|114|115|120,
5d87e8871ad578ca899f5044105c9e4a854ed4dfdabfbac6696a4209c8551309,cgt,main,0x9a3b82b780f451cf3da24b9b7f7ebce13f510745,805b9914520b335b655aea7df8dc8772,31ebf6c925d21da333020f45fc8eb889,,5d87e8871ad578ca899f5044105c9e4a854ed4dfdabfbac6696a4209c8551309,114,
5d932f08d2f8ab57c05d0758895d035431eab768e64da586ccb5db60b1dd8ec2,cgt,main,0x53570f9db0d81af09d9ef418e37e025668eed05f,c698a1c718d4b72bfbf51027720bd865,bf9c29c4695554a8cf1400536d421eca,,5d932f08d2f8ab57c05d0758895d035431eab768e64da586ccb5db60b1dd8ec2,103|104|107|113|115|120|128|135,103
5e2529fcc5baec7b45f744efa49755c4a8d3ed3d3a1aeeda6d2c59066f299041,cgt,main,0x6846b938f9be9f1eeeb9bfd853636c805f8f54d3,fced34639e048554f256abec33fedc23,6e779dca2028ffe78084ab9c375a32fa,,5e2529fcc5baec7b45f744efa49755c4a8d3ed3d3a1aeeda6d2c59066f299041,101|104|107|113|114|115|120,101|113|114
5e586b4dc7c76065473e7218d02350b5a948878c9afd4e93b5b6302f7491299c,cgt,main,0xe2d82dc7da0e6f882e96846451f4fabcc8f90528,3183afd3b8e29a89f87ac4eca073b703,78a1bac4edd0908fdb7ce0dd48ba8129,,5e586b4dc7c76065473e7218d02350b5a948878c9afd4e93b5b6302f7491299c,103|104|107|113|115|120|128|135,103
5e620c899d6cc57fc3de2c6244a6b43053825c3191c34d9baf24839c32a63506,cgt,main,0x00a0cbe98e4d110b0fa82646152d77babf2951d0,4d1500b8089b85a213b1aff46078a510,7b10cc99a942cd0189cbb5a4ef9b46e1,,5e620c899d6cc57fc3de2c6244a6b43053825c3191c34d9baf24839c32a63506,101,101
5e62eed773602caf09b2f46cbb5e3d0afb98a0f838f3b658dc77a4e8c1e14a48,cgt,main,0xb40d0312bac389ae0a05053020aac80c9237358b,2082bf78dcd3c00102676fbb064767f4,b3cc257676641abcaa741fa328f54ddb,,5e62eed773602caf09b2f46cbb5e3d0afb98a0f838f3b658dc77a4e8c1e14a48,104|107|113|115|120,
5ec5d71d199140ccb70dd2a0c96ed3fb3411c90f3fbacf41e3cfbc2e9baf6c97,cgt,main,0x92cb5f1fbabbcbdd891b9cbd8e9a056c8c1eebef,478815f4030361733fa5db8f474341f2,e0006120efa8302e93096680effcc60a,,5ec5d71d199140ccb70dd2a0c96ed3fb3411c90f3fbacf41e3cfbc2e9baf6c97,103|104|107|113|115|120|128|135,103
5ef59941a64598871a6ac73a8ac29f6a06fe9c812445e6f771ae630e9d9e66b7,cgt,main,0xbaaffc2f4074863bf0ced1dc61e5410fad075cec,8871f6f2272b5f2ebc744dd3cafe69af,5c2c509a08583f4eb812f065f2857092,,5ef59941a64598871a6ac73a8ac29f6a06fe9c812445e6f771ae630e9d9e66b7,103|104|107|113|115|120|128|135,103
5f10d70a02f75d39079fa8d5fe31c671ec28b30e57d67886a67667a1a5dca3fc,cgt,main,0xd12d8f8dfa54f1578b2177f99b2e282367b66b13,f20f86a73752cca94d13f8390548193a,252ce49290ea3b36fd0fe41525812a4b,,5f10d70a02f75d39079fa8d5fe31c671ec28b30e57d67886a67667a1a5dca3fc,101|104|107|113|114|115|120,101|104|114
5f25df210850f18316ba92fdbcbf8d7c7b5c17cde14f24f38fd55425a6cefb58,cgt,main,0x716b5400f76dfc3420822f710835de8baf105442,c50d1cf28c213c927cb18502becfee6d,b3f09a0df172290e5c6a091c6b1a8a08,,5f25df210850f18316ba92fdbcbf8d7c7b5c17cde14f24f38fd55425a6cefb58,101|104|107|113|114|115|120,101
5f398c21e6243881627560ccf725323401d6d5643f7af7cee761c2f94730e91a,cgt,main,0x233820087a752349ee20daab1c18e0b7c546d3f6,c847860512967db6710b7a66afe28324,bf7dfda6696aa160757ae204323fc9ad,,5f398c21e6243881627560ccf725323401d6d5643f7af7cee761c2f94730e91a,101|104|107|113|114|115|120,101|104|114|120
5f3ba1aa12009dc2ee5bae7a5b3ad2100043c271cc309e50870dd105cbf00ecd,cgt,main,0xd8a5b0d3cb3b00113a0cd96856926dc555d9e752,cef5796c529c8e52f48c5c0ac9f5ec54,2585c5861163995c30e82a8eea55dff2,,5f3ba1aa12009dc2ee5bae7a5b3ad2100043c271cc309e50870dd105cbf00ecd,114,114
5f77f08297d08d71162bb4835a253e3e071185c6d1066dfff5b62a907ff354a4,cgt,main,0x49c3019b7a83b3c77a823255533975969027308d,a21002410407142b2e377ffbe9c9aa9e,9584f41d05abd6ccbc2dc4caf838f395,,5f77f08297d08d71162bb4835a253e3e071185c6d1066dfff5b62a907ff354a4,101|104|107|113|114|115|120,101|104|114|120
5f9a47d485a42d77b1a9d64a646649f1a4f60f0bfe7f26fe05069df20a146cfc,cgt,main,0xdea48d521832780f5e437f7f744c94d2cda85af9,d7cb322e4a6989fd636eed11340ee307,98503fdc24c0142584e3e25d408a5424,,5f9a47d485a42d77b1a9d64a646649f1a4f60f0bfe7f26fe05069df20a146cfc,101|104|107|113|114|115|120,
5fd82a986b14185b1cb04249157c7012dfa5bd99e8ee21576ae7c9e47169ec87,cgt,main,0x07419940b9a2d1eb54e123bd4853240ffac77186,f263834ac4680777ad0e8ddce59bf962,50199a9f052a52f705a7e27859f44744,,5fd82a986b14185b1cb04249157c7012dfa5bd99e8ee21576ae7c9e47169ec87,101,101
5fe447570c4281a2efa22280d3bf091f798a0ea3e3b9f5a0807d86c2245ab083,cgt,main,0x76e580f75bf01bffbf4f44167d5822346de4f176,641ebc55d2990a7137fa77353b5bb51e,15cc141bf3943b9b4e20f99e793a37bc,,5fe447570c4281a2efa22280d3bf091f798a0ea3e3b9f5a0807d86c2245ab083,101|104|113|115|120,101|113
6009af380c7d9b70afa782bf63e1f285e0c081d53e45baa704a5f9144bc76ea2,cgt,main,0x4229a873bbd207deef8f41e807e563c26033d118,cdcd7811c46dce1b4b78db4cc3ab64ec,bea5829ee1acb9896f113e163db68a39,,6009af380c7d9b70afa782bf63e1f285e0c081d53e45baa704a5f9144bc76ea2,101|104|107|113|114|115|120,101|104|114
6018497e7eaeef95957ad0078739d659d9e84f8f01b3c7e9a2e0191e47d9708d,cgt,main,0x836175e10c294d76fb44135d666b3eb76a62e0f0,432e039096f4390d47f0639fcf0202cc,44ed909bde5d97181f0ae1590345d074,,6018497e7eaeef95957ad0078739d659d9e84f8f01b3c7e9a2e0191e47d9708d,103|104|107|113|115|120|128|135,103
602826594575c9d3cf06999877ea452934edcb0cd119b91c3592deb686b0d447,cgt,main,0x2bcca955c9200c9a5f888bc2b14b91aaa56cd5c5,847aa0833ae3ffc2e017f419f88d9923,9d807fffe599ecae65378f5426852a85,,602826594575c9d3cf06999877ea452934edcb0cd119b91c3592deb686b0d447,101|104|113|114|115|120,101
6066bc7dc11b1257cc1a0c37d96d8382aea391ce814fd573b5e9ac90d8a215c4,cgt,main,0x5f5d7147adb6ed31a2ca03ce3defb070a3be0ebb,613dce5d8f776431d2cc0de47b9331fc,ee3090104bd3ff77a5fb8f412b59187c,,6066bc7dc11b1257cc1a0c37d96d8382aea391ce814fd573b5e9ac90d8a215c4,101|104|107|113|114|115|120,
607f2338e91f0a1151c16c066dda8c89dffee418755e6a36b6330101d19daed1,cgt,main,0xade85d1796008281dbf4baaedb2790d3fea8d89d,f199294f42084c951a7dbdd1b448a711,b755813fa98436bb3ac93aad3014b482,,607f2338e91f0a1151c16c066dda8c89dffee418755e6a36b6330101d19daed1,101|104|113|114|115|120,101
608c0c3d48deebf0a61bd8ec734b2a9c8401cfed777ba3cf5a28510c3c3ae13b,cgt,main,0xdd4950f977ee28d2c132f1353d1595035db444ee,3d52a9cebf49fb5b04070569fb5c582f,5f647ede3bc2b480dc2a890ae29d4833,,608c0c3d48deebf0a61bd8ec734b2a9c8401cfed777ba3cf5a28510c3c3ae13b,107,107
60a9f2e1638151f586cf060f02bb2b1e7e9d7a6894fd59d19b40d48c21008fdc,cgt,main,0x30cefbcb5c26a5b19a019092ab8d09f8739c904f,1ca9c7fc654f25ca34665947563a58c2,8117b95fa7a39ecf91acde5bd326d976,,60a9f2e1638151f586cf060f02bb2b1e7e9d7a6894fd59d19b40d48c21008fdc,103|104|107|113|115|120|128|135,103
60b2f5e1222e2c68264f09f34a5741b54b5e952afe8001f86ea6c2c95802b19e,cgt,main,0xe7c8635bc387994069f7b7f25b89534c67727a01,45054cce5bbbc79c49096a273b3c3638,52bcccdda17e273a3acba53810c85d90,,60b2f5e1222e2c68264f09f34a5741b54b5e952afe8001f86ea6c2c95802b19e,101|104|113|114|115|120,113
60b899ea6ca4c44a201b7cc9142fa1e80bcfef35c2bcb9ca4571bac8a27b7463,cgt,main,0x7f64e2913511ceb3301f0515548ab7539735182b,39232beda28dcc776c47633ae053d13a,39e761e19ac7dba8a62c90a7f7dbe4af,,60b899ea6ca4c44a201b7cc9142fa1e80bcfef35c2bcb9ca4571bac8a27b7463,101|104|113|114|115|120,101|113
60f13e85c921567266da39a2115c3af4a391529aa160d8a12ba882ee3fdb9d1f,cgt,main,0x55648de19836338549130b1af587f16bea46f66b,703a6835760d1488da75e2ff8cf3d24c,9a77934bf6f76fdc574bb6553c46f987,,60f13e85c921567266da39a2115c3af4a391529aa160d8a12ba882ee3fdb9d1f,103|104|107|113|115|120|128|135,103
611570648f2803872682fa89af86ca2df27b77569a31587da7adf13fdbcaefd3,cgt,main,0xe9da10f1aba727bfb3641846ed4d5bbf2add39c4,d8a69337f37be3075eead117fa5aadea,da4fd267ff127b1464882e172c2636d6,,611570648f2803872682fa89af86ca2df27b77569a31587da7adf13fdbcaefd3,101|104|107|113|114|115|120,
614ff6dc9208df006df18436c070bf5855a50cf309a92115a7ea6c764bac73aa,cgt,main,0x6f47980674550d8c8240e6eaf3b594f562adc7a9,19c1e3c2ccf75950437e3b20e768174b,04b8ac3bbccdb371413f759b4154bf41,,614ff6dc9208df006df18436c070bf5855a50cf309a92115a7ea6c764bac73aa,101|104|107|113|114|115|120,101|113|114
6154557fbf1932b4aa3e8d168130790a7209f2dd9e7aafcbb54ba3f0f315d9f3,cgt,main,0x98f9e314a874e17c77e7ec24f228649f21a52368,0ed2f3f106dfbff8e26f2fdeab484a6d,02370ab1b7655bd21bd8041c0c338dec,,6154557fbf1932b4aa3e8d168130790a7209f2dd9e7aafcbb54ba3f0f315d9f3,101|104|113|114|115|120,
616987dc62b39a2f80d7eedd68bf69681ab5d2faf178f1a8eb531db9e6b51e9d,cgt,main,0x131288b47c92409d0778d0aa2fbb8367e3399d33,8fe8d2ec644eb8d1edced450320c4391,b87f95712c7bd0f52984af7ebb49f592,,616987dc62b39a2f80d7eedd68bf69681ab5d2faf178f1a8eb531db9e6b51e9d,101|104|107|113|114|115|120,101|113|114
61ab8673ffe506503b1414de6794357374ac74086b25d3950e63b0aed99e7dea,cgt,main,0x111cc94a5dabdf192c5106fadc844a98b0f56be0,78d00a3c9a7d18b5786f1bb2d5accfe9,ffba8ea9655f6dd1889d26d3496516b8,,61ab8673ffe506503b1414de6794357374ac74086b25d3950e63b0aed99e7dea,101|104|113|114|115|120,101|113
61e3a12ee4c439c2dee1a33960d4d1a75b96c9a7886959b7cf20004cd7a018d9,cgt,main,0x2c3cc0f8dede2eccae43380ecf29b61fa6d10dca,d4e205bd9fbc5a0f691d4b25538b291e,9388ad5068d8e32e89a69db31615ab59,,61e3a12ee4c439c2dee1a33960d4d1a75b96c9a7886959b7cf20004cd7a018d9,103|104|107|113|115|120|128|135,103|107
61f86002ace53e355268b542d7af0d802ef6b8c98894a2babf4162ef96eeb4f8,cgt,main,0x8c65898cceaa73209f579653fa5523b7b13972bd,8fe71d4053fa7d500bd90f6167fcedb6,1b2b34f44689aed13821a13cd15d8479,,61f86002ace53e355268b542d7af0d802ef6b8c98894a2babf4162ef96eeb4f8,101|104|107|113|114|115|120,113|114
620ba112107d04b77cfb42d4c07328449b00c06a98f182ec567737910af24072,cgt,main,0x57b3616a41906480f95e3289fab0554a703f69a2,7e105bcb309ae9e6da41d9f130db6e28,28dc32312982994b95be6d7a47ef9dd1,,620ba112107d04b77cfb42d4c07328449b00c06a98f182ec567737910af24072,101|104|107|114|115|120,
623f00588f003a21bd59be6cf7a09da6d1ec98d0b5bde5bbc90528f98024ac73,cgt,main,0xd76b5c2a23ef78368d8e34288b5b65d616b746ae,913a436e757c69d8d1b54fb1683eca2e,96ca2b13b04eae7302552f2360957700,,623f00588f003a21bd59be6cf7a09da6d1ec98d0b5bde5bbc90528f98024ac73,103|104|107|113|115|120|128|135,103
6264531d834a99a335a176482b4615aac9b4619bf58105fec3c2f4d8d4493d27,cgt,main,0x2af47a65da8cd66729b4209c22017d6a5c2d2400,a46f3908447d0c0aed20e9a18c2f6dab,9fbe82023e09994103ba02fa26c320b4,,6264531d834a99a335a176482b4615aac9b4619bf58105fec3c2f4d8d4493d27,103|104|107|113|115|120|128|135,103
62aa3b1b09410c695c27b5788ccaf3662e998cf4d3faf55d111da923f4227ffb,cgt,main,0x15dbdb25f870f21eaf9105e68e249e0426dae916,130878560b3e9afad0534371094ab610,a762866185b9c4639a535f10bd911e8e,,62aa3b1b09410c695c27b5788ccaf3662e998cf4d3faf55d111da923f4227ffb,103|107|113|115|120|128|135,103
62d68859ada7fa7da1550a4d4191328ddde0f2b096712d3f07716e49cd67b5e2,cgt,main,0x75e13520fc29d0bcdd21da14ed693563091ff0fc,e2b65d2e7a7af8cd55c2e9ededb9fef1,301d6b64910230b58e4d83b93d4b3d5b,,62d68859ada7fa7da1550a4d4191328ddde0f2b096712d3f07716e49cd67b5e2,104,104
62dc68817ebd528dcd3fada9cadf5d8539aad7d2edce5812020b214411548574,cgt,main,0x47bf405a0d8754d208057e7a792c3bc8d6961e70,1166dc43ce7f9a441d630729cc6c524b,7a2822b2226042ac5e3792575c70cde9,,62dc68817ebd528dcd3fada9cadf5d8539aad7d2edce5812020b214411548574,104|107|113|114|120,
62e82553be9afb63417342a57b99ae30a8f971df9247098a4e8df4e2a361f2e6,cgt,main,0xc0829421c1d260bd3cb3e0f06cfe2d52db2ce315,57f266bff7ed266bf6825d1b024d9793,4aabf9b65399f23c0770dd51841a2806,,62e82553be9afb63417342a57b99ae30a8f971df9247098a4e8df4e2a361f2e6,103|104|107|113|115|120|128|135,103
6300f07de1ed1d52c3f1430e16192bdaf97e4d31b18b9d1f7fd8b1a7fbecabff,cgt,main,0x1cb0c1cba5193ec5e0303d46a83a7109629046b6,28d2082bfac0299b61ce79abab90c8e3,3072688a2aef80f25f8dc274190b7ef8,,6300f07de1ed1d52c3f1430e16192bdaf97e4d31b18b9d1f7fd8b1a7fbecabff,101|104|113|114|115|120,101|113
631bb96e1f25ca8a0431a7c826477bbba485ad4bdab6d25f9f2d1ed44a552b27,cgt,main,0x8fdebcf5c93dc128de40fefee00f581fd80a1e92,ad9838a960b73175adb9f614c1ff7029,2445f0aa2b2ca8c6dd89a7b5ffbc603e,,631bb96e1f25ca8a0431a7c826477bbba485ad4bdab6d25f9f2d1ed44a552b27,103|104|107|113|115|120|128|135,
63522e40534683736f5d252d964071b950b6174d68183192b9b623e7f482a105,cgt,main,0x7a0ec191d8f44f3bc3cbb4d1105ced31c30ff492,1ab9ea2a77ef97a9d3dc03edd0b3550c,a705f08a3c8fed99446162dd907eef30,,63522e40534683736f5d252d964071b950b6174d68183192b9b623e7f482a105,,
6357382be8258ca609a87844e3aa5fe7cd25826d191b677f6da66832cf1804af,cgt,main,0xc35dce7925cb3a33406abda3158a336f0a59cc0a,4c7b14d90520b36be386bcb6ea5fae7a,07da4e435cbf10b1cf32ba4d28fba339,,6357382be8258ca609a87844e3aa5fe7cd25826d191b677f6da66832cf1804af,103|104|107|113|115|120|128|135,103
637141765fd78c4448cc6d5d61a0d0ad49d1ac47405a2975b818a1e97325e52b,cgt,main,0x1d11e5eae3112dbd44f99266872ff1d07c77dce8,605111068a9eec442e8de0b6a8047180,f30e73496a62f8ebca582af3b723326e,,637141765fd78c4448cc6d5d61a0d0ad49d1ac47405a2975b818a1e97325e52b,101|104|107|113|114|115|120,
6386ef16a249ceaf5ce47e76606a0279fbd1e3f46acae925939a80f068ec2bf0,cgt,main,0xe8a6d8e9a08281b0e235ad54ddedd98920517dff,64ee4648ec8cda0f6209a2ac82e9cb1c,8fb488a4246655e255b5ed8aa94d7c61,,6386ef16a249ceaf5ce47e76606a0279fbd1e3f46acae925939a80f068ec2bf0,113,113
63981aeb722cd3fc1563e503d053c7f00229974bbbadce0a32f212b44de693f0,cgt,main,0xfcaf204852781b57c23023aa28f21437f7303505,87639c3c5c8b372d5fad93cd277d74f0,2d18bec73bf1d4e7430b34d81aa19dc2,,63981aeb722cd3fc1563e503d053c7f00229974bbbadce0a32f212b44de693f0,101|104|113|114|115|120,
63ad47c70d25045192381d1e15a0f99cbfba11e7903c6f03c58197946dd77eed,cgt,main,0x9c35fd2d966bdf2c28d906b0d862acb6600d28c8,b887f6a7bffdca042e3fb41eed480869,e9c0d4310c1fc27f4b3a9c3762522b37,,63ad47c70d25045192381d1e15a0f99cbfba11e7903c6f03c58197946dd77eed,107,107
63b4544e2aa329e87be722d329fa3d7b648472df21db4aa0c8235a984529e3ea,cgt,,,d2124d04bc19a9c608e1104ab350be14,1aac80c433b49f0065fb0cdefce60cf4,,63b4544e2aa329e87be722d329fa3d7b648472df21db4aa0c8235a984529e3ea,107,
63d61636e0ec0b13878b6bfafe22feff70ab49089faef01462625de6676a943a,cgt,main,0xbf28e50143ca1f25c7e2887b1d5cd47ec5dccd17,6e0dab69b16199ee5810842e25fbe33a,7b767511b3054bc0edeb24f9ab6a5ca7,,63d61636e0ec0b13878b6bfafe22feff70ab49089faef01462625de6676a943a,101|104|113|114|115|120,101|113
63fae3afae714bdbf0b427064073fc0d64c818b570ae504349654ee9d4f80ac0,cgt,main,0x16885883e2785c56d279636b45fb85d8f9b0db23,afef6c4c6101c5b31bffcf1501b9ed2d,3a81587a5f931c20740f3e215b4e16da,,63fae3afae714bdbf0b427064073fc0d64c818b570ae504349654ee9d4f80ac0,103|104|107|113|115|120|128|135,103
645450497f2f4936468c4215265c8011c5238f93f5c6e1c028ce013a26694ca5,cgt,main,0x0e0e733dd24168d85ecb5a62bb13385d31edf761,74bf106152b319a0f4d602a40677c423,41490925311ea5513051e4aea2203979,,645450497f2f4936468c4215265c8011c5238f93f5c6e1c028ce013a26694ca5,101|104|113|114|115|120,101|113
6485d2602f68a7490b2b99ccb27fca2855b7cbcc2f69fbf9939669a495e07eaa,cgt,main,0xec9faad25d2b524400fbf425011b59d7cc5c4b97,1775bb0e26dfeb1cdf6ca79c7221be2d,2186b50bbd92c26e89a52e190061282b,,6485d2602f68a7490b2b99ccb27fca2855b7cbcc2f69fbf9939669a495e07eaa,104|107|113|114|120,
64dbad9b20780fb67c13f632a133e044e350e71922f504106de7302cb9740b21,cgt,main,0xdf77e4a81fba17e0cc39dba521aa4167f388ed7c,2011d255fa5ee7aa031b0d9a69195719,ad583c943a22e31569632406bd2226cd,,64dbad9b20780fb67c13f632a133e044e350e71922f504106de7302cb9740b21,104|107|113|114|120,
64dbb8c8eb1d65e4b59a8f1aefd71bf79abf07ce120b01b663a47f00908253cc,cgt,main,0xab7c74abc0c4d48d1bdad5dcb26153fc8780f83e,f932118bd85ccf9739527b865a095cab,da5c5f6fafcc0b568c7fa85eb6ac957e,,64dbb8c8eb1d65e4b59a8f1aefd71bf79abf07ce120b01b663a47f00908253cc,103|107|113|114|115|120|128|135,103|107|120
64f9552f7627f1dbbf544697205eb20c7fef50ace9e97fde03fb352d4a651f2f,cgt,main,0xea3be67a30325e665a86ea4149c781b20a81e07f,9f6f901d27f950873d0ea41fc1aa82a0,92924814df0e74693bee8c78cf062677,,64f9552f7627f1dbbf544697205eb20c7fef50ace9e97fde03fb352d4a651f2f,103|104|107|113|115|120|128|135,103
650300b2897acf65335dd6af07c57830d73ff5552c72ca89ef2ba58f8067caaa,cgt,main,0x5e84c1a6e8b7cd42041004de5cd911d537c5c007,f0bd9fcb6d6fbdec297a90e03a9b459c,ef494843e917f53dfb2a1ec00bf54ce1,,650300b2897acf65335dd6af07c57830d73ff5552c72ca89ef2ba58f8067caaa,101|104|107|113|114|115|120,101|104|114
6535fb100bb5e4f21476c2412f54c12d60a0f48e297c06f7e0b4a5e0f386a321,cgt,main,0xbf35faa9c265baf50c9cff8c389c363b05753275,71676d2f1465ced830e530e0f1aec173,45d3d01bd8ba8f0f86dcaf70f68d5e6f,,6535fb100bb5e4f21476c2412f54c12d60a0f48e297c06f7e0b4a5e0f386a321,103|107|113|114|115|120|128|135,103|120
657a3915c6d0d01c7ceb75037d5af71ef953608543697107ed8c36b571351872,cgt,main,0xa0c1b6f1d8bc69bcffca759d59354c2cc4fb9db6,52cae148717c261ec5b3e880df1cd0cf,479697d0dbbbc4edc626a21d6634cf2f,,657a3915c6d0d01c7ceb75037d5af71ef953608543697107ed8c36b571351872,101|104|113|114|115|120,101|113
65adc5b9daa006dfd16df31605c812c47a5cd452b29b0d55508932137831e0f5,cgt,main,0x00eaa60fd31df3cd294ca88838e58293d8d6e861,415633176efcf2dbfaac30d691fa69d8,b0253fdd9fa63fe66f489c747e1cb56a,,65adc5b9daa006dfd16df31605c812c47a5cd452b29b0d55508932137831e0f5,120,120
661d20cf6ee0fff1c71f9dc0a324811b668ac7464244e10560be25b69f70225c,cgt,main,0xce9ed0b322a1420da4b6990e3047796f57471336,b3495db7b00186efcb350156d0bbf190,45171cc41f9867f04723b95f2e1613e1,,661d20cf6ee0fff1c71f9dc0a324811b668ac7464244e10560be25b69f70225c,,
664df5222a4d1b618607b2eccb204307be98d946ad5d17942d29a61af49093ee,cgt,,,cc0751a43b115aabc7f1fa5a2e31ab3e,4f486cc659ddbcca65f3043e99e31c5f,,664df5222a4d1b618607b2eccb204307be98d946ad5d17942d29a61af49093ee,114,114
6675206c73007b5697bea42e61b02df43b5611e48436b25cd99ce5fcbf8a8d6f,cgt,main,0x53891ef3793d8534ad42312bcc77dfad51bb5f1c,1b8ccfceee30a560a4deb0cb55785f98,675097c96065af7ce0ca7508e8fbc78a,,6675206c73007b5697bea42e61b02df43b5611e48436b25cd99ce5fcbf8a8d6f,101|104|107|113|114|115|120,101|104|114|120
66e2eaeab2df1b21503cbd8ce9deef3e616c9e4aca275f08340bccd1694952e6,cgt,main,0x3c087f2684706b78a1c558e26e2735a4f8ddbb2a,dae1a7ae1f3ba563aa3fee5de20ae86b,9918559109932194fde5b0eb73c90413,,66e2eaeab2df1b21503cbd8ce9deef3e616c9e4aca275f08340bccd1694952e6,101|104|107|113|114|115|120,101|107
66e58a6779c063dd0ffb571be42564cddb1a7eee2bfc51ce11d14523de6c9aa0,cgt,,,ca8699a1b7f9962698ec11828960ecae,8a1c6ea9bf23910a59e2b67f200a8de6,,66e58a6779c063dd0ffb571be42564cddb1a7eee2bfc51ce11d14523de6c9aa0,113,
671a74ab442843aadc3429b9cea18ea3b6a15c2bbbfae4765e1dd9b738f9713a,cgt,main,0xf4873530d48d3948c1d25fd6a58b0238751ca6ba,32b55edd86c11a1479382d5ab3824982,6e7cf1b3ca602e9a12f9477049b6cbd0,,671a74ab442843aadc3429b9cea18ea3b6a15c2bbbfae4765e1dd9b738f9713a,104|107|113|114|115|120,
6750645cc88ce06b37ddc8a4fd7336c9f0921d676b3de775defcc69005ac8de3,cgt,main,0x5e49ec3fbd55e7b86a5a5b1a32c73aa44b42b4af,87371f7987cafb05d250a8ce54277075,0baecc9b4a5158a3473b17f830f79739,,6750645cc88ce06b37ddc8a4fd7336c9f0921d676b3de775defcc69005ac8de3,101|104|107|113|114|115|120,101
678e92772f15ca1b6c7345f95aa8bf5c4d2e1be5a44049cf2a5b0474b0676f5d,cgt,main,0xa1ea522792ed4f092bf81c10865cb81299e46679,0807ec2996aba0cdcf61bfe2926aed6d,074d805ae8c15aa7065e0d671c9b7c23,,678e92772f15ca1b6c7345f95aa8bf5c4d2e1be5a44049cf2a5b0474b0676f5d,101|104|113|114|115|120,101|113
679343286af94b164217e2a292f2ee7df23b8b6c311a1ea24a95a9ac20697c53,cgt,main,0xd39fe1cffd8f070429169b416b7e07f486d553cf,6c64a084e173c7659c78ad933a2a1f6d,a26d0af68a776b8f6581b371d2704ffa,,679343286af94b164217e2a292f2ee7df23b8b6c311a1ea24a95a9ac20697c53,101|104|107|113|114|115|120,101
67ce65b2c327e264a4b68270ea3324c9d6c627ca7a2a7ebfded05932d592b9bb,cgt,main,0x3e013fc32a54c4c5b6991ba539dcd0ec4355c859,38f02790c2b864535bdd9aa5d9d6ef53,b35c2997cd87cf54ccd81ee0c9c73ed0,,67ce65b2c327e264a4b68270ea3324c9d6c627ca7a2a7ebfded05932d592b9bb,104,104
67ce9c0c4ef2d41bc25647d9d54b922a33fed35dbbfbc26f02ff16349d968460,cgt,main,0xfabe292d8019bfa02e5fead2c78ef71a1bf35ce8,03118b43dc45db9bc953c750bec9d391,1fe24061953dc0480f0658102ee8d9c6,,67ce9c0c4ef2d41bc25647d9d54b922a33fed35dbbfbc26f02ff16349d968460,101|104|107|113|114|115|120,101|113
68044f2b3a7f3ecda7f9b7c54ee36025ce503367e878af5029eeca7d5a50c770,cgt,main,0x1e025340d6f75a2a4ef81139049cfbf976782eeb,e25eda7763b8a38583ac6e71c50ce88c,b850b5bcba8a55da7577ab201654922f,,68044f2b3a7f3ecda7f9b7c54ee36025ce503367e878af5029eeca7d5a50c770,103|104|107|113|115|120|128|135,103|104
6858ef7917ad01c37da4e20ce3df9e099dcea061998eac310e26fb822efbfdb0,cgt,main,0xe64f9f5af35ee8dd53f0c503e55852e169de3b6b,9912f1bb0cf9a7ef7763dd90efd63fd6,7692b75c736439a498c3100caa883cd0,,6858ef7917ad01c37da4e20ce3df9e099dcea061998eac310e26fb822efbfdb0,101|104|107|113|114|115|120,
685ccca19b42f30742d187aaa3b24907d50259a24c8ea5e4b869a0f73ccd7252,cgt,main,0xe752483412490481d193194d293db5cd0ed054a8,7600b2cd6ec51d59d70c378f207077c1,12da6273717c6104ca5de10b7ae99db0,,685ccca19b42f30742d187aaa3b24907d50259a24c8ea5e4b869a0f73ccd7252,103|104|107|113|115|120|128|135,103
68934555afe49616453ac3c7e48d8d587094f76bb96a9d01d4857dd336de6775,cgt,main,0x460a40f16a00e3c6be9c55ef6696e7b036db2703,ff74e80a2d7d607178b1b7fb30c06625,319ffade27b9b47da14f9376d5b75c2a,,68934555afe49616453ac3c7e48d8d587094f76bb96a9d01d4857dd336de6775,114,114
68a8ac6ff2aa70bb6defc2f7bdaaabe0dc23d50a9c35758d88f43b16854f3c65,cgt,main,0x22d2913a4bf16c8dcf1ee655f9b547ac55368f88,38b62a935bbe9ba5636b09774899e80f,f349b9a121e79276479e3f03739b8885,,68a8ac6ff2aa70bb6defc2f7bdaaabe0dc23d50a9c35758d88f43b16854f3c65,,
68c45ba98788688e84337793cad6a015bb0e965d0a2ef77c6c36daf67b254604,cgt,,,22923fedd516126a1d66e593c0976bc6,f14e6eeb48f8747bab1a00eeb5648a02,,68c45ba98788688e84337793cad6a015bb0e965d0a2ef77c6c36daf67b254604,135,135
68eb645f9a63e4634409eb9ac286223f3d57e58d37c0d0e7f733a5ca56bfbf23,cgt,main,0x8ea6c8077d6316b46e449aec8fb60a606cf50eea,75af39f0feee4ddea51058a2343a6a63,f5ddd1202d95a16e2a5d179fc8dc1b7c,,68eb645f9a63e4634409eb9ac286223f3d57e58d37c0d0e7f733a5ca56bfbf23,101|104|107|113|114|115|120,101|114
690f58151fd06b8f4bd2ce01b8aecd78b9babdc56f1bba9f67072aaeb5050492,cgt,main,0x8f951903c9360345b4e1b536c7f5ae8f88a64e79,45dc99692bd8d68032b162f3b94ac2dd,2e62168f415e49d2400f14905be897e3,,690f58151fd06b8f4bd2ce01b8aecd78b9babdc56f1bba9f67072aaeb5050492,103|104|107|113|114|115|120,
693b80030c152a58153b2e313719692ac230d9d9e0eadf858587bcc29b31b55c,cgt,main,0x60e6b603b34b39ed22e95c10f360afde8a88d1e9,f8b93ef37b62ff68833fe18eb0379d5e,bbc49943ca48e878c8b6488d00ddf912,,693b80030c152a58153b2e313719692ac230d9d9e0eadf858587bcc29b31b55c,103|104|107|113|115|120|128|135,103
698304e810dd1efa91c7c32a2eddce17774bda901f8cd5ad5c98e534f627fe69,cgt,main,0xe2e5d0e1422e927abab19ad2067f802ad07fb364,2d7b1dba13dbf0e1cb5d56b6e6d10b0f,d9ba4cbb0c6c070d0125fd8b20fad2db,,698304e810dd1efa91c7c32a2eddce17774bda901f8cd5ad5c98e534f627fe69,103|104|107|113|115|120|128|135,103
6983debf4b58acb907cb4915a7742b8dcce59ea68d674935679c6ff3f78c3321,cgt,main,0x627917e47cd111382ddf7fb1dc140d2daf8876b3,c583f4ad4c95c821653aef3a55547499,069f95607c5d615d84cf86194f646b1f,,6983debf4b58acb907cb4915a7742b8dcce59ea68d674935679c6ff3f78c3321,101|104|107|113|114|115|120,101
699656759c18b1ca06f7c2bc39d408f508c6e6830e7c3b9b4fc47899a667b146,cgt,main,0xfe211f86be5de898c9ebffe2c2b1d49ee8460b7f,2f80382af60956210d4b6463aae13a9b,3089ce46c6807fdfe33986e2411620a5,,699656759c18b1ca06f7c2bc39d408f508c6e6830e7c3b9b4fc47899a667b146,103|104|107|113|115|120|128|135,103
69cd8ea55ae1516d8e2fa506c9b01ba65a0db084b58ee365c8e9eec892a7e1d0,cgt,main,0x02e01e9a73ed2cb24b32628c935256e455b0a078,5c0ca26b8db46b117b9e965dae960f67,5774f30038c01999b4fae30e61972e94,,69cd8ea55ae1516d8e2fa506c9b01ba65a0db084b58ee365c8e9eec892a7e1d0,101|104|107|113|114|115|120,114|120
69e82192754ef2d44bc085fecf478387d902ffbd71b1a14b21f7e78f166d8c01,cgt,main,0x3339ec512996fcdfacae2fbe941b6820f2c4e8b2,f301f189756ea87733dd8d987360fddd,18cafcb4fc1c594bf6481b5fefb5a186,,69e82192754ef2d44bc085fecf478387d902ffbd71b1a14b21f7e78f166d8c01,103|104|107|113|115|120|128|135,103
6a01479ea43be3df7c4d11c874757c3925e8b0140e7cd58ccde664b4635d746b,cgt,main,0xb11b2fed6c9354f7aa2f658d3b4d7b31d8a13b77,b96736d8cbb84c2c602d769eee92829f,606f7979f973a8a83fb6accd43a75782,,6a01479ea43be3df7c4d11c874757c3925e8b0140e7cd58ccde664b4635d746b,104,104
6a093ce8cbd371164cd55930aaaf6017ce9721fe3a8523c6784a82bf4f6c8f9b,cgt,main,0x3a09769f27a6e4b01bc58b1273bcaa8159033ec5,aeb7c2bc443ddfe4bb0f584dc887703c,57d2dcb77112ecf7872af4ba4bbc3264,,6a093ce8cbd371164cd55930aaaf6017ce9721fe3a8523c6784a82bf4f6c8f9b,101|104|113|114|115|120,101|113|114
6a3bc249853ff083af6433a6010f7487b9f70c4392549f4cc8071fffcd3fc335,cgt,main,0x5b2ff75d7eaa47db475707dae12a688102ef4290,e6d93942babc3aeb49dcd58752a59833,d324233738fd55246925356a4b653962,,6a3bc249853ff083af6433a6010f7487b9f70c4392549f4cc8071fffcd3fc335,101|104|107|113|114|115|120,101|104|114
6a51db6f20ddb5dd3b37531c4061d449cf8cdc3cf6c50038d9721a82932c41e6,cgt,main,0xae42990ad29747c9ab0c16098b8c5393e53c6abe,2d1f6e82d246cdcb07ec5b4e55a8508c,42668498cda0b336ed83e564d9c6dd66,,6a51db6f20ddb5dd3b37531c4061d449cf8cdc3cf6c50038d9721a82932c41e6,103|104|107|113|115|120|128|135,103
6a61ba99593f10c325d344caf467e2b7db5c8ed3c0daf2108b0869484b841bfa,cgt,main,0x675283432d53531e11ed459c51fb508b7c9585fb,e4087eb6605ca13616998cd2a906fc74,d3901b11c424886c8d9ec7ce0eab4081,,6a61ba99593f10c325d344caf467e2b7db5c8ed3c0daf2108b0869484b841bfa,101|104|107|113|114|115|120,101|113|114
6a840c6acab236c967c4b5ee7c343520705bf39695f19e1385f151b2871c3589,cgt,main,0xaf6d36e6a376cda44a5ce9280507e5e24132c143,2ad98eceac760be7ac49c10edf6fdaf4,74e7e73ced418a8e7248e1f4d55a2fd5,,6a840c6acab236c967c4b5ee7c343520705bf39695f19e1385f151b2871c3589,101|104|107|113|114|115|120,101|114|120
6aac8a2500094f4efa183e3499819e99e8bf8bba4a6d8d7746217fa41eab82fc,cgt,main,0x3c7767011c443efef2187cf1f2a4c02062da3998,3ca4eaf235aefb005d7c2013ffb4b59a,ceb4fab85a28d781d49e9c2bb87ce386,,6aac8a2500094f4efa183e3499819e99e8bf8bba4a6d8d7746217fa41eab82fc,103|104|107|113|115|120|128|135,103
6ad1c7244dd03c4719de318f5d433c9fc9c58fad6857169ab4c8e8c0dadf9144,cgt,main,0x927764bb17ce8b9f8c3a930ca4472d611ee93173,7d52e5d781e4b1163caeade1403ae3e9,63af117d9e0694049401353d9aa2f01f,,6ad1c7244dd03c4719de318f5d433c9fc9c58fad6857169ab4c8e8c0dadf9144,115,
6af5cd637b5b0e703e7c045066dace84bb83149f5cbd042e877a9eb558410e83,cgt,main,0xb6cd94c7cdea8fa5cfad9210e3f2358ad8b0cd75,cfed9dde7acefa021cb2a1df010bbde7,945336de3cebe4d6e60fc9d766d49431,,6af5cd637b5b0e703e7c045066dace84bb83149f5cbd042e877a9eb558410e83,101|104|107|113|114|115|120,
6b0f88bc715c6a45bf101635b05d644f21337684ed208713a4272d7579eb31d9,cgt,main,0xc5912c5aa88d7c947c9510b3c8d76543c72ed98c,1fa457eeb83c0afcbf308c8e354981f0,eeaedc84e24846d6f1fbedc31d24c059,,6b0f88bc715c6a45bf101635b05d644f21337684ed208713a4272d7579eb31d9,101|104|107|113|114|115|120,101|114|120
6b10b9394b167fed05a0cc2a235fb3b193fe382ad26f187184d7501166f6b44a,cgt,main,0x7acbc0b5c51027dc659a19f257bb3e462309b626,752c59e7b04457f98f7677e373212765,2f205950abb3a5e8faef3e1e471486b2,,6b10b9394b167fed05a0cc2a235fb3b193fe382ad26f187184d7501166f6b44a,103|104|107|113|115|120|128|135,103
6c0e78e2a3f392f7535fe9ecdc56cec8075ce07a0987098af9fc7ab237b8aded,cgt,main,0x75f398d5b9e92d17ee307268c28779da26508f54,5958a973b202ef3b9ab0a14abe142800,b286a1b05978cccfb447a2d4f10733f0,,6c0e78e2a3f392f7535fe9ecdc56cec8075ce07a0987098af9fc7ab237b8aded,101|104|107|113|114|115|120,101
6c2542082708376da45b1d02d0410434c90753188b72544962bf8d721945d878,cgt,main,0xa9fa841e2b56be2d8b645819b46fedfd9e331206,ddaafb09a68f872a9afbb9aefc4ba147,b9bb2068a5309f5d7a2f286952381a54,,6c2542082708376da45b1d02d0410434c90753188b72544962bf8d721945d878,113,113
6c5c30942f85326e41da6fd123ef1bc28f3890d562c8472da95b8fdaf49a12f2,cgt,main,0xbd3696b01a487b012ba99628b06a1a7859f5ca23,3385755baa44f267064199e5e3e47292,79fdf8a5c6e960ba8cd037518e00c577,,6c5c30942f85326e41da6fd123ef1bc28f3890d562c8472da95b8fdaf49a12f2,115,115
6c6c9e1d9d572a2d401ef02046b76e7bd191100b449107583945a7e7f1cfdd36,cgt,main,0x931d84b85da4f377ac977e1f78603af166c224f4,93f163f4a6791d5dc78fba222fc6eb32,c600248989981a292213104814562e62,,6c6c9e1d9d572a2d401ef02046b76e7bd191100b449107583945a7e7f1cfdd36,101|104|113|114|115|120,101|113
6c88c7ec560d069de35f9035041e9d4ef627e346b55c85e507f408e2e712c96e,cgt,main,0x06bb6701983e126f31a4c20d6becb12dfd70709e,1060d6cbadfdd941dfaffb8397c2c134,0d5448954bac0b9f42a47a63440c75cb,,6c88c7ec560d069de35f9035041e9d4ef627e346b55c85e507f408e2e712c96e,101|104|113|114|115|120,101
6cb354440b52599e897c01a2560fe634c4f04040c9c3cb5fe58ff112951c07c1,cgt,main,0xabcdd0dbc5ba15804f5de963bd60491e48c3ef0b,c60b847e3d1e70b1f573b72c1e6b58dc,c739d3b9fcace93681f9328dc791c21c,,6cb354440b52599e897c01a2560fe634c4f04040c9c3cb5fe58ff112951c07c1,101|104|107|113|114|115|120,101|113|114
6d15770822e3eac4bc307ee1728e2cc977d62e88b733cb43ab40f81c669db43b,cgt,main,0x017a5d8d82afaa22bc29d75013d6ff3656e90851,bf0c860b6203d95b7c3d6a591db100bc,941482d171a84a7d101fa32b7ce7eea3,,6d15770822e3eac4bc307ee1728e2cc977d62e88b733cb43ab40f81c669db43b,113,113
6d3ae62765131854405e4f85c232d1dd12987495a519a2b259568ba480150b82,cgt,main,0x69e5da6904f73dfa845648e1991ad1dcc780f874,c2b131c88b81324ab1b99fdabebb4cb6,a58c17e6a9d8f80959b2bddc1f148a65,,6d3ae62765131854405e4f85c232d1dd12987495a519a2b259568ba480150b82,101|104|113|114|115|120,
6d5e8055de7d114b19a94ccdb10e87bd2057162399af15f71dd99521a7d502a4,cgt,main,0x2abf00b596f4cb10384654dcd76253b3140d35ff,8227058cf300f9287ad20a9f17d09cd0,edb8cf31ec420fefa04deb9b9a01ef1e,,6d5e8055de7d114b19a94ccdb10e87bd2057162399af15f71dd99521a7d502a4,104|107|113|114|115|120,107|120
6d77096b052847985a519aa359a0552579e6d0418c474dea865812d3ce628f4c,cgt,main,0xfb950d858dab0594f4cffb77201215ee46d8b304,43c64438f681813d6637bbce158fe90e,57f880ebc89fce8a373a3fe568176cbc,,6d77096b052847985a519aa359a0552579e6d0418c474dea865812d3ce628f4c,103|104|107|113|115|120|128|135,103
6d9bcad3273ab3fdc330ce959e59b9450211af6f27fb8f98c29d41bbf31538db,cgt,main,0x7011f3edc7fa43c81440f9f43a6458174113b162,6bec8b9e8fdc8cf09d60bae2643b9e91,28546cdca8c6b9fd4cade4e966a54942,,6d9bcad3273ab3fdc330ce959e59b9450211af6f27fb8f98c29d41bbf31538db,101|104|107|113|114|115|120,101|104|114
6d9c2d9a31754848e79ee135a71f588c0b351cf2e6f4262859a6bb0511d1ba9f,cgt,main,0x5e3741d9faa0f62660bdecdd3ac43c97c83a9881,12bccef86a806823d1f94d0c1b4018f3,d47418de13c6fc998445f5d64c8cd4b1,,6d9c2d9a31754848e79ee135a71f588c0b351cf2e6f4262859a6bb0511d1ba9f,101|104|107|113|114|115|120,101|113|114|120
6ddf798b1b366410fd79a952d1fbf30a58c0cd9ee0bef2fef30264e4ac364cb1,cgt,main,0x32bacc8b241fb172fee18bda32527126c6f3c5f7,a55d31777c684caa3fdc6619c01e4a95,f7b09b9c55d4d87bdac7b979ad14273a,,6ddf798b1b366410fd79a952d1fbf30a58c0cd9ee0bef2fef30264e4ac364cb1,103|107|113|114|115|120|128|135,103|107|120
6deb776146e1ad37abbf3ceb9975cc1d048b69a7a6805908c1b8bcad1dc1a2ad,cgt,main,0x1a8cc57f1155d7df4626978401e203e00da097f7,7c2269b7bb221445863cd2f87213cb25,6f4a1e02c851e6778608ab621af70c8d,,6deb776146e1ad37abbf3ceb9975cc1d048b69a7a6805908c1b8bcad1dc1a2ad,103,103
6df7fe5f6cb56a4b25537bdbfe8ef5cd0df103a4568f5cfca5a8381c879660ac,cgt,main,0xc75175d7de7e8036f7c00a8e89f30dcf6e733f2e,10695ab7613f4cab3e0d5516b4d239fe,d364a0f404f3c981ee5684116cf42f21,,6df7fe5f6cb56a4b25537bdbfe8ef5cd0df103a4568f5cfca5a8381c879660ac,101|104|107|113|114|115|120,101
6e0fa55f9646623069389de1ca0baaef6fa764b95161780976361c3b7b1f4c39,cgt,main,0x6324d9d0a23f5ddba165bf8cc61da455350895f2,3ee0a9328f96189da4d98bf0f60583d1,383b6fb86721896425d91f76e5ac4730,,6e0fa55f9646623069389de1ca0baaef6fa764b95161780976361c3b7b1f4c39,107,
6e92cde07131cad59e1f31e3d8ff99aa11c32178c0be0a3435f31b0521c7e581,cgt,main,0x8cd8baa410e9172b949f2c4433d3b5905f8606ff,9ed97ac4c8bc826e6d0dd19233787f9c,657a0aed78745e1a1417b761d87fbcba,,6e92cde07131cad59e1f31e3d8ff99aa11c32178c0be0a3435f31b0521c7e581,103|104|113|115|120|128|135,103
6eb1c40b54de36aa58db24f102aa06d4877ca52764af182d4d3b501271839961,cgt,main,0x3150954eae1a8a5e5ee1f1b8e8444fe16ea9f94c,d0f504c509ff65f5a83968d3309d804e,64aaee8ad8a217f66d5b79e264a2ff27,,6eb1c40b54de36aa58db24f102aa06d4877ca52764af182d4d3b501271839961,104,104
6eb62cd38346c1109b59e66d8ab1201a4408cff2cfeda6d0f2b7bc47abf1aac0,cgt,main,0xe0b8fce1183e31c995b40460e6cb6712fa929f59,13a3ad36a787609af83f7009edc7d41d,5cfdf686f07c85833857f078a988471e,,6eb62cd38346c1109b59e66d8ab1201a4408cff2cfeda6d0f2b7bc47abf1aac0,101|104|107|113|114|115|120,
6ec699cd97a5ac5a53cb4741968ea8239fc06cbb48a3da3c541759b2fb1743de,cgt,main,0x78a73b6cbc5d183ce56e786f6e905cadec63547b,39f0cf126f26045e49c51ceed0de6a6f,5635e908168b8cfa37503498e6f5974f,,6ec699cd97a5ac5a53cb4741968ea8239fc06cbb48a3da3c541759b2fb1743de,103|104|107|113|115|120|128|135,103
6ecdaa295a06a9b975e5dc0649931df33b14ce88c058b51fc393b423c7fb9de9,cgt,main,0x7627de4b93263a6a7570b8dafa64bae812e5c394,8b24350fa11306c4646872a3e650fe0b,58e61a6f7a648c355f00e09b43139ee2,,6ecdaa295a06a9b975e5dc0649931df33b14ce88c058b51fc393b423c7fb9de9,104,104
6ecfa199bb3dbfeec8c0069ffedf962d493d458026c242d207845e962155b574,cgt,main,0x97a8c6af1c65d27f6bb0da4a3ace902c93e24eab,79be41149a556db4eca183772e3299a7,508c332a8b6a777dbd40c0515b5bc332,,6ecfa199bb3dbfeec8c0069ffedf962d493d458026c242d207845e962155b574,101|104|107|113|114|115|120,101
6edf32e8b43d408b217a84e7708658055e187c1f3d1bee76ec2780394ea25384,cgt,main,0x87be146d2e2d2ae71a83895a3ad15c66546af5e2,6efec41b3d6933990f6eee3260a9b32a,4f2ac99e35a9baa4b58e79ade94ebf07,,6edf32e8b43d408b217a84e7708658055e187c1f3d1bee76ec2780394ea25384,101|104|107|113|114|115|120,101
6f1c466aca989da8d7ace903f497e8fdd9d08b390e1bfed440b4fcb5116ac7f0,cgt,,,4389fd653ca84ac5b797ec6670c97f87,ffc0115fba893c5ed89821461581d091,,6f1c466aca989da8d7ace903f497e8fdd9d08b390e1bfed440b4fcb5116ac7f0,107,107
6f1f020dc359911786940a75a4c86ca42cd71b004141e65fb5374fd98f19ed1e,cgt,main,0x865ee5df064bc1f4a39b95b75e612dd86011d35b,6a9cdc9ff53dd6d672c65ec030b2ff38,6a139ee93822ff7ffeca8392d3da5564,,6f1f020dc359911786940a75a4c86ca42cd71b004141e65fb5374fd98f19ed1e,104,104
6f1f82f89e2236e3acf71013497dc4f0346de874c280023059034f3eb3194f1a,cgt,main,0xd3d20f3f0ededb2a1503dc8858c7c6f37c2b22cf,ba78008f41ae1422b924eea9f690bd3d,09917ae087d74c12290233e7c7e8decc,,6f1f82f89e2236e3acf71013497dc4f0346de874c280023059034f3eb3194f1a,103|104|107|113|115|120|128|135,103
6f25c5362b1058681de5faba32b7095975dd7612999112510b252bdee67aacaf,cgt,main,0xaf515471ff5391dbc758ca0a56fa3a89a6a9e3ac,f06e9265f354e2237c3553381833f2bc,6293735a07f1a775580d2cba63e5c3e9,,6f25c5362b1058681de5faba32b7095975dd7612999112510b252bdee67aacaf,114,114
6f399ee98d0db1275dd781eb1d0a995589e1d5c7c1effbd0261d44c54da2f565,cgt,main,0xe0efd668c950e6d286bc1c5b9304f31632708656,61412af2788e25c9d01ed1ae0af918f8,c46aa2798dbd1a4ac636ba139d25967d,,6f399ee98d0db1275dd781eb1d0a995589e1d5c7c1effbd0261d44c54da2f565,103|104|107|113|115|120|128|135,103
6f6d6777819bd2d2aa8e9f333b58696eb07f82d69272d7829188386f72cc5fb7,cgt,main,0xb3d5f0210cd4f4631aa634103388fb759a73385d,a740b70bd04beb9d07a22e7fba6b626e,53d562db65e057e6ad38cbc18dd67844,,6f6d6777819bd2d2aa8e9f333b58696eb07f82d69272d7829188386f72cc5fb7,120,120
6fcffa564a18ce861511824faa9742f915606440b9a6989b00d06dfe41d0edef,cgt,main,0x873c58020bcb114b4fea456cef93aaf58e8e305d,25f4f43f91efc60d7212821722a06d37,ea0ce968abdb3aa05d9c0c7c57b81528,,6fcffa564a18ce861511824faa9742f915606440b9a6989b00d06dfe41d0edef,101|104|107|113|114|115|120,
6febf2ab41cc6903d27d05faf0d7b2a39d06f15b661c7b8a0e84d4378b23d6a1,cgt,main,0x0dcfdb9f5496ed7f62dd0ac019c7daf184a66aef,0a24d24458107bd94466f01ed1923f8b,aebd3537815212fe52590bbf9ca82e87,,6febf2ab41cc6903d27d05faf0d7b2a39d06f15b661c7b8a0e84d4378b23d6a1,103|104|107|113|115|120|128|135,103
70086794b0368b9839e688fbc494a92ba8369d470726c045d45406a3c807048f,cgt,main,0x995020804986274763df9deb0296b754f2659ca1,8c71b75bb6eae55c74c685f8c82dd87a,5ef976605cf13273b37aa699d2cba0f3,,70086794b0368b9839e688fbc494a92ba8369d470726c045d45406a3c807048f,103|104|107|113|115|120|128|135,103|120
700906a2c62a5982462bf8f00c1269e49318058721c59c255d90ac71ad568749,cgt,main,0x07f7ecb66d788ab01dc93b9b71a88401de7d0f2e,c8f314b08496ba18116ab0c95dee1568,2ad80da241aac26ad35bb88dc2d20a72,,700906a2c62a5982462bf8f00c1269e49318058721c59c255d90ac71ad568749,104,104
704341cca8b61f3d31382f9362a3466fbedce4747051dc9c391600b7191d070a,cgt,main,0x4eecf99d543b278106ac0c0e8ffe616f2137f10a,9104e19fd0aa58529ccee329c22686f8,fbf8336b0fcef319ed55a3fb9b16471a,,704341cca8b61f3d31382f9362a3466fbedce4747051dc9c391600b7191d070a,101|104|107|113|114|115|120,101|104|120
704f6d3119ac68eacf477bb24344a554593c3ee026d07d3e54e81d80d71eee06,cgt,main,0xfbd9986b21fbc0d718d3999a640fe41391b5694d,a2a74446061c196fcddbedff0f22fb68,52df609b440e124a04b41c3fe1d9803e,,704f6d3119ac68eacf477bb24344a554593c3ee026d07d3e54e81d80d71eee06,101|104|107|114|115|120,101
705fe4ebf2e8be82817927ca6ff92643f1f729098e43c9923d74a2eb51dd7115,cgt,main,0x19d7a9ad3b49252fd2ef640d0e43dfd651168499,315d462054f8d31abbdd37658a47771b,96b1a9f3b38ddffce9d0a98c14947ffc,,705fe4ebf2e8be82817927ca6ff92643f1f729098e43c9923d74a2eb51dd7115,103|104|107|113|115|120|128|135,103
7073c357ed1eeb34fad7797b4ff17ff26191d66ceee38bc455caf95c346598d0,cgt,main,0xd70994d7020df8052a1124561ff548f3b88744d8,d41fcc6decf2136f150c936c85fc7365,e1072af0d0ddfefa232b51e69c4f3ff4,,7073c357ed1eeb34fad7797b4ff17ff26191d66ceee38bc455caf95c346598d0,104|107|113|114|115|120,113|114
7091a3118ea0d42d3fa67d2117df250dbcfa47c38f027115b98c8557b05d8260,cgt,main,0x098af9afa803e2598bda464ea2fa0e144649f3f9,607309e83055c6dad40eb7d658b1c618,da78ca09d31b603994c6f86abf71c63b,,7091a3118ea0d42d3fa67d2117df250dbcfa47c38f027115b98c8557b05d8260,107,
70dfa874d521c15e3ac0042f774b8542fef56c9f0380c332cdf70c77eb99253e,cgt,main,0xf48d72e5a2419c0c6f5822854b7bb7bf135d1623,44952e87bd642096fdac01ab16fcd7b5,4077daa2e82cb0ab54873818c96c31cc,,70dfa874d521c15e3ac0042f774b8542fef56c9f0380c332cdf70c77eb99253e,103|104|107|113|115|120|128|135,103
7124badbbef4b78652637575c6797dad6bd941e814028906c4800c7e8c526394,cgt,main,0x78d4f849aab2b0a5a66f76b9b1ff47da5a9ae492,9b5938bc9ddea504ce672c2111965bc9,d122c937f3cf40c01e5c55301962c8bb,,7124badbbef4b78652637575c6797dad6bd941e814028906c4800c7e8c526394,101|104|107|113|114|115|120,114
713a4e9bd1efb4427a8c94e19e41c638500ed79c34b4213498e4f85ab6f439a9,cgt,,,0f9282fa27f744be263096eff190c1d1,06dfcb510d97d14906b4a9b727256494,,713a4e9bd1efb4427a8c94e19e41c638500ed79c34b4213498e4f85ab6f439a9,114,114
713d141829a1284ad0cee1e832407fc20ec5c6377e18ee6bc3f3c1f246b559e7,cgt,main,0xd9babaf28e492f90dc900506b28834316eded9e6,24e6a06c630251607d996d5567db8994,536f9b828b4129d65b1dd0e5f131fea7,,713d141829a1284ad0cee1e832407fc20ec5c6377e18ee6bc3f3c1f246b559e7,103|104|107|113|115|120|128|135,103
7167419769176bb196b8b9480d96d509051f94b170f09303472ceee8d9bda5c6,cgt,main,0x9c099997100fe55041b2028332a027ad7004aac4,771bcebbe543b8c5e87cbb1359890263,1f0626129943a31dd9c343bd86fef3b4,,7167419769176bb196b8b9480d96d509051f94b170f09303472ceee8d9bda5c6,103|104|107|113|115|120|128|135,103
7175531d080e7f45242ac2e662f25aa47f3c7c2d0e1043ab1e7de7e67a8a4d33,cgt,main,0xf31619a15518dce0613a514e6672d1f84f6e7fe7,efd002772841371be6c97c59bbd57938,760b04ed28406b841093e526fc33ad04,,7175531d080e7f45242ac2e662f25aa47f3c7c2d0e1043ab1e7de7e67a8a4d33,103|104|107|113|115|120|128|135,103|128
718aac76648fa4ee1f100fddf53e60046557ba64ab1b625dbc5fe4cc336a3ec8,cgt,,,155da6b1b23f8d68705d246b606aa31a,9931926d730f3910727ed58487c54b1a,,718aac76648fa4ee1f100fddf53e60046557ba64ab1b625dbc5fe4cc336a3ec8,101,
71a1ae8688033e634d690882b9d1ca659855e2f0f8bc1fdafae8ec697e1f2955,cgt,main,0xce1555c4fc4ddc2d87183d1a36e0a410e565624d,682d502bb078be779d09ef76a694cad7,144f0670e724e044e698686ff75f9bd1,,71a1ae8688033e634d690882b9d1ca659855e2f0f8bc1fdafae8ec697e1f2955,107,
71bd26a7fcbaa5bcbb91082a5280f9e65d16e75f2fd57e320ee65cacea8cb484,cgt,main,0x5be9887d5b4336cb762a9d73335991a6ff8ce981,26eb029632bf4f679816de0af5135e6c,c3765c3344cdb015280a219a1f54674e,,71bd26a7fcbaa5bcbb91082a5280f9e65d16e75f2fd57e320ee65cacea8cb484,101|104|107|113|114|115|120,101|107
71ec605fc68197e71438475575424a30d7066651bf992f2a42f1d971aa713b36,cgt,main,0x04c62019ab478bff5874e7b7d9bc84fcf7e30025,753062a730c7be89f5579eea11415364,1fd844c5411c46ab739e191fd7664b39,,71ec605fc68197e71438475575424a30d7066651bf992f2a42f1d971aa713b36,103|104|107|113|115|120|128|135,103
71f4596a656fbd7f6fd2a2e640cbb7a5f6b7eeb0090f364535ca94a298347879,cgt,main,0x2f5cd5d797ec8868a5aaefd784ed2c5bc46a1a47,1c4fbe626e2f930a0e69ef52330ee989,db15e06964e210403188d7c083437dc2,,71f4596a656fbd7f6fd2a2e640cbb7a5f6b7eeb0090f364535ca94a298347879,101|104|107|113|114|115|120,101|104|114
720ba4509a5c5876e77c335a12c7cba79b50d1e8e51b1ebbf4ffb2dcee7a8180,cgt,main,0xd58297b5e0ad69f6ba949fdde9da0f2b978f00a0,c9c90bebadad484f2bf397390f8de6f8,690aacad2362a5a8e0060fdf5c574fd0,,720ba4509a5c5876e77c335a12c7cba79b50d1e8e51b1ebbf4ffb2dcee7a8180,103|104|107|113|115|120|128|135,103
720da9e544b8957af87018327b6c256d443b16f29426b33af6e667340afae46a,cgt,main,0x6bce536e0a938dc19dbcbb045b46b93c3d13620b,cc3fa96521b887ed9aa1a64da544105a,a84909853b9e208c5957e1003c5ca938,,720da9e544b8957af87018327b6c256d443b16f29426b33af6e667340afae46a,114,114
721f6b3b82d9f444d6cd86499bd0d8c4a6d24e9b48e903f078ce36ba88922b3f,cgt,main,0xe3282094d332d26f7dfca853899ec1736f0295ce,ce9999f6aed1ee00c589b4f9c98d5b06,51c6b6010c72d75ae801a491e80c374e,,721f6b3b82d9f444d6cd86499bd0d8c4a6d24e9b48e903f078ce36ba88922b3f,101|104|107|113|114|115|120,101|113|114
724b77f5eefdad6939c3e0974cbe875bd1d56a6422aac77cf7a21e19e7324da0,cgt,main,0x64a7b97c979b1b31ffa455afdddff898a0961b0d,16f566dca0c67a54f3ca7a68ea524528,6ba8bfd744d8e66e1fe003dbdf1f1481,,724b77f5eefdad6939c3e0974cbe875bd1d56a6422aac77cf7a21e19e7324da0,114,114
725f0d03e8f8316eab99ccd23b44b3b68e9311845cc4e1a5f95ffa0f785e3d07,cgt,main,0x826f6d1242231b70832d009f7d2c99a0ca8b7a12,cb57eb675beaacf288abbe939d59f7ef,4953fe14ed0fde2273320c658f676493,,725f0d03e8f8316eab99ccd23b44b3b68e9311845cc4e1a5f95ffa0f785e3d07,120,120
726d48e6117c48fb427ddef343a627fce0be27c84661d8604bbdd86ab5a5c4e3,cgt,main,0xe3c61a3bff7cb03ddd422258006fddd5ba1ed0fe,e9825efbc9f9aa792ed7adc2cf6b3e54,203ff13f5d6b20f7c4f345fe4ef29f1e,,726d48e6117c48fb427ddef343a627fce0be27c84661d8604bbdd86ab5a5c4e3,101|104|107|113|114|115|120,101|113|114|120
728537759734653cc4e6a85a063a79ce9ae45187ee543fab477a92eeec8f6c60,cgt,main,0xef828938155cabfe83affbe726b55d188b4f45c0,c2ed19d2e28d17f492261820297dfe26,56a173b90cd1c075a47a3051f6b8130c,,728537759734653cc4e6a85a063a79ce9ae45187ee543fab477a92eeec8f6c60,120,120
7287d14959e57bf6a00ec8f9baa0b4a1fcd2507ce1701af4464c3f7a8d2ad241,cgt,main,0x63dd6f40007731eb7e70a7ae43b55c0fb2090c99,f87bb9426333d96be9842c333113dc9f,7255d7fe7c0ac1b2bfe802c1d22f1e4e,,7287d14959e57bf6a00ec8f9baa0b4a1fcd2507ce1701af4464c3f7a8d2ad241,101|104|113|114|115|120,101|113|114|115
72a7942fa083431e29304f186e4a8eec45218971abe4c775902e17c702417763,cgt,main,0xa3c1772b12a7598568cee1e2d72281176d8b1f3d,0508ed23a21ba520c5670b855af729a0,fa95c054c165a838630aa868d38ce25c,,72a7942fa083431e29304f186e4a8eec45218971abe4c775902e17c702417763,104,104
72d879cdc2369a3d56f998557c44c9c58e6746eb5d357b0039bfb4b006626127,cgt,main,0xa1877c74562821ff59ffc0bc999e6a2e164f4d87,f8ed1c14b4720e65e1c861a715cb887e,331175852b38a76e3e406c20f70efee6,,72d879cdc2369a3d56f998557c44c9c58e6746eb5d357b0039bfb4b006626127,103|104|107|113|115|120|128|135,103
72eab62b0ecc73e7f1e86d8236a6716739f3862ad7aae6d31ce65ba599f2404b,cgt,main,0x942ffef843d37805c59f30fabb99b46aad135288,00034e6c95cf8d3f3ee4476b1514251b,9f9467bb8d774f36f2fd7791a096466a,,72eab62b0ecc73e7f1e86d8236a6716739f3862ad7aae6d31ce65ba599f2404b,103|104|107|113|115|120|128|135,103
72efa348060c1de6f230b2b4e62d9190c819a90ec756edef95d532922816f54a,cgt,main,0xcfc60841bb8a64446771704159a1130a526d4b86,1bed07ab60035866d8aac5a2c1a7fc67,bede9526351416856d556b3c3989487a,,72efa348060c1de6f230b2b4e62d9190c819a90ec756edef95d532922816f54a,104|114,104
72fd5a9050f9dd8238a6e5c163599fc2525cb03a8de5257e529db5bb635f7173,cgt,main,0x5bb52e85c21ca3df3c71da6d03be19cff89e7cf9,9721cfd57699906ea52f7c552af6d439,570743d22cb1e7bf09d66eeb106896ab,,72fd5a9050f9dd8238a6e5c163599fc2525cb03a8de5257e529db5bb635f7173,104,104
732a782dfac4c32c6d124a67451bfb1dfd6da24fe2a86f5659f23d572c1b4e06,cgt,main,0xec987914ade432ce9806f418787a4ed0b0e77000,9ce542ff27fdae22a0f09dcb927b7a08,c83a5fe0bcab311115b92d04b7ee3bff,,732a782dfac4c32c6d124a67451bfb1dfd6da24fe2a86f5659f23d572c1b4e06,107,
741810db3ee067439111d07f11bd902f94f30a5e50ca2d3e440fcaff08ca7031,cgt,main,0x1e02f2293a67bc57700c542d7ca135394193c038,9442fc13c0106329b840f2cf4a716d30,9cbd7b4325d2542db6becf674a32499b,,741810db3ee067439111d07f11bd902f94f30a5e50ca2d3e440fcaff08ca7031,103|104|107|113|115|120|128|135,113|128
7474806b625efdbef4d4f545b3dcd10ccd6675acea2c2363ab475bdd7e85018b,cgt,main,0x4b92a948ced9d457b4655abf62ed930a090f8566,079a66072ae85d0fde7c7b53be9d120a,fb9dc9f20f749e3642686e6e53f6f18b,,7474806b625efdbef4d4f545b3dcd10ccd6675acea2c2363ab475bdd7e85018b,114,114
747efdb537cde807f2bc4b0f7852f138adc37641fa034c976d54e17a2da9682d,cgt,main,0xe64d5f33e28387855d33980719f27f0d579392af,c40674b181b0490f87bd9e9b9cb816aa,6dfc65b603390d65d212d2cd653c426c,,747efdb537cde807f2bc4b0f7852f138adc37641fa034c976d54e17a2da9682d,103|104|107|113|115|120|128|135,103
74a0e609918c009b08c8cc706fd878cf300b67475573015b63a77080bbca9f4f,cgt,main,0x357f07ac89ee6329a70ca837d6bfc16b0275015f,10b7ab1d8d50f2f040cd05fb93c19bc6,5fbe08a9f89bff5e04a6fee52f9673ae,,74a0e609918c009b08c8cc706fd878cf300b67475573015b63a77080bbca9f4f,103|104|107|113|115|120|128|135,103|113|120|128
74a2ae8c64cbd8c909d7c4f3bd977e926484402017a183c34e120bcb45f0371d,cgt,main,0xee1a0710fcc892999d39a1710f2c16dba1f28ae6,8cc7264da5ecb89b921860a5c17a49b8,31e6b0c7c42f6406e89af98f58308045,,74a2ae8c64cbd8c909d7c4f3bd977e926484402017a183c34e120bcb45f0371d,101|104|107|113|114|115|120,101|104|114|120
74c15129483d745599ca22e9fce23e31d7de821f58444e78b95a0eef6e7a598e,cgt,main,0xbe69b8093ca446c97aa2c5ea4746d793fb86c89d,336ac419e28f03937fa052b78e5d3aa4,5d193cc7a606dca6a0341b8821c8360d,,74c15129483d745599ca22e9fce23e31d7de821f58444e78b95a0eef6e7a598e,101|104|107|113|114|115|120,
750c3dd3d5f436154f52d6082b4eb5406e116754fb9314a7ece5899c734d6bc3,cgt,main,0xaffd8d333badb2a6dfab4854c5a30ac2dbb9db9f,66cc9e8134e8130e658a87e33f65bbc7,b6a303a33e7683b83c98e93fa97efc15,,750c3dd3d5f436154f52d6082b4eb5406e116754fb9314a7ece5899c734d6bc3,101|104|107|113|114|115|120,101|113|114|120
751dfdaa1292534fbbf450e320e34dcb846d626104c67d8628911792c3725273,cgt,main,0x5f0d0c4c159970fda5adc93a6b7f17706fd3255c,e4be1669a64f3e67711b8042b0d20d17,959c0de9d3e23e7b0bc6fce48a8a4c4d,,751dfdaa1292534fbbf450e320e34dcb846d626104c67d8628911792c3725273,101|104|107|113|114|115|120,101|107
75333552b2096f5ed46d6c615f2dad5f9b76fd88c69480e32f761ae73873c45b,cgt,main,0xd9489f5a7c4420e814f6216505b6754ebd4213f7,4233c6bdee343644d4d86b6de4a46060,2a3d76cc209b082758eb18da0ef95eb1,,75333552b2096f5ed46d6c615f2dad5f9b76fd88c69480e32f761ae73873c45b,103|104|107|113|115|120|128|135,103
754a67a5873f5c3205ccae5df2de1abdd0fbbe6799d922337bf50647b1f94a9f,cgt,main,0x3b1c6004e43bf49c521eb382dec02e6c3ff5272a,42ccbf31afaba70e8ef7145f540e1f90,ce224154bd19ba184bc4c4ed15c7df25,,754a67a5873f5c3205ccae5df2de1abdd0fbbe6799d922337bf50647b1f94a9f,120,120
7551ec576b403168c8f3958fac832e383675ff20f6b23122e5a0793901dd55df,cgt,main,0xb5e1b1ee15c6fa0e48fce100125569d430f1bd12,b878d0b58338eb37cc78fe6d6326c535,29317a92c0fcdfe39da49a7a17d1695c,,7551ec576b403168c8f3958fac832e383675ff20f6b23122e5a0793901dd55df,107,107
75b9608d10474323bd0d1f025dd9fc7686dbd84a4ca480dc01e5cf1d9e5c51a0,cgt,main,0x12aa78f89513f3218651db21aa170347037f0c20,076e59e331b2a716b1dc29691693a8d4,b971ca2728d4f942809cbfb4c453f608,,75b9608d10474323bd0d1f025dd9fc7686dbd84a4ca480dc01e5cf1d9e5c51a0,114,114
75ccf3c02e00477ce824ba43c77e534f659df219d592da7abffc2da2f1b88c0d,cgt,main,0xc2de2ce66f1f16c09e6a2c9595ac878db4113a88,64943ae7ee90e3857cc943fa14271b66,60f819796d677bf69a6c3e06a6e578dc,,75ccf3c02e00477ce824ba43c77e534f659df219d592da7abffc2da2f1b88c0d,103|104|107|113|115|120|128|135,103
75d83ea0f6c716889c9972dc85b06f6b72ffa8fa92f2e004cdf1ea72e765c71a,cgt,,,fc2bf5c5bf86e68eb158235c32ae2490,46b7f899fa00e5f3c1ebb7d7b6a19f34,,75d83ea0f6c716889c9972dc85b06f6b72ffa8fa92f2e004cdf1ea72e765c71a,107,
75e0a99357bd2ec0ac2ae437979fc749bd1a67bb2a31ffe07319a9f26db3758b,cgt,main,0x681f453510adab676724074d212c986ecb53726e,be867901b7dc8940a433af81b60ec106,b11206245a3786dbcb03512ca1921c8f,,75e0a99357bd2ec0ac2ae437979fc749bd1a67bb2a31ffe07319a9f26db3758b,120,120
75e931c74710878ff2b35e22aa5a50a4446697bd5c10e97cf0f7fd504f58e2ad,cgt,main,0x16a0772b17ae004e6645e0e95bf50ad69498a34e,f9de1fde7398241a451573e68ecee044,d56c8492cbb09ca2b3eb21638f07c1a9,,75e931c74710878ff2b35e22aa5a50a4446697bd5c10e97cf0f7fd504f58e2ad,103|104|107|113|115|120|128|135,103
7618b609977b989b7e539733ebd0153325395b4a089628af86d69b3f02e21442,cgt,main,0x84d9ec85c9c568eb332b7226a8f826d897e0a4a8,b47995b6ed7a2260fa9d2a2204d51f73,f98950e87ffa4dedf361dbe8f840c95e,,7618b609977b989b7e539733ebd0153325395b4a089628af86d69b3f02e21442,104,104
764ce16d6887256c017cf3435f751ca76fd63b69803a68d825a030238a37c998,cgt,main,0x0b1724cc9fda0186911ef6a75949e9c0d3f0f2f3,d4441f63ef5ead8c5ac5ec0c631fd1d6,0102cc5aca947d7dc1c1730eac888a9f,,764ce16d6887256c017cf3435f751ca76fd63b69803a68d825a030238a37c998,103|104|107|113|115|120|128|135,103
7667bf00e555a44c2d8868048b1ca388e6182e0f9a9c5065268361df4df41063,cgt,main,0xdc895e94a0d5ad974af1b5729b10aa9cb7e58843,86f31a80fba277e71f1eecab0dabe4be,12b51a51315b35e85bfda6bf79dc5d05,,7667bf00e555a44c2d8868048b1ca388e6182e0f9a9c5065268361df4df41063,104|107|113|114|115|120,107|120
76da629d0f8548dcef6962c75b6eb93b54010fb24e4aa9351cc48838a1f4d875,cgt,main,0xe7aa95217eb415b2c400c81e2b65359e720ab936,08b84b56a9df81c41c72ebebf58bc7b0,6041cd90bf4d30140af24134f799fe3e,,76da629d0f8548dcef6962c75b6eb93b54010fb24e4aa9351cc48838a1f4d875,101|104|107|113|114|115|120,113
76dcc78f4ca7cb7742c3b9ea414358e3cbbfaca1e45afad2573ec70cf0f13ce8,cgt,main,0x7f0fd8fa402d56dca1f4baa9bf3880721c274d53,bef5931ebf4b78f4e5b279fa081fcdad,125dd7c864292887c6c6df4bcc743169,,76dcc78f4ca7cb7742c3b9ea414358e3cbbfaca1e45afad2573ec70cf0f13ce8,114,114
76e3d6ae7e9e21a5e293b77604fc76515ad16a78b896e02d62f70ec883be5ec0,cgt,main,0xb5766f61911f8b520b0e938aae100834aa3048c6,87526befe3bca6083c82db560b4085bf,bff4770c4b61b6526d0fd4b70e645dba,,76e3d6ae7e9e21a5e293b77604fc76515ad16a78b896e02d62f70ec883be5ec0,107,107
76ebe8592b8618340e101072b48fc46495477247f072d09b175b77cc74f78274,cgt,main,0x0b8d56c26d8cf16fe1bddf4967753503d974de06,8aba0427587fd2d2e8fc9ec3f5b10672,0f5f23543f646c591660190e6a841198,,76ebe8592b8618340e101072b48fc46495477247f072d09b175b77cc74f78274,103|104|107|113|115|120|128|135,103
770e645b6bdeb832f45f00b28ebf8b7aeb4443db1c15fb122c39255fba79f1f6,cgt,main,0xaae91d6c616ac2b07cd8cc0956ea8e60d4c220c5,0390b6a872b3c180809e53017f08558b,31cfbc6b35d469764c7ba2d4e228eedb,,770e645b6bdeb832f45f00b28ebf8b7aeb4443db1c15fb122c39255fba79f1f6,120,120
77124fa965bbe09b1ee90187f3c7cd444399dad9d919db51b1c5ac9e3a83b71d,cgt,main,0x89d64bc7e46bdc49a89652ae9bb167418cbad62e,a588ee9a9008001459e79e9c165f33b9,48bd9aa054c8da439452c07b0c6e3d19,,77124fa965bbe09b1ee90187f3c7cd444399dad9d919db51b1c5ac9e3a83b71d,101|104|107|113|114|115|120,101|107|113
771d61136c181f417ace00d962eef6fcb0934181f4be714cba627ea8d3fd792a,cgt,main,0x06012c8cf97bead5deae237070f9587f8e7a266d,09186ca79eeeeb4220ddd083d1a1aa12,77cc48432198d547faae46bbeafa0aa5,,771d61136c181f417ace00d962eef6fcb0934181f4be714cba627ea8d3fd792a,103|104|107|113|115|120|128|135,103|104|120|135
77401433897b26c2597598cb6f44941b499389f75eae6bebcba8c9ef06311d49,cgt,main,0x82df5022fbcfdd877830371d7713f0181a554c9c,80d85556fd595df3f1d467ab12bd548f,6581244ea544e6a02e108cade62f71ce,,77401433897b26c2597598cb6f44941b499389f75eae6bebcba8c9ef06311d49,101|104|113|114|115|120,101
77bc62cd658d6bdb4842415d44b3cdf4ee36355e4ce28308e6363cdba64dcbc3,cgt,main,0xeb8986bde53ee86ec8eec367a2823904d35f23e9,76ceac28621388430269a0e232cf14af,127d6def28c228f6538e41a08325608f,,77bc62cd658d6bdb4842415d44b3cdf4ee36355e4ce28308e6363cdba64dcbc3,101|104|107|113|114|115|120,101|104|114
77d67cfd212bb11d6db0a9e535a4bbfe804bae586553f1d5cffcec98f5f0688d,cgt,main,0xe98e873ad9665690538cbdf4a4a21a3f286e9028,b81838e8bda43cb7e1aa9b2a45e51a33,ebd2ed05e94b88f540adbe4a94afe3fd,,77d67cfd212bb11d6db0a9e535a4bbfe804bae586553f1d5cffcec98f5f0688d,101|104|113|114|115|120,101|113
77da8ae430daf735cf0bd3b29c394b0fefb7b12103d59fec1d1bd26623d79541,cgt,main,0x9fa8fa61a10ff892e4ebceb7f4e0fc684c2ce0a9,f814f1cfa7cec23160441df5cacf554b,3415e08ffb5f892e848c30f2fe3a04da,,77da8ae430daf735cf0bd3b29c394b0fefb7b12103d59fec1d1bd26623d79541,103|104|107|113|115|120|128|135,103
77ed23fe9b773c7d909203e75a319cdbd88cac06b59422c3aa246ccd246b70fd,cgt,main,0x74aca0f1a40f7e0f3845dadf52c65060de7749af,b8803720767bad4157f7aec95e1b1fd5,508826e865d18245bf6c5a0530dfe658,,77ed23fe9b773c7d909203e75a319cdbd88cac06b59422c3aa246ccd246b70fd,101|104|107|113|114|115|120,
78109997ff05526f0f35ca4c3525717c2032ec0e72c90ca1a24bf2c53b768a69,cgt,main,0x63cef38c75d9805a36d92fa291bae781b41861e1,e23421f0ea46cc61a614fb2c6034fa31,23d616c3c37cbc7332a57a4717503d8c,,78109997ff05526f0f35ca4c3525717c2032ec0e72c90ca1a24bf2c53b768a69,107|113,113
782d520a8f933de9cc16f3c3bc64bd406cf994b5663eea3135f009fbe8c3ba12,cgt,main,0xc7d784274aaa0010f0c3dedd10eb66d49b7e4098,0565ff94f08ad15b5a8e65d675325fd1,3db9958839a4d32d3c8f69363f6e8b0a,,782d520a8f933de9cc16f3c3bc64bd406cf994b5663eea3135f009fbe8c3ba12,103|104|107|113|115|120|128|135,103
7846f8a62b731b4a32bd651092839922349549ad08d2d8fdf09ed834ae9a2143,cgt,main,0xc13e4ed5e7f8af83663c9e5086de85b1f914a863,d15a60cc94b76e981fa55fa9abbaf6a9,8a673e5b710d22332b5a0a1ca4809fab,,7846f8a62b731b4a32bd651092839922349549ad08d2d8fdf09ed834ae9a2143,101|104|113|114|115|120,101|113
7857a16421ac0d1c5603dc00d0027102d8eb4f9854363410ae46e077fbe3a62c,cgt,main,0xddf0d0b9914d530e0b743808249d9af901f1bd01,c698b17274664b8992b768749b4f6d75,a8a476ff51587e6209bf81d5fec7ee3c,,7857a16421ac0d1c5603dc00d0027102d8eb4f9854363410ae46e077fbe3a62c,103|104|107|113|115|120|128|135,103
78c1a36775f789018be08ca997372e848bb87c97056eddbb941c6f50580ddc0c,cgt,main,0xf690f0ee16bb8f67c4f8a8d9e116f77cf3acf166,603fa20c8e367998f20819d8a814d88f,2c8089adc670378590a8070a77ac375a,,78c1a36775f789018be08ca997372e848bb87c97056eddbb941c6f50580ddc0c,101|104|107|113|114|115|120,
78e0f0bf62a99d508d73cac06c24c4a19c5995f8728e027345ee8da2ead376d8,cgt,main,0x2c1180e2818069e5a9f911e636fb8f3db5106a9f,ed7c1fe8c0950a78f7e89dcfe0b78eae,e9cbe45bb9b15169739fd08610ea672a,,78e0f0bf62a99d508d73cac06c24c4a19c5995f8728e027345ee8da2ead376d8,103|104|107|113|115|120|128|135,103
78eb8d48cca10ac34fb0f1c6dd53f88ccbbe471652cfb2ba42d127e5f17bd5ab,cgt,main,0xaf0f6a53269fc9dbbd9da9f11c368d36b7a60006,110716f107c7aa58c3413fc8a057c758,cdeb3bfb3a8ffdb2987917e90cec3842,,78eb8d48cca10ac34fb0f1c6dd53f88ccbbe471652cfb2ba42d127e5f17bd5ab,101|107|113|114|115|120,101|107
78ef7fa00e55e93efb096ad9cbabc5fa337330ab0da405d511a42775c27c6aad,cgt,main,0x6ff323e36bfdb20502b23780695f4e77e36cde95,d7446c1013bcc60217d75b3ca7920d4b,05a21c7a213f5b4757286b2c2d1d3fc0,,78ef7fa00e55e93efb096ad9cbabc5fa337330ab0da405d511a42775c27c6aad,101|103|104|107|114|115|120|128|135,103
7908d1d98aa5d65799c8056a4ba63d62b15103acdc6a86771fff42370672dca5,cgt,main,0x709c7134053510fce03b464982eab6e3d89728a5,e4feeea5cd41b71c8cb3762f8263d268,f0832cf7cdeb91b4db7c05f9a09d7641,,7908d1d98aa5d65799c8056a4ba63d62b15103acdc6a86771fff42370672dca5,101|103|104|107|114|115|120|128|135,101|103|114
7923f3bfe0f5393d4a62a220a2704b2b96786794fe9db185cf9543dd202cb4a7,cgt,main,0xf9ac5e26d7ec113f42b18c78c05fab68181adfbf,ce46b8f459c62a5650452702aa01aa16,79c6dfe85f0bab6c7509b32d0bd01236,,7923f3bfe0f5393d4a62a220a2704b2b96786794fe9db185cf9543dd202cb4a7,101|104|107|113|114|115|120,
798655d2cb0d334642c9bf2c97e1dce217977c28e03174d36f0ab5e6ec6e1f12,cgt,main,0xdaff1f98299b12d475b4725a2635e5ba291aa651,7cdac3042e824ca6cfc65270115300cb,6f52b39007fccd8e8130656f5a3fb3a0,,798655d2cb0d334642c9bf2c97e1dce217977c28e03174d36f0ab5e6ec6e1f12,114,
79ad3cea57d65967b79ed0492a00d9b756a35b8c7650f2b369136300a19536ba,cgt,main,0x12b58582694d1f854ce2a947b27be598569fbc92,acfc2d943ccc5327e942625aca2e7f72,77d5f12fd362e61c2ab083c74e9b8296,,79ad3cea57d65967b79ed0492a00d9b756a35b8c7650f2b369136300a19536ba,103|104|107|113|114|115|120|128|135,103
79df40abd4625edbb001539a75c69540d01bfeac5d829e1c8781e7244bef3774,cgt,main,0xed6ac8de7c7ca7e3a22952e09c2a2a1232ddef9a,f8407853c280c4c36c7329fc4e5585c4,8741f7624c1ffd48b08b9616755261df,,79df40abd4625edbb001539a75c69540d01bfeac5d829e1c8781e7244bef3774,101|104|113|114|115|120,101
79f0cf0fbd48771329d936558d6d04cf82f340b98631eb4280913845930f2710,cgt,main,0x00674045bb7c17f0aa1cde34780d6c51af548728,cd9e73cc1e8213426c31824ae1ccb14d,6b9bb083e105127506d422e220a01bb2,,79f0cf0fbd48771329d936558d6d04cf82f340b98631eb4280913845930f2710,103|104|107|113|115|120|128|135,
79fbeaf32b7e5c3ca24f19af8c2290d5848a29bf70dc0a450a193a912369343b,cgt,main,0x15404da28f01f12f16818ce8d2d61ed55657f9d1,10d55612b7b7da1971e6e25e7550989d,fd0f56b42ceaefabdbd8e6a7779f8630,,79fbeaf32b7e5c3ca24f19af8c2290d5848a29bf70dc0a450a193a912369343b,101|104|113|114|115|120,101|113
7a3a3f194bd28883b8014cf5a06585dc3cc1074025e90e90baa4094da02f475e,cgt,main,0x50fcf0396874f1d4a4d243e8bb4c370c97f119bf,e0226deafbac519843aceac176546f31,2eeb3b18940b0c878c3c8a629c17026b,,7a3a3f194bd28883b8014cf5a06585dc3cc1074025e90e90baa4094da02f475e,103|104|107|113|115|120|128|135,103
7a63757f4280e33a2c3f1122b724aadda85b51b4ecec5e3a1580425438d92d70,cgt,main,0x9b2e81b42907e2bbd2bd76e36ba8ce1911db537e,9771596525bf1cb1bcdefafb549c7116,85779cd5e88b86b1a5b34621364b4a16,,7a63757f4280e33a2c3f1122b724aadda85b51b4ecec5e3a1580425438d92d70,103|104|107|113|115|120|128|135,103
7a6b24797cb26573b89260d26ec33cec75d36a3adcd4c50fe4333fc7f975c0fa,cgt,main,0xe7f4f5abba4a0ae18eaa31796876d137e19b93ad,9eef708572b0ed3130cc457e611a13e1,7baef8039b1f0c89c2cd03987ce90de5,,7a6b24797cb26573b89260d26ec33cec75d36a3adcd4c50fe4333fc7f975c0fa,101|104|107|113|114|115|120,113
7a95cdbde773e68d439eda0cb396ef0cda82eef5d9fe5fc8964f9f66bf68012c,cgt,main,0xc0b1409a5c1a287250a3e974583d00a0010040e7,4b65fcce593b333c9cba88e34e9eae5e,d0f642c50172a472be27e279ad44f9a0,,7a95cdbde773e68d439eda0cb396ef0cda82eef5d9fe5fc8964f9f66bf68012c,120,120
7a9cbf87653fd22282a0b6d6403e002c23a2b3a554ea0d63c1f6805c10cb2d91,cgt,main,0x41ea839c0e1e562d60bf9675bf74a9caa6a7b80c,8279d1ba216625dfda0faf999a53162b,3507cad5e0e7e5718a5ee6c6b6f87158,,7a9cbf87653fd22282a0b6d6403e002c23a2b3a554ea0d63c1f6805c10cb2d91,101|104|107|113|114|115|120,101
7aa1489a455a8eea4539b0eb4bd1600dd0a83e75838551300397ec4551d6aa12,cgt,main,0x07678e4c603a26e92962b6e547df99929b708baa,235a3c6c6d5b424a65c5b9b929b536c9,6fbd819ced0848b335e42c2c3549527f,,7aa1489a455a8eea4539b0eb4bd1600dd0a83e75838551300397ec4551d6aa12,107,
7b086c831eca2e9d48ef32a94ef9f450bb0fcb6200196c1df81c8390f99e79ae,cgt,main,0x1a135adbf33cb363c4b6c609409522ecd5d0aa29,1f8599608c87cd9908b60436f06ff6c2,fe5181eb4ace568fb78afd7173da0b4a,,7b086c831eca2e9d48ef32a94ef9f450bb0fcb6200196c1df81c8390f99e79ae,107|115|120,120
7b4102e5a6a29dfc0a33c3f293dabffea9f6bdb7abb0fd1f28997c86ca34ebf0,cgt,main,0xc58492b3b14f658adff566c988029308505f81b5,4368ade256933f5c8b8d2677e79331d1,4027d1e827d74310d76f5ee79d7cd282,,7b4102e5a6a29dfc0a33c3f293dabffea9f6bdb7abb0fd1f28997c86ca34ebf0,104,104
7b46b7b9a94fab60b3b4190b0cd9c7175dc4bb8607de813f082aac18499019c1,cgt,main,0xa8fa462e08282f48756a672a03d0e10e154ed2af,a33fb310ba9d93f5b7646980d6fdd070,3280bb5ecdd00400c9d16a7cc0009744,,7b46b7b9a94fab60b3b4190b0cd9c7175dc4bb8607de813f082aac18499019c1,101|104|107|113|114|115|120,113
7b471cbb9a0fae30f0c385948d08535d3ffba681c757e3b7b8bb1d2aac2e6307,cgt,main,0x3bcc57726166dd1b391e4abc34fa41aee1457843,8e0c8d5695db6d50d7f648c3977c5a46,a4bb40d9e99aae93f8bc51b676c67b24,,7b471cbb9a0fae30f0c385948d08535d3ffba681c757e3b7b8bb1d2aac2e6307,103|104|107|113|115|120|128|135,
7b673cdf673ef77dcc1e9154ca887b7d35ba81ac6891e4ff6768b3f9e6cb1c1f,cgt,main,0x062524205ca7ecf27f4a851edec93c7ad72f427b,1cace49ea349518f729cd1a875f549d7,6d55f191539078033b092ae5d0730df6,,7b673cdf673ef77dcc1e9154ca887b7d35ba81ac6891e4ff6768b3f9e6cb1c1f,101|104|107|113|114|115|120,101|104|114
7b7c68edc3df84b086781d16f12b3be2ade29d97b0a4f6ad3859af9092d7ab50,cgt,main,0xdcadd661d53c6def90e5ea3cec0a9feb7c0b08ce,af6856b2f96fbff6d7d84f623a246d8b,3d4a0681982fa84341ab607af07113d5,,7b7c68edc3df84b086781d16f12b3be2ade29d97b0a4f6ad3859af9092d7ab50,,
7bb2ffbc4d5108e9f3f81c1ef2b88108ec359bc8a4fb76e83926d071cd73653a,cgt,main,0xfdfe8b7ab6cf1bd1e3d14538ef40686296c42052,edb7925d778b0dd6ffebbd2158042b95,1b67610497c2d6bb9d44fa3ed8135668,,7bb2ffbc4d5108e9f3f81c1ef2b88108ec359bc8a4fb76e83926d071cd73653a,103|104|107|113|115|120|128|135,103
7bc0aad183bc59130308a564844b2139b1ab3dec2d816c5eabf9d38cd1c1974e,cgt,main,0xb77fd7187f7d4ba1f90a924c9d4264d4c458e5b3,3d86a8ce668734a6be69d9a0d4c4a359,9dab3c02218287a8e5cec0cf41eaf024,,7bc0aad183bc59130308a564844b2139b1ab3dec2d816c5eabf9d38cd1c1974e,103|104|107|113|115|120|128|135,103
7bc3451f238f32209470bddb60fd85e87a7dff027221a0793c981adbf668016c,cgt,main,0xb3b33f59174f2ef62167770e4c9cabaa3879eb5d,cad5e29b30a8d194145dd36c4b1e449e,befcc83ea5ee32a01bee8b87628837c3,,7bc3451f238f32209470bddb60fd85e87a7dff027221a0793c981adbf668016c,103|104|107|113|115|120|128|135,103|120
7bf6e026b4db1c316e6d04019d4be53f905f12af9be26689663eeacd5e1a2b42,cgt,main,0x52e34238bacb8730d4804637891c87656b5407d5,a8bbe9900c06edd10ecc798e16867e7d,748339b9af7428df4ea80c6f70a246f7,,7bf6e026b4db1c316e6d04019d4be53f905f12af9be26689663eeacd5e1a2b42,103|104|107|113|115|120|128|135,103
7bfae6c4f3e3fc64b9b653817a1ce22549913a43f7ef9f0d12c3a6374b442ec0,cgt,main,0xc1f9de7df87eb7a933192e4e9178b0b07472f65c,125ee32e6945c47068ffdf0fd68aef3a,3f0aaea91a65915b4a45577be1b41270,,7bfae6c4f3e3fc64b9b653817a1ce22549913a43f7ef9f0d12c3a6374b442ec0,101|104|107|113|114|115|120,101|114
7c07fa62abb026994da76cec5f63a0863d35d90e1c19b2f64eb46653f52d92de,cgt,main,0x3da71558a40f63b960196cc0679847ff50fad22b,3ab40ac5ae7bf1085afee383163692b7,a9cde42bacb6001c10db2b02c2c40472,,7c07fa62abb026994da76cec5f63a0863d35d90e1c19b2f64eb46653f52d92de,103|104|107|113|115|120|128|135,103
7c0fdddb6371e3da2bcc8f1675dc9eb6b217e30cb2d59f8acd2b7d42923f2954,cgt,main,0x0905a9844f41d1be68f99dd4bd51be6838892010,9f11d5143d1cf15e294c82f4083e13b0,d2340c13a4c84f1e7ee56f4f322fbc30,,7c0fdddb6371e3da2bcc8f1675dc9eb6b217e30cb2d59f8acd2b7d42923f2954,103|104|107|113|115|120|128|135,
7c61164d80127ea17919658dcca8e979a1b08dca241cb6a626612d454c3ed185,cgt,main,0xb573ac63d478e238fae5f148b729cd1364244a4c,7d50eb55116d481956eccd3e50e98d72,d3e8b07db0bf70376e4e9b3d2f3dbe09,,7c61164d80127ea17919658dcca8e979a1b08dca241cb6a626612d454c3ed185,101|104|107|113|114|115|120,101
7ca2ac93a3d395ac908a6f27313204b627a25d1740cfbb7dbaabf5ada7f2977d,cgt,main,0x45aaf948ca47329f0059facb78806f1c63a3d197,4f3de071475b0ff8738d92b6d1eb7cd8,a33d8e5641d8867fdc9daecc29bce92a,,7ca2ac93a3d395ac908a6f27313204b627a25d1740cfbb7dbaabf5ada7f2977d,103|104|107|113|115|120|128|135,103
7cbcd9c433f5cc01bacc96033965644175c2bbca0571851e1703b35bb0c871a3,cgt,main,0xfc668ae14b0f7702c04b105448fe733d96c558df,5cc771495b7ee6cb4cc48771be8eef81,9e96f3e7fad58de882d42e04ec7f393e,,7cbcd9c433f5cc01bacc96033965644175c2bbca0571851e1703b35bb0c871a3,103|104|107|113|115|120|128|135,103|120|135
7ccb95730d02e8ac713963834aae4073f0326cfb4da387f157b6e355749d6911,cgt,main,0xfeeb8a968f0d7fd58e29fbfc525051f50ee2fedc,af2737edbd91a12f977d2f62512ef1ad,c99576c2b5ff3122d1100b204c1eb340,,7ccb95730d02e8ac713963834aae4073f0326cfb4da387f157b6e355749d6911,101|104|113|114|115|120,101|104|113
7ccd71e0ca119a5437c1ba629c35e1c48fe9543ba9b2cb998fdfc3811b9b6855,cgt,main,0x11524a168d1b888df781a87a6b4511f199b543ad,c3d37c4959d7b0c952ec8a3329ee8ee1,cb7ff336f5f1e3a406fd5ea025ed9a8d,,7ccd71e0ca119a5437c1ba629c35e1c48fe9543ba9b2cb998fdfc3811b9b6855,103|104|107|113|115|120|128|135,103
7cdab5aa1a2e68d63f893fd29241401a021fcd2004cad4b0fa91648268661b2f,cgt,main,0xe691b7ff3c9fddb8c2437412208ee4816aba7258,60bc782012cc9d1e874125ba787b7b1e,00f815523240327de8cc0e7a1e77d8c2,,7cdab5aa1a2e68d63f893fd29241401a021fcd2004cad4b0fa91648268661b2f,103|104|107|113|115|120|128|135,103
7ce198aef8dd28b16c004f467d6835fc6f345482a8b48c9e2d54ee1fc8c3b350,cgt,main,0xabea74917283a8662865894c7d6cfecafd85ceb6,cbd033985e86bde2a63df9b5e908734c,0d539eb74729d995dfdf0712fc040189,,7ce198aef8dd28b16c004f467d6835fc6f345482a8b48c9e2d54ee1fc8c3b350,101|104|107|113|114|115|120,113|114
7cf273ea102bf4be12037996eabe571e3eb31d8cb2effaccd2136f0520babb90,cgt,,,469b835e4fe013c2a4723d8b08b8fbc7,062ec2882f12fb6ed5576a3eb5242ca5,,7cf273ea102bf4be12037996eabe571e3eb31d8cb2effaccd2136f0520babb90,107,107
7d0ef175d15c74115fd67a4ecc9894515966966391fea51dbd08f4320eb685f9,cgt,main,0x53fdf0c63b87f2db6e2c58ab05a8a3c39d7d8d49,9bc5f2ca4d61161e61ce14059afb0f14,91934163a2b62a4a48a584df8f4c8002,,7d0ef175d15c74115fd67a4ecc9894515966966391fea51dbd08f4320eb685f9,101|104|107|113|114|115|120,101
7d13b4af1f5948164865754f31b106664aa9a313a02e3f26b1fa6c10eab4352f,cgt,main,0x6ce8b8eed077f9b49c1fa684008ebb7562bb41ad,1d435a8eb6a22bc95d69204075f603e4,9ce803435982e74bf56ad392bef18bd6,,7d13b4af1f5948164865754f31b106664aa9a313a02e3f26b1fa6c10eab4352f,120,120
7d14f39a7b6386411bd5a7340010c83da17370b5f0af31ab59ade6709496f04f,cgt,main,0x22141343a20640daaf695226b2233baeef0f0d62,1705763cb18a9913498873de39183fca,affd04f8771e822b7d7d5c8e2ed7298e,,7d14f39a7b6386411bd5a7340010c83da17370b5f0af31ab59ade6709496f04f,107,
7d4e632b0c2f2e37077f4ac596bc6e6d791cb29c8e2a2c38a2a76a6e9d6d6a38,cgt,main,0x80a92535c95d0e6cebece256df3c1b540c60dccb,1260c29b19920eab6d3935b3106e20cc,4dc31b07c831ff56ee914325ecf16996,,7d4e632b0c2f2e37077f4ac596bc6e6d791cb29c8e2a2c38a2a76a6e9d6d6a38,101|103|104|107|113|114|115|120|128|135,101|103|114
7d62daa925ae873e81e9faa312b0e82b20c1b4b95cfd6844b8b907f8d85412b6,cgt,main,0xa379bbdd0af814502eb9b38d475c7fa7411bb4ec,8c682580607cfb499def37463aa2e310,7d0e12d4fb10bb600b40a525ab67a742,,7d62daa925ae873e81e9faa312b0e82b20c1b4b95cfd6844b8b907f8d85412b6,101|104|107|113|114|115|120,101|104|114
7d63173799717c6d06d63e104c418e9060ae668bbf0c14811f848aeb52ec1a7c,cgt,main,0x91efffb9c6cd3a66474688d0a48aa6ecfe515aa5,d2a6a3b3f37be535d867c36bae3f4c2f,981e7b760532228be65cf91e9dd410e9,,7d63173799717c6d06d63e104c418e9060ae668bbf0c14811f848aeb52ec1a7c,104|107|113|114|115,
7d65d4bfe8b676aff5022f47512369860ccf96f1818cfc812bd8bd0d3571bf53,cgt,main,0xa48a875ca65b2f70a41929c060fc245def4ccd88,433a1f8ee2e7f5e5f2c05ed88948a98e,05494f9feed9432ca30201b30450b305,,7d65d4bfe8b676aff5022f47512369860ccf96f1818cfc812bd8bd0d3571bf53,103|104|107|113|115|120|128|135,
7d6cf15e1aa6a7e8c72659dd2830899a02cbfdbb165715ed2f062d84f5fc6e02,cgt,main,0x1213c29b5e1a6f33e0d044f850a57b665e3cde21,89453d2976aa9ff0115db398a1d99041,d6f9e165fb9b7bf28a52b65c4de26da8,,7d6cf15e1aa6a7e8c72659dd2830899a02cbfdbb165715ed2f062d84f5fc6e02,101|104|107|113|114|115|120,101|104|114
7db4687efb3e4bc443e2a1c0c9d1a115fdf367409cb16f5618da4b965c84ea23,cgt,main,0xd4da851e1ee6409689d16ba3e923e5a014732f7c,1a4f7daaf1209c596ead50bb227abfa8,4336cddf62a17b33407c88de2dd47eec,,7db4687efb3e4bc443e2a1c0c9d1a115fdf367409cb16f5618da4b965c84ea23,101|104|107|113|114|115|120,
7ebfad3620ebcd80cd37b5972ed1ae834ab7c160e0190357820068c4fda66d34,cgt,main,0x51dce38369b7d57d367fa1b738723a626f15b8ff,dc74f054b7a6a110851a6d56f71cf74c,f257991bfde04cbfc85dedf2da71cd34,,7ebfad3620ebcd80cd37b5972ed1ae834ab7c160e0190357820068c4fda66d34,101|104|107|113|114|115|120,101|113|114|120
7ef70f233bcb7ad755368d0201da2bdbcb221058afdf1d98ab6be5d285b106f3,cgt,main,0x2f81a082e11ee3ab3b063bb9605affc8e3121926,c2ce51a217329e8e0724c456bcc3be38,b5f0062b2eb44b7451eb80546e4f89c9,,7ef70f233bcb7ad755368d0201da2bdbcb221058afdf1d98ab6be5d285b106f3,101|104|107|113|114|115|120,101
7f1e32f31d7ae07c146338720939a45c2879e0f28fb328b455bbacf9a380aa92,cgt,main,0xe0b7927c4af23765cb51314a0e0521a9645f0e2a,f2880fb750a8ecc4a8482f3b64634781,c971a820f134694bba3693c283bedf60,,7f1e32f31d7ae07c146338720939a45c2879e0f28fb328b455bbacf9a380aa92,103|104|107|113|115|120|128|135,103
7f4a12a63e9ab0a9e9b398eef2a820cd04dc2be9ff10f494075f64d1003ed26d,cgt,main,0xc6b13d41866cba306fe9ddfafd580ac8d92bfb75,e0bd4bc74b5b00b5effbb1af1511299c,b3bdc2934761a36843f98c565a220718,,7f4a12a63e9ab0a9e9b398eef2a820cd04dc2be9ff10f494075f64d1003ed26d,101|104|107|113|114|115|120,113
7fbcecf29352313e0a16c48b58c2d07a51613a6c722bd82e03dab61ce54b9113,cgt,main,0xfd2dfa00ba5941958eaec567e59b42c2aa9dbf70,840a36dab2f608c6967370adbac6523d,4382bf3fab1ac1009afb66b1d35f941b,,7fbcecf29352313e0a16c48b58c2d07a51613a6c722bd82e03dab61ce54b9113,101|104|107|113|114|115|120,101|114|120
7fc0903ff86bfefe80eca2053c169aba9c07f5353035fc8ceec40d0379058acb,cgt,main,0xb08b08b9c4f91e68729ca471d77e0a525071db89,91ae5fab7dc9d2ada89eecc53f55549f,5c45f31248f9a6160214909640dd2be0,,7fc0903ff86bfefe80eca2053c169aba9c07f5353035fc8ceec40d0379058acb,101|104|113|114|115|120,101|113
7fd9ec5abdc8683d3ceaa59602b61d4e18282c09efe9f7e672ba698a9b266310,cgt,main,0xbbc5d510bab53b2199fb17fe1d896eb78911e103,a63d7f22a994c19bb96d5ed128c22c06,5d6a23a8bc36f935adf4f95df984e62c,,7fd9ec5abdc8683d3ceaa59602b61d4e18282c09efe9f7e672ba698a9b266310,103|104|107|113|115|120|128|135,103
80031a227d236d860a23ae53b2bf0b2450cd560ac4ca031d3dfec93c35a50a40,cgt,main,0x86c93259896b20e45262dac7499a83a2cad23fe0,618148ba785e1341dca2c15932b21491,971850e04bd291552e0cedf5722d5d9b,,80031a227d236d860a23ae53b2bf0b2450cd560ac4ca031d3dfec93c35a50a40,101|104|113|114|115|120,101|113
806b250087e413e87d5239e561153f57527bdda6c5232b962240b90b7256a621,cgt,main,0x9f8bf604abeb04d32b0ffae9c3a083be5858cf96,83faa0e75ef3d501bc83fc559135c68e,be5297205fe6de5385fd438eae2e3bc6,,806b250087e413e87d5239e561153f57527bdda6c5232b962240b90b7256a621,104|107|113|114|115|120,104|120
806ee5460e61666a92a730e48f9e0d058f265f7c991bd58cacef6f353eb9ac61,cgt,main,0x12e29c3d8a8437b1a82afb07dca489548e08ebbe,561ee129096ccc06ae45aefd9d1602b4,a99ff6a633b9ce4d4f32b435fe7f4bb8,,806ee5460e61666a92a730e48f9e0d058f265f7c991bd58cacef6f353eb9ac61,104,104
807534bca22f2946f01671be50b1e3046af04fc02908c29f3f4de311a20599c4,cgt,main,0x1c9207daaa1da36ba34b7e1bc83810dd7390d7c9,521f21a004a09a4af3c2f4ad914d177a,a70422e5586bd073b7bb883f65cb9d95,,807534bca22f2946f01671be50b1e3046af04fc02908c29f3f4de311a20599c4,101|104|107|113|114|115|120,
807df75598a791d5c48133aff8cc977bd4d9146f208b1bb734ceecce9f61215f,cgt,main,0x9f00f10e226ec430e888d6311e3f65e62093a9ac,bcf79d80954dfe8166cde362e89ccba2,cc9693f1a4f255eb8c2137c10ad4de61,,807df75598a791d5c48133aff8cc977bd4d9146f208b1bb734ceecce9f61215f,103|104|107|113|115|120|128|135,103
80c57bec543093e03cf589da14a162d531c6a5b1b06f41cda7bb6be88ca1a447,cgt,main,0x5b7ea49f9fa4cc48f6737b72bd36bb4b9732bb7d,f2d43e96f0f67065f81848d420b24429,5fa3ac97a737f6ac4cfbbd8f4684606b,,80c57bec543093e03cf589da14a162d531c6a5b1b06f41cda7bb6be88ca1a447,103|104|107|113|115|120|128|135,103
80f431715be8e5d2c99874e2ce615fa5203b2597a414918d5b733085bb1a2bbf,cgt,main,0x2e76886f251caf2efe6853b181cea3385cc3a24b,861f72ea734b985949aa1ccffc280920,bcea2e6ba51f5352c7f9409b344013e2,,80f431715be8e5d2c99874e2ce615fa5203b2597a414918d5b733085bb1a2bbf,113,113
811614dd0a8e34d0e29d804dbe02523af71fe85ebd1e21d13542fe19240661be,cgt,main,0x8a6aa2091c68287d4c37e486e89850fd0e79633f,f0e84d4b7a8f13fdefe21ab4179a5806,0a2db4d43959588ba91c34a5bac19457,,811614dd0a8e34d0e29d804dbe02523af71fe85ebd1e21d13542fe19240661be,120,120
8180e774b15548c8deef603a726626b2031cfd5159456a013da28543d1a948c9,cgt,main,0x155e7e9ab193aa37c87d22f66002e3db64c9e0ce,4a914f68093545cc94da31941a700453,0771e57f3b99e269427296a82698b324,,8180e774b15548c8deef603a726626b2031cfd5159456a013da28543d1a948c9,103|104|107|113|115|120|128|135,103
8199ab8d97a2133bc70cf3585e7cb4da07df23c1e1207f393d55d8472cec6c13,cgt,main,0x4a56ebd89b2750bf42ddec1cd3845938983be0d2,0947b9a5b276b5a572c98c31f89b5ef8,d2120b961dd3fcf830b86f799194e053,,8199ab8d97a2133bc70cf3585e7cb4da07df23c1e1207f393d55d8472cec6c13,101|104|113|114|115|120,113|114
81ad5b28b5fecf8a315e4a64096f8e6de0adfb355e4a20af1d508840b810b456,cgt,,,9231637bed55270de42200e3dd8d2506,fe6cae1f16215d8162604705c8519c07,,81ad5b28b5fecf8a315e4a64096f8e6de0adfb355e4a20af1d508840b810b456,104,
81f1a7f8e6ff39b9688f9c7e59ea0a9a93ce0d05478164cc06adc309e05f687d,cgt,main,0xdf6164efd12678bf6a7d5a1ddf73c831493f6574,914a5d08290b7a49b2bf12b26672d98a,56a6ac275fb73604664d138be25b6966,,81f1a7f8e6ff39b9688f9c7e59ea0a9a93ce0d05478164cc06adc309e05f687d,103|104|107|113|115|120|128|135,103
820fee76c7b1d65705f5436526f2e97a3bd55632fc403544c7ef9ac780e17383,cgt,main,0x02b2101903eb6a51518e63e84b785180859fda9d,0c64c337f080d6f20831882f49a5c8b0,2251b716617900dd45523660c22831fc,,820fee76c7b1d65705f5436526f2e97a3bd55632fc403544c7ef9ac780e17383,101|104|107|113|114|115|120,101|104|114
8214f3c453c1e8dcbe42d9941763bf56118fc14a9ea49083e1c3f5a88777798c,cgt,main,0x7996d791995b9f9c15eb4c3e899b09a344c54bdb,216ad7b148647e8171ccf68e8f41bee2,c4b7c6bcdb3078b7de90cf0b650b8024,,8214f3c453c1e8dcbe42d9941763bf56118fc14a9ea49083e1c3f5a88777798c,101|104|107|113|114|115|120,101|104|120
8215b938473659ffaea1f76d55416bac7a467ce4c00a930a0a0f0c00c46db4b7,cgt,main,0x06ee3390532f493b4c3a41aa6e396ec750c038d7,eb375fb53f0ddd66aefada6647728ac3,08f8fa20a6f18e917a9f527d896943e8,,8215b938473659ffaea1f76d55416bac7a467ce4c00a930a0a0f0c00c46db4b7,103|104|107|113|115|120|128|135,103
82584348e7a608e71c98468d8cfc64e888ef244e1694fa7a2afe1aafb4e70e3a,cgt,main,0xe4c1c33ed635263c61bf61db751b8a74ee3af0e4,2ad87bf8fb731d35fb3f122a64aabc95,9c020756af6804186c8d4bddd34c5e38,,82584348e7a608e71c98468d8cfc64e888ef244e1694fa7a2afe1aafb4e70e3a,101|107|113|114|115|120,101|114
8282a8f7343a77aaba122b929686bedf419cfbe5fd415ac869a53d667bc528ae,cgt,main,0xf91546835f756da0c10cfa0cda95b15577b84aa7,10ed748fd2a41a97daf2f638154dd7f2,0451a0320c76d64e1ad44b853dffbbca,,8282a8f7343a77aaba122b929686bedf419cfbe5fd415ac869a53d667bc528ae,107,107
828fa36549d76d9b8c97191f2868ad1b5d700d0976cdbd0aa01692cda0e0a697,cgt,main,0xf955eb3e1b055e68ca155f58167cd83d6dc195b5,da6ce8efa9a0cf3ff21d7a162efb5de4,f56100126cd8bbb8f2e2ff26575df233,,828fa36549d76d9b8c97191f2868ad1b5d700d0976cdbd0aa01692cda0e0a697,104,104
82900114bff4f7bd57bc05df505f8c0ece5c8cefbcfa7e8938bf5bace8c833a8,cgt,main,0x8d3bd2940bbc5ed724d138934374e4c0ad3c0027,9b69e3cb38129d9672b1a3fa07eb1d22,f573957ca641ec76575dd1c39f9cc867,,82900114bff4f7bd57bc05df505f8c0ece5c8cefbcfa7e8938bf5bace8c833a8,103|104|107|113|115|120|128|135,
82958b515b4390bc398c1c1d34b35ba0de8f36e85d9899f176e82fd930a4ab5c,cgt,main,0xf184279e6d4654890b4410cf300ed55600f018be,731bbcd0f4903da2bfa3fcad954f1528,da06bc2a5657fa7b79fea612d98e40e2,,82958b515b4390bc398c1c1d34b35ba0de8f36e85d9899f176e82fd930a4ab5c,101|104|107|113|114|115|120,101
82b41edcd94165b19917ebef6f7be290df0b8a5aaea8227340df9d72753fc649,cgt,main,0x26e75307fc0c021472feb8f727839531f112f317,1f22afb7664ff7f01fec2d2a18bf32d4,dae969bf881de80d9496e93a8fd793d6,,82b41edcd94165b19917ebef6f7be290df0b8a5aaea8227340df9d72753fc649,103|104|107|113|115|120|128|135,115|120
82bd4d5bd07df8949985aace2d4a3e285af2d22eff9be06b4a8a894c1ad53cef,cgt,main,0x126ae85a1ebf49dc946224f5268c6bd8338d49ae,84d4e8f96143d9e1676bacac1140f24f,35e58853bdbbd24857709f69cffc3378,,82bd4d5bd07df8949985aace2d4a3e285af2d22eff9be06b4a8a894c1ad53cef,,
82c4e11bdc5314b0e25614bee0640509eec27451705a6f6a437d42145aad814c,cgt,main,0xdda65daa223aaae4add64e4e390cda7101c4ab41,0de32d13a716f0d74366ca177ddd72f9,904259a0130aaaa87ce4a9f607eab56b,,82c4e11bdc5314b0e25614bee0640509eec27451705a6f6a437d42145aad814c,101|104|107|113|114|115|120,101|107
8318a6b35ab6c184e9cff8152f4cee1f6f5e3d44282eadf9b126a24c6e284d48,cgt,main,0x663e4229142a27f00bafb5d087e1e730648314c3,d5c877270441cba5dc14400c7860b112,10d6f287c2f6f8b2fd4aa7ac048d1e6b,,8318a6b35ab6c184e9cff8152f4cee1f6f5e3d44282eadf9b126a24c6e284d48,104,104
8324a1b64bcd1d351edb8dec1f5c3950d3eaa490fb7360ba9304a06513f3a842,cgt,main,0x58e55918c6aca854384d21b199b4af953a2acf46,0c311ecb0be30f8031aa8e7479f87e83,f75b5ef6a0265f9d7a4fe6fcd445f362,,8324a1b64bcd1d351edb8dec1f5c3950d3eaa490fb7360ba9304a06513f3a842,120,120
834573315586e596f1b0c2df52578406be2323fe949bdd485abc21c9acda47d1,cgt,main,0x83651a62b632c261442f396ad7202fe2a4995e3a,a79212d3b04cc587933e8b5aae2abab4,ff76b23cbbaa8033aae47f50ba708eec,,834573315586e596f1b0c2df52578406be2323fe949bdd485abc21c9acda47d1,101|104|107|113|114|115|120,101|104|114|115
835dfbba0ef1e1d2358877695150a747c20b85d05244f287b35bc20658a5e4e3,cgt,main,0x446d1696a5527018453cda3d67aa4c2cd189b9f6,c5cae06a5e244b307a6fd9f59214018d,bb98285df632c1cb7df9349dd33998d2,,835dfbba0ef1e1d2358877695150a747c20b85d05244f287b35bc20658a5e4e3,101|103|104|107|113|114|115|120|128|135,101|103|104|114|120|128
837232421c86d0879a5cbde039e252be862b6db4b724ee704a38b90bc447f619,cgt,main,0x747616c4a19bd9bf1e2b6c8a77d206ea1f9c6018,7939aae0e2f2d511723363e7146c54c5,7343d746bd491c99a2b654a5a7012385,,837232421c86d0879a5cbde039e252be862b6db4b724ee704a38b90bc447f619,103|104|107|113|115|120|128|135,103
837478868148f3dbe2dca57101c46628b7716730919b12c6a14598e9e83e8f01,cgt,main,0x5b0cf947b24434d116373677e1c41145fa4dacb5,36612b603cb57c55d934f998d8d3ffc5,d236ba08f5596d4c7b18e65066d65321,,837478868148f3dbe2dca57101c46628b7716730919b12c6a14598e9e83e8f01,101|104|107|113|114|115|120,101
83eed6538663517652f13ae12d34f05b6a6b419ec2e9c44f30d21e9d1c6c48d4,cgt,main,0x2fa32a39fc1c399e0cc7b2935868f5165de7ce97,219801934f902cf9f4be3e28e76428d1,bbf5ba4bdb78159b894fb294173930e8,,83eed6538663517652f13ae12d34f05b6a6b419ec2e9c44f30d21e9d1c6c48d4,114,114
83fe767cc48f1f7456613a00a9280b98741e99894d7fe5b88357141089befeaa,cgt,main,0xfd981838c1cc9b534b938c56b1c2123bdc700a32,5531d8806a3a4216bda0a78716a5adc5,d21fe1375299820512eb80f426c8bcd7,,83fe767cc48f1f7456613a00a9280b98741e99894d7fe5b88357141089befeaa,101|104|113|114|115|120,101
8418b9ed0fe3d70c36dfd6d2f8d7d7ca68a9899e535340af653ac4a3065af9cc,cgt,main,0x0389a06b028526b05966c287370bebefa0082176,f0126fbd16c2ade13a3c0d9d0ebd81c5,d36f539a02758f51917d71b7df197f63,,8418b9ed0fe3d70c36dfd6d2f8d7d7ca68a9899e535340af653ac4a3065af9cc,101|104|107|113|114|115|120,101|104|114
842ee38e7d8f5a04ce4ee5d6d94fd8691e02bbc6be2a6110632521fe1211272c,cgt,main,0xe6517b766e6ee07f91b517435ed855926bcb1aae,1727caf0cfdaf3d56e3d83f443cad9f8,e435ac2d3e7c5924f354e19e5a95f781,,842ee38e7d8f5a04ce4ee5d6d94fd8691e02bbc6be2a6110632521fe1211272c,103|104|107|113|114|115|120|128|135,103|114
8438641972c3d0d610ee73934450c814bc54618127400196847ab3b4986d762d,cgt,main,0xfcc5b18f1f51956e0abb411e7b86c76586ab4ef9,53934c8afbb8657a73c60e0d4867451a,f53ca9fb2cc7587b5b2f2921093dc28d,,8438641972c3d0d610ee73934450c814bc54618127400196847ab3b4986d762d,103|104|107|113|115|120|128|135,103
8442dc2f53dbbdb3c3603e7aec968545801acf48ef32e27e0bd7ffceee832771,cgt,main,0x39aa4006ee5941c0c0e41b924fdafcb2c4c918e8,51f0fbbe91a9939ebf2302fc0e78b51a,d2f11ee4ffca47d5afa9efc4ba904f38,,8442dc2f53dbbdb3c3603e7aec968545801acf48ef32e27e0bd7ffceee832771,101|104|107|113|114|115|120,104
84a32c5202cd768a542d242ac808702fb53c725ecfafb1e5d99a7b7c20e1b6be,cgt,main,0xadea1a12d74a54e914cecfcd024223d40d68d7eb,9aa3de7a9ac1e65570d9225fae833171,b41e7631ec5d16852beffb9567d33a50,,84a32c5202cd768a542d242ac808702fb53c725ecfafb1e5d99a7b7c20e1b6be,120,120
84a39aa277d93be9f5e500a2c8cd202c96a92403c7de49313659c35110011792,cgt,main,0x7782b0e4e4644ad4583efb13dd9b28e2bac68286,5c802505749e5a66eccc59bc8bc16d7e,1b4adf24db397645a45595db42bb3703,,84a39aa277d93be9f5e500a2c8cd202c96a92403c7de49313659c35110011792,103|104|107|113|115|120|128|135,103
84f495f4bae7eef7237b4d472f7c3aedb7207c027c1500cbd444069460751f96,cgt,main,0x5052787b0b9cec67442e2ff43d2176693377bc5a,a5e65b475c81d075c8d2b43181ea3f92,27b4c9c29087b37e8291e8dcd7b927fd,,84f495f4bae7eef7237b4d472f7c3aedb7207c027c1500cbd444069460751f96,103|104|107|113|115|120|128|135,103
84f9298b09c6e17482f570b8c5f3b0b36a20b59b8bce8ee364fa520d465e1f04,cgt,main,0xa254ad2570e97af16fc544f678f8ee00a1a98915,716b3a50409116f501a6e943f020da7a,045424743d85f892f88410ce29378b6f,,84f9298b09c6e17482f570b8c5f3b0b36a20b59b8bce8ee364fa520d465e1f04,101|104|107|113|114|115|120,
850a5217bd6236986ebc4abe31a3f1d921647b13ade107f1305ae92c835e323f,cgt,main,0x1c2389c0b8014be72e11849ec0aa790b03929e18,e21a528bea9cd8c9de6f3e5e37863f29,fce5146b4d5679e518dbf4f20014250a,,850a5217bd6236986ebc4abe31a3f1d921647b13ade107f1305ae92c835e323f,115,
850b0a5517df8d11e623c3aa7970bc0c271428b567062293c3a216102a328b75,cgt,main,0xac8802cf9ee2c27260759c0bfc0b5a10d4342b58,a65a7e3db2e11d3b7d17c76eeb93c185,66983d961c474763885c6e72cb1b0e39,,850b0a5517df8d11e623c3aa7970bc0c271428b567062293c3a216102a328b75,101|104|107|113|114|115|120,
850fccbcbee746c6e435692e157a8a61ccec62a523916f3789c8970fea40a43c,cgt,ropsten,0x0cfd1de4d5a6e442f4cda44f478914c8085f69de,858391ca4e69768f99e339c1544ac2d1,,,850fccbcbee746c6e435692e157a8a61ccec62a523916f3789c8970fea40a43c,120,120
854924b3ebaf85e695ec789ee838d3ce8e5923a5f3103c45b9b5c214235c2fbb,cgt,main,0x4668cd871eba35997e1fbe66d0eddf6612d018ce,a9481746456fc05e1903e9f2ebcb4894,77f3f2f9992ce1bcd5c6278ce5a4c030,,854924b3ebaf85e695ec789ee838d3ce8e5923a5f3103c45b9b5c214235c2fbb,101|104|107|113|114|115|120,101|104|114
8561c6a7a936e43249712cd2fec19458f7ce5db5f5a8aa9ae7bc6683028a9ffb,cgt,main,0xb0f94af0cfccc76113bb5ba2c2d89d56221b18a5,995079ecbf6c9e70c48236a21542c0f0,521ec0d08a4cc49b3f67ef59f770334f,,8561c6a7a936e43249712cd2fec19458f7ce5db5f5a8aa9ae7bc6683028a9ffb,101|103|104|107|113|114|115|120|128|135,103
85645bd440008842f741704b71be79cefe794fa8867cd121c6c9fdeaf6e0f902,cgt,main,0x1e9d5e4ed8ef31cfece10b4c92c9057f991f36bc,7e89b06edf5c4eb4d8b60dc50c4ab1bd,d6cf2cf709165cee9cff14f9a0ebd30f,,85645bd440008842f741704b71be79cefe794fa8867cd121c6c9fdeaf6e0f902,101|104|107|113|114|115|120,
8564d6ea91b7852ff2f48a086bed7fcc3a51ef102f01c5ad28452d8d747b55c0,cgt,main,0x9c0c2c6d734d075a013c822b0cfea8917a3f5e75,88bbe8c696fd67880484ab72de9ab065,f3d2c53547deb1dab0ce2775b6a9bebe,,8564d6ea91b7852ff2f48a086bed7fcc3a51ef102f01c5ad28452d8d747b55c0,104,104
8577e4134ab650eb83c0afa47a008f1ec422626a5618da7110f9445b609b8d90,cgt,main,0x384e762dad922b22a0d06f4d1229582473d2dee6,07a75b3f3fc68a7b04ebf8e3c23fd118,6645105ccea76e9cbe8415d78b8b3f55,,8577e4134ab650eb83c0afa47a008f1ec422626a5618da7110f9445b609b8d90,101|104|107|113|114|115|120,107
85c37d07f339b417c053afb8c7bbf38c226e678358b4e8f6d3b8fadedb4832a0,cgt,main,0x80f1f62b8b365c5326100d462d8570771b8d0e57,62f17323ea0634237752ad569421e9fe,1ed2f9ab1c7f5771a950ff93df00885a,,85c37d07f339b417c053afb8c7bbf38c226e678358b4e8f6d3b8fadedb4832a0,101|104|107|113|114|115|120,101|107
85d6904e8287fa89359be83b6950f261610ed6d80766135c6a4f721f5147be59,cgt,main,0x13ea82d5e1a811f55bda9c86fdd6195a6bd23aed,52995954e15ebd370bf831915a4828d8,f7ae5d0bc92749c806ec0cd7689519ea,,85d6904e8287fa89359be83b6950f261610ed6d80766135c6a4f721f5147be59,103|104|107|113|115|120|128|135,103
8604ecd5f306d62ce7940015a053c2e994124c358ad1291c15bedc99c730f1a4,cgt,main,0x341f8e038ee688ac2e76af210035696eab0a4f66,1629b5635dfc4fb2d70a1235f15b9a64,3400eaa157ba52c0f3c67d8454b9d225,,8604ecd5f306d62ce7940015a053c2e994124c358ad1291c15bedc99c730f1a4,101|104|107|113|114|115|120,
8662773c2404f29cbb1e51d0615548afb0e3399c4ebe8273fae152f833dcfc2c,cgt,main,0x0348b55abd6e1a99c6ebc972a6a4582ec0bceb5c,872fbbb16da61e08e734147473fa4112,ac522bae368479ff19caf10651d24d2d,,8662773c2404f29cbb1e51d0615548afb0e3399c4ebe8273fae152f833dcfc2c,103|104|107|113|115|120|128|135,103|128
8668f07eea0dc41b99f1e160029b582223708a741621819e8d287114ac540e33,cgt,main,0x0807a2d6a675e7196a3d9b1910700cae9795b72a,ddd8bda16298c091484f71d6086f5955,0458d3647cfea82e0ccc68fcc324c27c,,8668f07eea0dc41b99f1e160029b582223708a741621819e8d287114ac540e33,101|104|113|114|115|120,101|104|113|114|120
866c22e095094bc14011ce98dcdbc98f7aa8971ce74b95bdd49318e009083613,cgt,main,0x9f1d916a456b96146e9f0dbbd0e107a1f389a061,46300003b493a8bcb7f683c7aaa20ed2,f4cfd9923db178a44c4c20d1586712ab,,866c22e095094bc14011ce98dcdbc98f7aa8971ce74b95bdd49318e009083613,101|104|107|113|114|115|120,101|104|107|113|114
86bb6853c85fb31fabfcce1fc61b2bfbe089e3ab657a62b49c9ebcd07f1dc802,cgt,main,0xaa3918d28c0e75dab344889694bce21a69598f6b,a96e5b164d5a8c606b40896af246af74,145ce3d1f0bffccb81d8b2538977f03e,,86bb6853c85fb31fabfcce1fc61b2bfbe089e3ab657a62b49c9ebcd07f1dc802,103|104|107|113|115|120|128|135,103
86d7cd9c49e6410d21f07e26ffb2676fce32a7d774a3c0373f4005ce5d250621,cgt,main,0xe94b04a0fed112f3664e45adb2b8915693dd5ff3,d1a3d4ac9b5d3f4cc9cd37fe6d8ada2e,df8f2bd7fea34d64a628d76357d15719,,86d7cd9c49e6410d21f07e26ffb2676fce32a7d774a3c0373f4005ce5d250621,101|104|113|114|115|120,113
86d83a8c5d65630abf28a9f2a3de94f41dc71204a1d8d002566cb574de3b44e0,cgt,main,0xee4e09a72c5f8d60ce09b4b90dd1ee680fc375fe,38bbfccde7899f5ffa752b8ceeefb0d0,f75eb5af6d33ca4bb40af6d6e91c20ca,,86d83a8c5d65630abf28a9f2a3de94f41dc71204a1d8d002566cb574de3b44e0,101|103|104|107|113|114|115|120|128|135,103
871980e4f82df213b1a4add9ee4c54e5d5f3055ee24b0c9bddba7793d6ed3427,cgt,main,0x2a0c0dbecc7e4d658f48e01e3fa353f44050c208,2ffe8abff64c2c4343d1bc8c8597fc17,596f6cc4782cdcaef633c3951bfe9642,,871980e4f82df213b1a4add9ee4c54e5d5f3055ee24b0c9bddba7793d6ed3427,103|104|107|113|115|120|128|135,103
8750cca4cd1feeed0b54617d81bc0bdd1c6a9d4854310af68be0cde09da9bcc6,cgt,main,0x610495793564aed0f9c7fc48dc4c7c9151d34fd6,1d86034b075296ce4a4225b46ffda810,0de902a1c8c0557117ad8f6d82976df1,,8750cca4cd1feeed0b54617d81bc0bdd1c6a9d4854310af68be0cde09da9bcc6,104,104
875c8ffe20776601dc96a97da90d43e9460ca62d0d4602a61b746d035325a126,cgt,main,0xb0510d68f210b7db66e8c7c814f22680f2b8d1d6,fe1145fc3151d639403d8aa13b52e16a,e4b903cb1159175ce3f10b76c2702a26,,875c8ffe20776601dc96a97da90d43e9460ca62d0d4602a61b746d035325a126,104,104
876fbf7f47c1db66fea542a2ce94dd31aa4567d99ebefa748a9d40927e07bd93,cgt,main,0x096133503887a77e524f2690ba6aae2fa66b032c,07fd80d5114e5ccab68870f56a21129b,7e284eb3d63fbb752a9c2a4ccb90ceee,,876fbf7f47c1db66fea542a2ce94dd31aa4567d99ebefa748a9d40927e07bd93,114,
87877db6890e1043972b8e4568463a9db2235f08ba78942266cd65b4583b8a3d,cgt,main,0xe5a04d98538231b0fab9aba60cd73ce4ff3039df,857c696d97311747331d722e79742bcd,e9297033da489abfc1a50977179b3bab,,87877db6890e1043972b8e4568463a9db2235f08ba78942266cd65b4583b8a3d,103|104|107|113|115|120|128|135,103
87a3e1d6c9e95a2ac2d29a11e57b3a141e49896e9484f6900aa08e826f2c7703,cgt,main,0x4ec648e7b9683771edb8edeb80ca3fde53695415,d881d13e6c2a4f6862266fdadbb25cb7,ef36c5428c45656fbce741f21a0ff249,,87a3e1d6c9e95a2ac2d29a11e57b3a141e49896e9484f6900aa08e826f2c7703,113,
87ce61b7e78ec6fcfc6eacedf34ffa281ff9390bc64eb1fef33cd2285cc201fb,cgt,main,0x4e145c8b132e85f5ab8edae504d58001e8b54721,9a4fefb33d83066821b96d558ee739cf,9ecb5ffc57b7c7a4ce267cd0f6880cb4,,87ce61b7e78ec6fcfc6eacedf34ffa281ff9390bc64eb1fef33cd2285cc201fb,104|107|113|114|120,
8811c19ac734b43203959fae253cd7726187c1ce83c90b3ab11dfdd3c15a4039,cgt,main,0x9828f591b21ee4ad4fd803fc7339588cb83a6b84,fc588183fc761a9254d7592312d15a08,87149fc33a6049ccbbdd304bf6b16c48,,8811c19ac734b43203959fae253cd7726187c1ce83c90b3ab11dfdd3c15a4039,101|104|107|113|114|115|120,113|120
881d0161885a68df597c6831fa3b59c25e1543251c82252dab963eb612b98fe5,cgt,main,0xd8912c10681d8b21fd3742244f44658dba12264e,42b440105f6a19f1dcdcaa37ee07de07,b8c9e33f29938434e5dd6660b42a8d16,,881d0161885a68df597c6831fa3b59c25e1543251c82252dab963eb612b98fe5,101|104|107|113|114|115|120,101|107
8857bb375bec0a22756f169c75e64e36c42fdffef1fb43031e27c1eaac526549,cgt,main,0x2ff2a65b0a324c04747bfdc63f4bf525d43e5c62,20f1090f432dc0cdb4102d71e3a89ecf,30a676d2a634b82950ed9afbb9895816,,8857bb375bec0a22756f169c75e64e36c42fdffef1fb43031e27c1eaac526549,101|104|107|113|114|115|120,
8876bdc2e1e69d7ddb1a60458b7a575a8edf3a0b888e6d547a402a7a03a83546,cgt,main,0x260972db3571a4297b9e0cfa237eabbc9c6e35ce,2862b0e0d547df2b3d0139e102e497d2,eebc46310ef4ec1ff3454a7d7490a868,,8876bdc2e1e69d7ddb1a60458b7a575a8edf3a0b888e6d547a402a7a03a83546,101|104|107|113|114|115|120,113
88c5a5aefb8b0b5e1497b9e3cd0213e3877a8cf85cc5a6de133ac22e64bd4b56,cgt,main,0x70135f213345cd39370c767150dab36b4a385f12,0636c6975c927b80e3185f4407d3e19f,69db2b41d990d384e1a67dd2158ec8d9,,88c5a5aefb8b0b5e1497b9e3cd0213e3877a8cf85cc5a6de133ac22e64bd4b56,114,
88c952fb24e97eecc0e11c6eba686fc5fbe32bdea1810f4554ce3593e5251a38,cgt,main,0x41ff0796a6c7a201476bff53c4cb2c48b084e5e0,2f7aa93342b2c6d3ef532bef626f63ca,f627e5a86ed7b94e4a6781287b986dd4,,88c952fb24e97eecc0e11c6eba686fc5fbe32bdea1810f4554ce3593e5251a38,103|104|107|113|115|120|128|135,103
88e2cb1564763291b546cb2c39125cd2e07850d587a922fd78f126522fb3ec0c,cgt,main,0x336db6c1ead9cc4d5b0a33ac03c057e20640126a,920bc45b6b58c374b137ce9cfc3acebe,9d45c150e4a350a416f8b6b5be5634d4,,88e2cb1564763291b546cb2c39125cd2e07850d587a922fd78f126522fb3ec0c,103|104|107|113|115|120|128|135,103
88eb969c278d6b5be8188667f4a4eb9b41a6d49cf406d3eb1f2d4d7a7bf0dbb8,cgt,main,0xbe0d35bf5dda61caf80ece3d4f6045a7bab7ed02,c574ecc32274422c2c821e7acee1ec67,f5241914be0d93d2cc42fde0a0e11a35,,88eb969c278d6b5be8188667f4a4eb9b41a6d49cf406d3eb1f2d4d7a7bf0dbb8,101|104|107|113|114|115|120,101
8904cbb77a856351c587e02e0ff06387900a93f3a3cbc49b07a18b2c3c89fe9e,cgt,main,0xaa6e94908c4b2d020ef5f92bca529db958df106f,ea573457efc9476e8b9a8c7e203dd4e2,7c52b16d40908037d507760ccd4a35fb,,8904cbb77a856351c587e02e0ff06387900a93f3a3cbc49b07a18b2c3c89fe9e,103|104|107|113|115|120|128|135,103
89283d9a49db46665ea3596971d0cc74237b6480c5129064c557755bab4436f8,cgt,main,0x58dfcfbd7955a67287eb0e4ba38a233c6f0f8012,e5943058c377ab9e4e5fd9f8429ec300,1b20537edd14b6297fcdd27e23ed7d2e,,89283d9a49db46665ea3596971d0cc74237b6480c5129064c557755bab4436f8,113,113
894aef6fe98078634ebb88f56a508ce48cd7487cd1646433c2a1d18e5a3c8f48,cgt,main,0x8b099bdcfea93faecfac13d0dbc1d08c4e1ec595,20335cf20c3614bf2cbcbbb8ea652bc5,d56f3078d990423899befad8fab6dd05,,894aef6fe98078634ebb88f56a508ce48cd7487cd1646433c2a1d18e5a3c8f48,101|107|113|114|115|120,114
894debd3bce7337633744a26b6e2a9e1aae243002effa628c1be7b8d8b39ea35,cgt,main,0xe09b1ab8111c2729a76f16de96bc86a7af837928,dd77e451a8df89cafbe2e11e3e00cca5,92a1700e8d8188b3e206d18c9ca088fc,,894debd3bce7337633744a26b6e2a9e1aae243002effa628c1be7b8d8b39ea35,104,104
89612673be9a6d4515a462caa86f421e515b58c4488dc74437a610459fb54c40,cgt,main,0xcaaca224e35d0a1fa3304a3c4ec8beb5f28a99aa,10966fc0cdd40f9aa3cad40843fa74d4,910b59675a9035124881b23267e99acd,,89612673be9a6d4515a462caa86f421e515b58c4488dc74437a610459fb54c40,101|104|107|113|114|115|120,101|104|114
8970c71806c403109af2f59ba04a7a46d970ae44cef36d0064eedca1c24c5ace,cgt,main,0x1654d540616bfb3f13973ed6019e43005be43219,2337347665f5eb2115ea4eee47c86d1f,d8ca5f0598dc1c11e17f4069cbaca35a,,8970c71806c403109af2f59ba04a7a46d970ae44cef36d0064eedca1c24c5ace,101|104|107|113|114|115|120,101|113|114
8975ba7dbd3df9c3becbb4255f4832b500308fe5c12a7bbf796d11b4ac6b4782,cgt,,,02db6d72c7e895888f8e410848cc7e83,dfbad433833b41e07b2807dff12321f5,,8975ba7dbd3df9c3becbb4255f4832b500308fe5c12a7bbf796d11b4ac6b4782,115,115
89762be546eec422dcd0367d30493b5a6633e8fae2eac9f1418ed90a3f05c5b6,cgt,main,0x8c7777c45481dba411450c228cb692ac3d550344,2a6ae6a0efcd8720860818e429f8b4f6,2fb1918ed38233a3febe2283f05beaae,,89762be546eec422dcd0367d30493b5a6633e8fae2eac9f1418ed90a3f05c5b6,107,107
89aa4f4134f1361fabff0a0a7b008f499c4b20fe84099e80e65a7153c7bd8895,cgt,main,0xc8af1ed873a5c2aafce10fe4e67124876c50e239,3110f4a116b53086a5585790e0ad3283,b742675b41586b0425d2de26206bf1c1,,89aa4f4134f1361fabff0a0a7b008f499c4b20fe84099e80e65a7153c7bd8895,120,120
89d5fbcd0f3519fc1f09080dd0b9cec4c2756426e282ba47f1c81ee232a9a312,cgt,main,0x49fddeae0b521dab8d0c4b77e7161094f971320d,ce1e98665816ea34062b05de89c45391,0df464b62af1ffdbf6e546056c410605,,89d5fbcd0f3519fc1f09080dd0b9cec4c2756426e282ba47f1c81ee232a9a312,103|104|107|113|115|120|128|135,103
89d9179bae6e2f64b6e412dfc000110f285f315b9f3e0d4f80ed28576b15125b,cgt,main,0x8c0bafd88dfb4c8159ce925b3222d18fdf3c8a90,fe6fcc22e80c28478188de30744b62fe,1d758d44933b3928c50a7737da603322,,89d9179bae6e2f64b6e412dfc000110f285f315b9f3e0d4f80ed28576b15125b,101|104|107|113|114|115|120,101|120
89f21f0fd193ff9814bd8209c5eaf460b769c6bf7132d83de3286199ec619f4a,cgt,main,0xcd806502ad2f9aeb32e23f8d647341d4b568201d,10c092ea0e2fbb28037eb15849a274d2,0796b92d59e64eb1e755754f4d4886f9,,89f21f0fd193ff9814bd8209c5eaf460b769c6bf7132d83de3286199ec619f4a,103|104|107|113|115|120|128|135,103
8a26789b2c61afd3fce3255f3b999b760f06ac1f6e60e905f41318f6503b65b1,cgt,main,0x08fca9bfaed36c29ee3435206158f13dedf4a859,0f61a0cbacc992cdf7028b01692bea1d,5b4a20f75aa86c8305cef1b378548c0e,,8a26789b2c61afd3fce3255f3b999b760f06ac1f6e60e905f41318f6503b65b1,103|104|113|115|120|128|135,103
8a3a6cc8c5a28293ac45f818d0da99c34003e5afcf9024c6754e9a7f14e69373,cgt,main,0xc16b542ff490e01fcc0dc58a60e1efdc3e357ca6,1aca99e792106a5346b6a1b2e1c00724,826ef6a5f62b5bf5a5b680371b334f9c,,8a3a6cc8c5a28293ac45f818d0da99c34003e5afcf9024c6754e9a7f14e69373,103|104|107|113|115|120|128|135,103|113|128
8a3e546c44eb5ec0b7811aee2876b5d387318baf4cd7d1c3dde57eadfd6e4e41,cgt,main,0x6c878a4760fb1afe5751d9979b4fbeeec3072a30,8aed5e30868f2c2452bd638aa4000c1d,4af90f1fa7e50c4c0b828b633e7da8a3,,8a3e546c44eb5ec0b7811aee2876b5d387318baf4cd7d1c3dde57eadfd6e4e41,101|104|107|113|114|115|120,
8a614cf54a2b109329ab8e2dfaf4d4ff70bebcf32a81f82f3260ca2f6844170c,cgt,main,0x316201f586706aaa2795bc2a3f0bad2379c363e4,dfc2ebcaef1bca3c925c35cdd4f2e9cd,ccf42cff92d82f2a60d085c115238701,,8a614cf54a2b109329ab8e2dfaf4d4ff70bebcf32a81f82f3260ca2f6844170c,101|104|107|113|114|115|120,101|104|114
8aa0c8d4e656be9973179a235014aa64a92ac816f6e97b9a7fcd2d059b03969f,cgt,main,0xc0326a98c23296d295ad880b59a3ef7ea6f5e594,a1fd9b4ce3fb81c770dfb6a84edc4479,14ac5b354d03703814ab15c2ff4607aa,,8aa0c8d4e656be9973179a235014aa64a92ac816f6e97b9a7fcd2d059b03969f,101|104|107|113|114|115|120,101|104|114|120
8af30f27444a168e42edb5e029270758a8b64e9b5c0c99be98a360f2b126641a,cgt,,,fe0552c4431894edcc3b03bcf7e80e43,7558185623a9547665e4da1c97818b66,,8af30f27444a168e42edb5e029270758a8b64e9b5c0c99be98a360f2b126641a,128,
8b389a95746e3a16e6db722afffb8e46ebf3e886bd40f1de22cd809fab102712,cgt,main,0x7c32db0645a259fae61353c1f891151a2e7f8c1e,ff06a0bcb636f502a558425426543614,ce116e2a3d3d3ee88cdff5bfa80e4f5e,,8b389a95746e3a16e6db722afffb8e46ebf3e886bd40f1de22cd809fab102712,103|104|107|113|115|120|128|135,103
8b4b9d6ed2946937fd9073c6db14994575bf8dde3e86c0544856ef6fac3b2efa,cgt,main,0xd9f7cd813983bd89d18015cc3022f7b9b97d26d4,6d3c1e79e8fb22b753955aa404981658,bb561b6a25fcbc2a2ad516141166539d,,8b4b9d6ed2946937fd9073c6db14994575bf8dde3e86c0544856ef6fac3b2efa,101|104|107|113|114|115|120,107
8b4dbe370ace856c58782d0a42e998c72037e3b4074f5d007ba00d05eddd2e40,cgt,main,0x00f90986cdd79744409f8a3c7747064afa4473b5,f074bc9bf554df79e6cb71563cb9af46,4926d077571df9b52e85ef992a0596d4,,8b4dbe370ace856c58782d0a42e998c72037e3b4074f5d007ba00d05eddd2e40,120,120
8b4f943e0570d0fa08b9b739c07c6262f1c375ff1f17fe7dc2f732318885a034,cgt,main,0x320e735f4f13be0c9a99ce871463eb1f51354857,78a416c28d46640e37bd52f7978ed722,7557f0f1c1ae740f0fe52ad210d41a23,,8b4f943e0570d0fa08b9b739c07c6262f1c375ff1f17fe7dc2f732318885a034,120,120
8b67d7afd6b1a5e7aeed7df8fa57d14cdc03f01f0b59275da89e6e2945e77f03,cgt,main,0x8d2aae6a7eb63ba89c36e82385f096d41074cd87,9d050c9d03d6a925d0c091e318e89f4f,d5fc053d051f0a10efa9917f1a74492f,,8b67d7afd6b1a5e7aeed7df8fa57d14cdc03f01f0b59275da89e6e2945e77f03,103|104|107|113|115|120|128|135,103
8b8110d16b46a0dbb9357732dd71592b78b6748b8f944f81e12c21ef85d13bf2,cgt,main,0x08036684d21e7efa3140d1f4e658ed2d654b39c8,5f3f5ac9beb900af6867ccf712916e9a,87b35907d4c0854969207c533b990455,,8b8110d16b46a0dbb9357732dd71592b78b6748b8f944f81e12c21ef85d13bf2,101|104|107|114|115|120,101|114|120
8b8516b6806e70ef5a231a294d98c036324ba081ec00251d2f437ef9b3f338bc,cgt,main,0xda7fa6e0b04c76683f54c973931862d7fe474a85,dac3176f688dc206ebdaf8585b9576eb,95d9a00f215094472920dcd16476143c,,8b8516b6806e70ef5a231a294d98c036324ba081ec00251d2f437ef9b3f338bc,101|104|113|114|115|120,
8bd25be47b75dce3eb5b2c15dde5a615cf3c643b9a4224216a3cd94cb5f545da,cgt,main,0x5385d02f3a254ca716c144c7c333553a2e6ec931,a066f4a95a779c3313d5ee9253e49ba3,f867781b6d7f67d126e9d20afb5d79f6,,8bd25be47b75dce3eb5b2c15dde5a615cf3c643b9a4224216a3cd94cb5f545da,101|104|107|113|114|115|120,101|113|114
8bd6e036548487aad64d8358c1ac44ebb4018cc51b11505986cc10c0fe6782c0,cgt,,,c823637dc375bb95b518e82797485bd8,faf387d35a26a16ebfca6fee82ddf010,,8bd6e036548487aad64d8358c1ac44ebb4018cc51b11505986cc10c0fe6782c0,101,
8be420ed87065a23716088a93b92757b8ed514ca93bcb0168482c0475cef52c2,cgt,main,0x0b76544f6c413a555f309bf76260d1e02377c02a,198ea8268d18b7fd24c8429f32726ece,186089adbfa07a2600298731a7ea9ed5,,8be420ed87065a23716088a93b92757b8ed514ca93bcb0168482c0475cef52c2,114,114
8c0ce286f1d6a399ab83ea01573b4b15c3309b3e675c651128ffadbe9cadc660,cgt,main,0xed7da010027967365e0a7c370c1dde2f9fe4477f,704b6ecee31943f1c7418af78b89f4a6,fedfe64a59e3af8757d2d96da9c5cf05,,8c0ce286f1d6a399ab83ea01573b4b15c3309b3e675c651128ffadbe9cadc660,103|104|107|113|115|120|128|135,103
8c24e656d10b13788d368847b639f5806bbb7f860147c396832982bfaebfd97c,cgt,main,0x8fd1e427396ddb511533cf9abdbebd0a7e08da35,ef738ac91764e41d00d7a8502f07b986,5b88e56a3ba7a0709caa5966890a58cf,,8c24e656d10b13788d368847b639f5806bbb7f860147c396832982bfaebfd97c,104,104
8c29dbf49d6bee4736a426196ffaad1fd57f9d1dc0e6524fd565ebdd2e75c089,cgt,main,0x9f4fd6c336388f2ab7dc7bbe4740ae7b88b880d7,970353d2b81e44e25b3b6c5b1d804d09,8c8091fed3ce375d1cea5c8f68c17967,,8c29dbf49d6bee4736a426196ffaad1fd57f9d1dc0e6524fd565ebdd2e75c089,101,101
8ca7a2506716613bae316969ae54011aae37b90a8ad2b9bf804dc099bf41db50,cgt,main,0x98a86b076c19a65d928417b8b1398ac19e2df04c,1e03ff317ce9638b2220e85267e9c02c,f135a7e69ebfd433f1e10f71a3453f1d,,8ca7a2506716613bae316969ae54011aae37b90a8ad2b9bf804dc099bf41db50,101|104|107|113|114|115|120,
8cc2c9924996a0bd6baaf15c7747e210d150e6284ecc65e558dfec37ecb69160,cgt,main,0xece701c76bd00d1c3f96410a0c69ea8dfcf5f34e,903beacb7d0bf5b994efa35e9d63831b,c17cbeaf922b0ec9c5260c325bd3e132,,8cc2c9924996a0bd6baaf15c7747e210d150e6284ecc65e558dfec37ecb69160,107,
8cdc07c9bacfcd2e1f0d3282850fc5a53bbd27e3ed5d6ff7f964440635b9a0e2,cgt,main,0x8b7d07b6ffb9364e97b89cea8b84f94249be459f,3556b7b7746b1c7852003958b421d843,627497ff2eabe0609adabfcc3dc73a34,,8cdc07c9bacfcd2e1f0d3282850fc5a53bbd27e3ed5d6ff7f964440635b9a0e2,103|104|107|113|115|120|128|135,103
8d22306ddf9cd75a8f8ec55766f6146fdcc124ff7a227da927a019badfb18d34,cgt,main,0xb7c6f23e9bfd56b7337916086b699f104959a2ff,bc3b4cbe94bbc3d79b58b1f4cc69d601,799abd7f8c21931f41f2aa32ff27e1ce,,8d22306ddf9cd75a8f8ec55766f6146fdcc124ff7a227da927a019badfb18d34,104,104
8d5bc8c528d7bb0553759949910b9108dc202560c07a8400ffdff58d2ca0730b,cgt,main,0xd36f3ed0912b6ee3edfa538f383bb3bd3de0f7f5,9fc25005b1567926f2b969e92c18dfbe,4975f911765de998b59e8bf29aa0ccef,,8d5bc8c528d7bb0553759949910b9108dc202560c07a8400ffdff58d2ca0730b,101|104|113|114|115|120,101|113
8e24d4fd075f1907741906802c2b14382021e7350878a0f82bacd36d7b7568e0,cgt,main,0x13f11c9905a08ca76e3e853be63d4f0944326c72,95e1b4cf8095ce619c9985983974f63a,569dd22f8362f98ad8dd755a62356e70,,8e24d4fd075f1907741906802c2b14382021e7350878a0f82bacd36d7b7568e0,120,120
8e400b0c82415594c6bbf841a6fc0463a260b6bbea940938bd1f7dc344709515,cgt,main,0x68ed5f7482307dcd325cd92d48b52b0a2e2a7069,875166a4b047e9e70690af425d96b274,f6c95aad60fc4ff577e75500e3859d85,,8e400b0c82415594c6bbf841a6fc0463a260b6bbea940938bd1f7dc344709515,101|104|107|113|114|115|120,101|113
8e41a382122359c8777c20b40809bcda58b8490d69013889067d44934fb7c1fe,cgt,main,0xf9735dc96a98f68ac8fe6fccf1e7b9876ddb6b47,0d883a749823a6d50341e4219c771357,6a8c4b7c8ee1e55136ed4aff108ea786,,8e41a382122359c8777c20b40809bcda58b8490d69013889067d44934fb7c1fe,101|104|107|113|114|115|120,101|113|114|120
8e4a3ea789c3b2b627d98ecdcc6a491deb42d2fad586373d9ba951594d6d9db3,cgt,main,0x8af7243f9a173ad8ca6c8a3a053f0182c5352d15,22894cd989e778527be5f534319dc4df,febb53f1484816c5c660dca277c24a4b,,8e4a3ea789c3b2b627d98ecdcc6a491deb42d2fad586373d9ba951594d6d9db3,101|104|107|113|114|115|120,101
8e82c08c566bf32a747decb8ec718fe0fe25d5ac23e8a00fbb5025d902e1d32d,cgt,main,0xb377dc0593ebce801cdfff2e0c8f786983f7d2e7,7462ec7e63cdbee64203c18cc953493d,67f2511083a3f318c7a7be263c3748dd,,8e82c08c566bf32a747decb8ec718fe0fe25d5ac23e8a00fbb5025d902e1d32d,101|104|107|113|114|115|120,101
8eb5c91f5a3a1e9032d453e03b70b1876c61d03ba776e255879646497dbe897a,cgt,,,b865d16086a9dde8eff39a6972d906b3,987e1ad8046651a6cd72eaf8c000d126,,8eb5c91f5a3a1e9032d453e03b70b1876c61d03ba776e255879646497dbe897a,103,103
8ed1df1ecf14480a8c283326a9797303a42d1c7ac2f32de5b06d5e4a10a87da3,cgt,main,0xa97ff44cff7101fac76af172f088f400f28cb4e9,f31e2fecb3ff5338ae4c1f37c156cfca,4bae18fe08fb9a2f4dd9c056e17aed5f,,8ed1df1ecf14480a8c283326a9797303a42d1c7ac2f32de5b06d5e4a10a87da3,103|104|107|113|115|120|128|135,103
8edcc3971a9b31e4dfa0adb34a71310e6ca4c03425226901ed33c9e466bc8185,cgt,main,0x97282a7a15f9beadc854e8793aae43b089f14b4e,c4eaaaa2b543d007745ef30713522141,e3098d061df4246a07af3afa75d6f38f,,8edcc3971a9b31e4dfa0adb34a71310e6ca4c03425226901ed33c9e466bc8185,103|104|107|113|115|120|128|135,103
8eee60ac0479c78b7dd93608ce2fe16b6b4eeacf92062605b30f348399208b12,cgt,main,0xf77089f2f00fca83501705b711cbb10a0de77628,a66e65bdfe05570b6f9a25e6c6ac7a5f,604d297f3e56df01b97ae9cfee3ea829,,8eee60ac0479c78b7dd93608ce2fe16b6b4eeacf92062605b30f348399208b12,101|104|107|113|114|115|120,101|107
8f0cffe02ad6defe1730b1cc3386f029722db696c900b2f3d957d12205e1f4a6,cgt,main,0x466f39a5fd8d1bd54ea7e82975177c0f00c68492,0f4457685f8fe30d559d24c0bea040a9,4f99d5c213257622ee2a03b6f249eb5a,,8f0cffe02ad6defe1730b1cc3386f029722db696c900b2f3d957d12205e1f4a6,101|104|107|113|114|115|120,101
8f1f447383cb98b1dac758f2024275e4c29e047023bb6061531f65652d2c7420,cgt,main,0xea88c23690b9f12ac6941e8a229aa4f94c72b8db,dc8057bf4f21b5fb55860bd390ac4390,8ec3ac045928bcb764faf68b65d65c14,,8f1f447383cb98b1dac758f2024275e4c29e047023bb6061531f65652d2c7420,103|104|107|113|115|120|128|135,103|107
8f2a813e198a9f12d67559d3aea0850ca43b516590cc6ded35356f69c89c4e58,cgt,main,0xb0bef286a13457b963c710fa7765961d09a27c63,5a84bc50f5390093065f7c6e841ed6c1,e49666ef9c583aea49ea33227dbbbb9e,,8f2a813e198a9f12d67559d3aea0850ca43b516590cc6ded35356f69c89c4e58,103|104|107|113|115|120|128|135,103
8f5ef721c40cf6a045a63c59f4761c31854a26e8792631bf7370b75331bfea92,cgt,main,0xa9e2320d9e6c17eb45a921cb2698b42256f5e142,63efee949918c7879ac5396652cc88b5,abdc8371c1b2dafeb145b49d735ff6da,,8f5ef721c40cf6a045a63c59f4761c31854a26e8792631bf7370b75331bfea92,114,114
8fc793a1a58e983fc895c7fbe761e465cb7c44e42df7d3188ca000072dd0d209,cgt,main,0xa9d160e32ad37ac6f2b8231e4efe14d35abb576e,2932680a861735672c3eb6d3747fcfa5,f30415211013bf0c247b4e4ee9ec8cc2,,8fc793a1a58e983fc895c7fbe761e465cb7c44e42df7d3188ca000072dd0d209,101|104|107|113|114|115|120,101|104|114
8fe201a426e3f335ed30a6c52df7b66419245a263e7f500b0118a88fbf8dc0c9,cgt,main,0x1d10997e92011398a20612f9ee87e33449bc1fe4,7c378cb7d1253e1b4b08673f2e7a23a0,6b7d4207f98c7cde301c0ee3cc85cb4c,,8fe201a426e3f335ed30a6c52df7b66419245a263e7f500b0118a88fbf8dc0c9,114,114
8feba5589f9078b6f8c0ecc00b168fe6001b514bb01596d68520356600322671,cgt,main,0x43e49c79172a1be3ebb4240da727c0da0fa5d233,b328029aa0789aaa827c25362b8601ee,336bc1b1bb02e1cf23ba152c4c647d76,,8feba5589f9078b6f8c0ecc00b168fe6001b514bb01596d68520356600322671,101|104|107|113|114|115|120,101|104|114
900dc122d389104bd9176c1eb4569e6d37bd7373f6a401f1311f6d315c57531e,cgt,main,0x71703a8af6109a1613ae1181268b58d5333a90db,fdc3b713189886353c646bb52af53a6c,9c4b86c8c3d4703d467a9d05dbb212e7,,900dc122d389104bd9176c1eb4569e6d37bd7373f6a401f1311f6d315c57531e,103|104|107|113|115|120|128|135,103
901be9718c0976650fca6b70b89d63eb6f702dd99b71a52b69ad0e52803d0aa5,cgt,main,0xba2184520a1cc49a6159c57e61e1844e085615b6,05819f509bc7123f55e0547daff77273,26ca5e02a1401fcc9f36ec9fdd9bef0a,,901be9718c0976650fca6b70b89d63eb6f702dd99b71a52b69ad0e52803d0aa5,103|104|107|113|115|120|128|135,103
90435d509f019fabaf02b1606bd1d97701b7e6e47fec6f2666c5d63cb6e86132,cgt,main,0xf69cd472e4efb38aa320470422c133ff546b16cc,7a14e38fe58b72ea20c4f761012f2ef9,309f88d23349cbd66b384e69af2f7d42,,90435d509f019fabaf02b1606bd1d97701b7e6e47fec6f2666c5d63cb6e86132,103|104|107|113|115|120|128|135,103
90775337749783343b3bb602e9eb7d2486ca9806c41675aac00070d321274fe9,cgt,,,b11df58411635baffe3e06d7a9dd84db,ae9d25d50acf9f75e5d7b0c7234d29ae,,90775337749783343b3bb602e9eb7d2486ca9806c41675aac00070d321274fe9,135,
907ea577cac9a2a9ed308517f6d7cfb2886457aedc5ab8ac8b224f906f308420,cgt,main,0xc70fd22c9821006fb469e4ed14324a991d0296cc,b1a0ec8ebbade7852fb7c6537813d0b4,66a5f665614749e43439f8c40730f3ee,,907ea577cac9a2a9ed308517f6d7cfb2886457aedc5ab8ac8b224f906f308420,101|104|107|113|114|115|120,101
90af942302117eac83bfe207bafa67579756f48ce4f89dcf71f5dd5961ad5389,cgt,,,d7490b8f409c643e06a4924801d442cb,,,90af942302117eac83bfe207bafa67579756f48ce4f89dcf71f5dd5961ad5389,120,120
90b0c402bd585996be11b3f757a8d4581feb5752e502825e9b8cf6afc0fefa7f,cgt,main,0xd1ce8888b962022365a660b17b4b6dcfa3c7ce7e,21a082521b69b0a0360a9dbc4ce2c6ed,87cb8affd30802ed154a1bfb3e518819,,90b0c402bd585996be11b3f757a8d4581feb5752e502825e9b8cf6afc0fefa7f,104,104
90bcf3b6380036ca81745833a1b4d18e1472c7311f238728d5d0225c930c0f78,cgt,main,0xb3b3fa00a534ab0c7437bc5e9f4f97f1f98b930d,2bc17f3e1caee779b9932f141bd9cb27,1e403272cdec4cb5e2fc71f7264f9265,,90bcf3b6380036ca81745833a1b4d18e1472c7311f238728d5d0225c930c0f78,115,
90fd6512706a3427d84605cbfbfc1d6c68dcdf035733dc8896df3fa77aa3572d,cgt,main,0xed42398a3df99e482039c2aec8000dba75296ee9,378998a8a9ec62cf100ea3ffa0be6630,d721b935a7c5c0bc3fac925733576b9f,,90fd6512706a3427d84605cbfbfc1d6c68dcdf035733dc8896df3fa77aa3572d,115,
910042c6ffd1ed852de1d7258329ba1687c75f531ec20aea3921ea2df62520b7,cgt,main,0x9a41c88972a5e65d7a61aa7cf07cde6898feffeb,76383926cb79bfe64d99eda867d61d9c,d84eaa3be72d99d51886b3ac3e4b8ffe,,910042c6ffd1ed852de1d7258329ba1687c75f531ec20aea3921ea2df62520b7,103|104|107|113|115|120|128|135,103
910e4ed3d62cf2a4a372d9c17cab9f0781d0e08228eb2d82a84bef6f42831e83,cgt,main,0xc3ef562cc403c8f9edf7c3826655fbf50f4ddde8,2a69c791f0ec4214dc243f7687dc5f49,c9d304648530d2aa16cfc92b1ae329c9,,910e4ed3d62cf2a4a372d9c17cab9f0781d0e08228eb2d82a84bef6f42831e83,101|103|104|107|113|114|115|120|128|135,101|103
911b69ee51431942d28fcec879d25364550388483af4524d8892de1dd619bb6c,cgt,main,0xb62ef4c58f3997424b0cceab28811633201706bc,8ceea9cbe376ce51f492e92f32385b5e,63482fd7214e3da104648a1d43edbc84,,911b69ee51431942d28fcec879d25364550388483af4524d8892de1dd619bb6c,103|104|107|113|115|120|128|135,103
91562c091bc60b688a64e2c68ee5e706dda3da9905fb8104051e978597f74153,cgt,main,0x673f0dec1416803a39d50760c697fb26f4c539b0,014cccf03cb1c12605515e61579c8f01,d01ebe910c55113feb6bb791b7ab77c3,,91562c091bc60b688a64e2c68ee5e706dda3da9905fb8104051e978597f74153,101|104|107|113|114|115|120,113|114
919a60e5528e8ad31309254ca3b593b3f9ec27ffcb1e1a80463fa438c1595d44,cgt,main,0x6abf810730a342add1374e11f3e97500ee774d1f,44495339d7a0ba5be3c4a71be6128f89,ff3de3a3bf051f698e71aa76fec107ec,,919a60e5528e8ad31309254ca3b593b3f9ec27ffcb1e1a80463fa438c1595d44,103|104|107|113|115|120|128|135,103
919e49094dc7f93fd22e5f6658c89cae49e8db0caf7b237d1d03930796809f97,cgt,main,0x952c9a569725d4cb710c69184e5eb8f56d6b8bd6,493477fa6b286a0aef01885390ad56e8,f5fdd15c95dcb927bd937344f88e0102,,919e49094dc7f93fd22e5f6658c89cae49e8db0caf7b237d1d03930796809f97,101|104|107|113|114|115|120,
91f43b718cedec21d9beb75b0e2e3a4c1d0233d1abd5a40d6594773f98b683e6,cgt,main,0xefe7d276c5a71b21ccef49408dd2870c38089aa3,7eb1d5434e5ecd684291de7f6765d813,e1fa30c155061448bcb9f07f9c9ee5e8,,91f43b718cedec21d9beb75b0e2e3a4c1d0233d1abd5a40d6594773f98b683e6,101|104|107|113|114|115|120,101
9240be8394d503def7669589506d572089e28b589a5cec845bcb3e206a44eb29,cgt,main,0x420335d3deef2d5b87524ff9d0fb441f71ea621f,f8035832ee6e9602ce71ff2d8ba54d46,0f168b8f896425950dc6a52ddd72948b,,9240be8394d503def7669589506d572089e28b589a5cec845bcb3e206a44eb29,114,114
92500de7477569132904414846d11c2312c905acf79410a632868aedaa1e92d6,cgt,main,0xa9ad24633c93ee78f4c2bf9b3e9128cbc0269717,07e9a9cee5b2a50eda2a49b9ccb29f30,eb1d293a81e4849f2d48e8169c9e019f,,92500de7477569132904414846d11c2312c905acf79410a632868aedaa1e92d6,103|104|107|113|115|120|128|135,103
9263f0f2a978abf354d24317d766ddb9b845517df465d6c785e00e6bae1c9ad4,cgt,main,0x8b807cf49ca593c4678811211df2992e64f2f3ef,e5d49c0987b268697f096febeffaf07e,a001d8e89b9dc18c6ec5d4211f72a667,,9263f0f2a978abf354d24317d766ddb9b845517df465d6c785e00e6bae1c9ad4,101|104|107|113|114|115|120,101|113|114|120
9282cc9b20bbfbb0c1a77761bbb8f0ef728cca578e3bdd9f10a24cdd58d95de4,cgt,main,0x7d56485e026d5d3881f778e99969d2b1f90c50af,a93c87041135925397dbd4f3eef7b9f6,7c2cb1538478717321e3a972d04121dc,,9282cc9b20bbfbb0c1a77761bbb8f0ef728cca578e3bdd9f10a24cdd58d95de4,101|104|107|113|114|115|120,101|104|114|120
928d522ca8f2a3472dcb1689294e681825b3abaa987ac2eb28cce36cd19d14a6,cgt,main,0x96edbe868531bd23a6c05e9d0c424ea64fb1b78b,081f044d52c1c19d428fe961fd6ba6ca,548e513237ecb0a88168bca6214f980f,,928d522ca8f2a3472dcb1689294e681825b3abaa987ac2eb28cce36cd19d14a6,107,107
928dcb5f6f955c3b0acb4a9ed55550a03855afaef7c2d7d271db890ad58680f9,cgt,main,0x41dfc15cf7143b859a681dc50dcb3767f44b6e0b,03c3be7ea91f379700a3c57d5de3659f,869eb642352cdfc89730e330f12dd868,,928dcb5f6f955c3b0acb4a9ed55550a03855afaef7c2d7d271db890ad58680f9,101|104|107|113|114|115|120,101|113|114
92a2a825065f4a855a6578152deab1a50bb5781b9d5dbd386352abedefe07967,cgt,main,0x082e13494f12ebb7206fbf67e22a6e1975a1a669,6a7c72ddbb7cf82e6dfaf1d7462cca56,d3538dfef1f507c7be3a4badd7705309,,92a2a825065f4a855a6578152deab1a50bb5781b9d5dbd386352abedefe07967,114,
92c22476ec489729373855e1e08df9f5b056b43d8481b6f93496088dd1944d08,cgt,main,0x3bb62bada8f9921dcf0b1be5d2c972d69c064d84,438f2c66f7d1e729cebd396d0ea54732,70fe2d8a127de8f729d3ff83d2ee1888,,92c22476ec489729373855e1e08df9f5b056b43d8481b6f93496088dd1944d08,103|104|107|113|115|120|128|135,103
92c4ccf04be1f298aa6337da249edb82e5ca4a7dee92a6f7071e9d5ced016718,cgt,main,0x33a22bcafd6ef4e4a5e322f9a3910298a3c043a8,14ba05a650ae523ab03ecdde79ce7e2c,1b12e1af099f8c1f4680fc70f0c08412,,92c4ccf04be1f298aa6337da249edb82e5ca4a7dee92a6f7071e9d5ced016718,103|104|113|115|120|128|135,103
92d3d2c42269cc83b27f93e2ac6c6aec1a81297a394d55d711d8a2156ce0ed7f,cgt,main,0x0b0e47119bf5495dfcd9264916a9fe3481cd24c7,65821e27ffd9ae22b6d302275403e428,c5468d416f5de1e7692a1d5134fee6af,,92d3d2c42269cc83b27f93e2ac6c6aec1a81297a394d55d711d8a2156ce0ed7f,101|104|107|113|114|115|120,
92de2ea4e9d95b273aa7164ce55a7367f7e37c271aa607dcd8c2f3fdb9aaf632,cgt,main,0x9e2a68ed6b854e2e55433b5ec8f471c7b274df51,ba437c80a4049a935cd7c83d148ed315,81e4e7d8978792af27bfcf1671f74e1b,,92de2ea4e9d95b273aa7164ce55a7367f7e37c271aa607dcd8c2f3fdb9aaf632,101|104|107|113|114|115|120,101|104|114
93b687f598d1e1ef5da36fd9d6e194dfb6e1a56788c81d942369f2ec6b72a905,cgt,main,0x27ba31d1f1219ba326a30c9fb9e17fb4d6a364a7,e29262558c6855ef31cb13d2e3725778,1766f01166c7c25cf35c60767a9757a7,,93b687f598d1e1ef5da36fd9d6e194dfb6e1a56788c81d942369f2ec6b72a905,103|104|107|113|115|120|128|135,103
93fb9dfd0ddacaacb5182325efb4ab0cc61116d919ab33f20ec37b522546c82e,cgt,,,709243473a6671197f4cb0b58b76d136,edd247b6a7397d30b6a4d56f1850b7bc,,93fb9dfd0ddacaacb5182325efb4ab0cc61116d919ab33f20ec37b522546c82e,115,
94733b2ec222cd33e558cd9f7a2cb54437373656bb50ede0b7d199a56cb1f74f,cgt,main,0x7753a9d834844cfde5c211ec3912b49f0d8b8e11,37c8e36276f9a46ddb019fc2f2a43a11,01a8816ac545746763543182bae8e1b6,,94733b2ec222cd33e558cd9f7a2cb54437373656bb50ede0b7d199a56cb1f74f,101|104|107|113|114|115|120,101|104|113|114|120
94930e8a72ac4010561e8db6b1839b69ffa0de9b8026d1121dd57446512afea2,cgt,main,0xf243688304fa4f6c6efadc22b9c1dd009aa76650,c44cc1d27e7e84d9e9dc6039eec56a5e,ab2f0dafca165554aa4779207b3cf55e,,94930e8a72ac4010561e8db6b1839b69ffa0de9b8026d1121dd57446512afea2,101|104|107|113|114|115|120,101|104|114
94bf517c944ccb9fa3c738cce35f3921f667c621cb72df9cad71836038d8454a,cgt,main,0xace518c4cb2b823c2ab2b12c709e71e11cfb8896,a96c8c2eb65519dc56b2d478189b27a3,9cbc3364a4c5027b567deb56708161b5,,94bf517c944ccb9fa3c738cce35f3921f667c621cb72df9cad71836038d8454a,103|104|107|113|115|120|128|135,103
94fc925cda764cfef824bfb54b0934f86970cc39ddb6231aea00d4921851e727,cgt,main,0x655f01313bb55c04e8ed36a5098984f3f3de57bc,81507063971f06e5c861fa670bfd02ef,c4fbce2df7049e5ce9a47a855938e9ff,,94fc925cda764cfef824bfb54b0934f86970cc39ddb6231aea00d4921851e727,101|104|107|113|114|115|120,101|120
950a56829e238ed0a7afb63985b2aa9644a7b62792d96e61dccf417363cb3bb3,cgt,main,0x09678741bd50c3e74301f38fbd0136307099ae5d,31ed24dfb631ff7db34ed865d0e2559d,573a5f3992797987cc0f3afdd9effec3,,950a56829e238ed0a7afb63985b2aa9644a7b62792d96e61dccf417363cb3bb3,103|104|107|113|115|120|128|135,103
951e69258cff1c3e7f87c6a18aff42888f339ca42d46d57c98034c2c3d0e3bee,cgt,main,0x755cdba6ae4f479f7164792b318b2a06c759833b,36149220605cb8e2b8cf0e6c393ffb3c,3c18c896e2521d4c83a0093415050fc4,,951e69258cff1c3e7f87c6a18aff42888f339ca42d46d57c98034c2c3d0e3bee,103|104|107|114|115|120|128|135,103|107
953ab7c4da4f950cd38afe324a6498bbb636c0d8e3aa3ac9dc56e586ba1b9a54,cgt,main,0x150dbfc384ba5c13c304efd2efee73cc57cc2c16,9b8708e2b32d9cd95ae27079ce9e0bed,74daad97942476049cd9b1a56c170830,,953ab7c4da4f950cd38afe324a6498bbb636c0d8e3aa3ac9dc56e586ba1b9a54,104,104
956247e5e3f74c0979705dd95d5a6504ee4fdc1e712f6b8ad22bc74cb906180b,cgt,ropsten,0x78e4831f03b1c8a97ff40b9f1d1f76e11193b9c5,1f062512c1196b076a978dc7ad9db303,,,956247e5e3f74c0979705dd95d5a6504ee4fdc1e712f6b8ad22bc74cb906180b,120,120
959a02279fbbdb4db8991f19c81b789154731fa2d9d60d91e6f7d518e1e63d94,cgt,main,0x833ede3050c27d88e5da6922a312e3fdc15be29b,cab55d5c1d0f3a26cdd1626584adaa63,f0480bd1da2eb065f65412f79e3eb5b4,,959a02279fbbdb4db8991f19c81b789154731fa2d9d60d91e6f7d518e1e63d94,103|104|107|113|115|120|128|135,103
959e3366d7f7646743058bc33851e336726b2755af7e84f425f9de46f3e85b5d,cgt,main,0x0fa7d98ae6fe67f3790dd3338f199a4676a10eb7,455499d44d6ba40faefe778ba33b41d7,109bf32406b304701b5d0cd8a36a0083,,959e3366d7f7646743058bc33851e336726b2755af7e84f425f9de46f3e85b5d,113,113
95b0c1ad3d4e047b9c2ff08ed376aa6e4edb78717197c59b11b5eb280278e5d4,cgt,,,7ac0291d0526e84a91a76c985694b383,f661e21f543c723afa7196731fd6a7a8,,95b0c1ad3d4e047b9c2ff08ed376aa6e4edb78717197c59b11b5eb280278e5d4,101,
95bcdcb387776729cab6e91edd3ff7f952b1c565d1bd9d4254481df5e604528f,cgt,main,0x144bf2bbc61a5ae867d7e1fd603015df7f6d4fb6,de51bbfaeb9fa7235bcd800cff26be0e,34a032a35ff4040544a344baeb44b392,,95bcdcb387776729cab6e91edd3ff7f952b1c565d1bd9d4254481df5e604528f,101|104|107|113|114|115|120,
95e25f69cf47e3390ea8d13dde03187c35f154a04b50dcb217c81923e4ce6836,cgt,main,0xc9c1bfb27e97531ecfe005faa2b2ed4828b08a0b,089183b85a32b6bfeaecfda597f32df8,8d321974e23d31f307d25dcbd757feec,,95e25f69cf47e3390ea8d13dde03187c35f154a04b50dcb217c81923e4ce6836,101|104|113|114|115|120,101|104
9608cf4f29c1ca582afd4bc2269e0a2b603f82b2bd44932845df9e99167ae40c,cgt,main,0xa43ebd8939d8328f5858119a3fb65f65c864c6dd,82ca0c023d8a1192b752bdae57c94573,4bd1c8fd54dc60d9f332fc5a336ca2c1,,9608cf4f29c1ca582afd4bc2269e0a2b603f82b2bd44932845df9e99167ae40c,101|104|107|113|114|115|120,101
96266500b26697654bdac85e5004eacece1615201adc5f8dc1148887dd71124f,cgt,main,0x02f66a7d5657ee67be39349988aa1f944206ead3,bfdad28dfc9fa62454315a8987d24fbe,0cf78835d2dc215f90a85c9ff285c0c9,,96266500b26697654bdac85e5004eacece1615201adc5f8dc1148887dd71124f,104,104
96482b343ad70322fecd167e72751ecbf31003d8d5bec37b583a3bf1bdf7177a,cgt,main,0x80d9c4f6209044de069c545f68644419b520a02f,15e7cd7c32040af1ce93352ecf6f2f38,37c193f4079aee4353b0e9d8971e9301,,96482b343ad70322fecd167e72751ecbf31003d8d5bec37b583a3bf1bdf7177a,101|104|107|113|114|115|120,101|104|114
964c9ad5ab53e69b6f5f63c6ec235ae63934ce02318be3d66ae908056dd9d186,cgt,main,0x65bbc91459aaad9603ef1345c6bb6396dd6772b9,5867e567a0434508ecd60874abbcddf8,02c328e4e27092ac891eff0436c82b37,,964c9ad5ab53e69b6f5f63c6ec235ae63934ce02318be3d66ae908056dd9d186,101|104|107|113|114|115|120,101|104|113|114|120
9689a15cb07ce4ed0a0d8ae55cb1a126f5d82249e8b8c77bfc84fe1eee6cbfec,cgt,main,0x7cb244b63ffa22d192c94d375e096f174e0faad2,22a531d3e5a4b2e21658cb6f50c5c21c,82b8297795bfb6cdb7cc5aa553403826,,9689a15cb07ce4ed0a0d8ae55cb1a126f5d82249e8b8c77bfc84fe1eee6cbfec,103|104|107|113|115|120|128|135,
968c28dd26b6498a13728847c13954387cf9724383e15fa0ad18e9b7fae12694,cgt,main,0x480a53482a6bb981c73473fdce1284dfe9bdf839,a677cc68b888a938ec4be3f8f04e8a01,bafc6ab0d2c1698747646e9b30f20372,,968c28dd26b6498a13728847c13954387cf9724383e15fa0ad18e9b7fae12694,101|104|107|113|114|115|120,114
9696e2ceb68e0be94488b263363b361d4371641fd34315941d3722a0fb969874,cgt,main,0x687a241422c92e3d15ce6a02c832f800b74c8b3c,5b8f66069862dec944c7e32959e4736b,b39eb16201a4c1c6ae87e7a218bece69,,9696e2ceb68e0be94488b263363b361d4371641fd34315941d3722a0fb969874,101|104|107|113|114|115|120,101|113|114
96bfa1b13446625fc5880233258a441856b634c840c57d035dbcfda2b49dc329,cgt,main,0x440dec42eb7a9950b6f79018ffa1083595b65ee0,7be8b7c8d50b1b888a3ae4223d3e15b3,4ce8e7cbfa386dd4e61c40a365654ec9,,96bfa1b13446625fc5880233258a441856b634c840c57d035dbcfda2b49dc329,101|104|113|114|115|120,101|113
96d5b45deb7151439bf15d1de2ae79c04482226652ca7c229e9f3c5bff7978b5,cgt,main,0xcb054877ba4257ddfea77d86e76c1d1285f09630,e05dcb912b059d46deb56650af3f01b4,4ddae6be7c20f547be99fa4f73ad6f6a,,96d5b45deb7151439bf15d1de2ae79c04482226652ca7c229e9f3c5bff7978b5,104|107|113|114|120,104
96fdd1d1c162970f51faf8bd9fb6bc657aa5c06e3f7d4f8b69175a3a2b870d93,cgt,main,0x2c6c596cfd4c2c3b039db90fd3c8acb564e13251,90a3e0a87a55c77355d1d4cb5b69df02,f269cb36da4a83d35bf8e0ba620d4bf2,,96fdd1d1c162970f51faf8bd9fb6bc657aa5c06e3f7d4f8b69175a3a2b870d93,103|104|107|113|115|120|128|135,103|120
9758ae4722d1620de997cf5bd9ea5b6e5c1517202f57df639cfd03a1e6471c9c,cgt,main,0xb59a226a2b8a2f2b0512baa35cc348b6b213b671,1441e3984f5f0d5f67f657220fb1ec45,f6bc832af4d5b979e32d2a9ba4713c14,,9758ae4722d1620de997cf5bd9ea5b6e5c1517202f57df639cfd03a1e6471c9c,103|104|107|113|115|120|128|135,
9781d72f892d568012ff437a3596a96aecc405efefe8bf65566eb4fb87b1766f,cgt,main,0x9473bc8bb575ffc15cb2179cd9398bdf5730bf55,d0c3f76443bfbc2b5a03390cd4d3d858,7ecaa66cb1524a179b3e8090d84856cb,,9781d72f892d568012ff437a3596a96aecc405efefe8bf65566eb4fb87b1766f,101|104|107|113|114|115|120,101|113|114|120
97858c8ef494c98188e80ded761a900c86cc97585cbc4fbcaaed21267f062e7d,cgt,main,0x5b36208992284cefa4de83f2fb34b33d1a75d4b7,df8f65a218c4ed1d6e103bf83eead375,25b57d43075dbb12b3eecb78348908e5,,97858c8ef494c98188e80ded761a900c86cc97585cbc4fbcaaed21267f062e7d,103|104|107|113|115|120|128|135,103
9796475e50aaf78760f8025442bf93875fc4b71c707f9877d3acb9767926c0d4,cgt,main,0x978275d7652a35dc8df9ce6b62822aea6a97589d,f8aecf69863095b2b014415c061031e7,429d88f2d1ed30d3cdb8e9245f006fed,,9796475e50aaf78760f8025442bf93875fc4b71c707f9877d3acb9767926c0d4,115,115
97e13372c27c5a73614460f5e738783f96eda9dac6f336157e24c866213a1937,cgt,main,0xdd29e9818ddf08253486006ae0f82efb2f50db2e,20e3e6d226d0c7a8226b39c4db374a96,3d20eabca7efcbf060c68b9e3d5b8ca6,,97e13372c27c5a73614460f5e738783f96eda9dac6f336157e24c866213a1937,101|104|107|113|114|115|120,
97eb441efd0205ce2bad0dfcb28ee1ea7f1bb7ef0a0e9ea5098451e1a998bd4c,cgt,,,18fcea2275774a1af595548377723731,4f394c0803a1883dbce2d2b0cf513406,,97eb441efd0205ce2bad0dfcb28ee1ea7f1bb7ef0a0e9ea5098451e1a998bd4c,128,
97f2b5f560bd986da147296db69c01652bb26e4ae5680bc9ba7a0cf900e6b1b4,cgt,main,0xd18e21bb13d154a16793c6f89186a034a8116b74,94c182a412918a85ec4caa3350aee933,15bcf7f39a7dfa419aacd4caa645d3a7,,97f2b5f560bd986da147296db69c01652bb26e4ae5680bc9ba7a0cf900e6b1b4,101|104|107|113|114|115|120,101
980925b4064c5fb9e71cf736f8582297ba3274dcf04b440e77f807871766bf0d,cgt,,,e13992624c2cced3e5c9309ba38d96ca,b8192be4cb1d226ad5147435da9e4f3a,,980925b4064c5fb9e71cf736f8582297ba3274dcf04b440e77f807871766bf0d,107,
981f8ced9a7b80793b0f11532c22a3824218f17b50e93b9f55dbb441056c4ad6,cgt,main,0x5088c2985210925d15ea470a160fc08b352818d0,024620c0731972ae8fb4b16f944bfe31,b368857827ca9e0d90a19ba80b8009c3,,981f8ced9a7b80793b0f11532c22a3824218f17b50e93b9f55dbb441056c4ad6,101|104|107|113|114|115|120,101|113|120
9874b392151f27dcdff71068fff05abd7ad9df2b356d9fb8b2c5fd91efd32ac8,cgt,main,0xb61fb596b0cc9fa829d678eb0b8a0e058c3f1b91,2d27352a1779e14448fb53379270d99e,cd7f2a99e120e1b8116443d3ec57b5b9,,9874b392151f27dcdff71068fff05abd7ad9df2b356d9fb8b2c5fd91efd32ac8,104|107|113|114|115|120,104|114|120
98a8dd601a210b1a3ef04786d628a60a2c01d096735e9032f420f274ff862a40,cgt,main,0xd41f3b51e0c2d825a1178582d27c84dbfe48d1af,36d7b360e7da4f5c4a8780ca67a4d735,17534d58784c3ccc84b2590f5ac37836,,98a8dd601a210b1a3ef04786d628a60a2c01d096735e9032f420f274ff862a40,101|104|113|114|115|120,
98b416af702e7114fb384dd9ce1b12d6e3f5d4e827bafb7b6036e8ba585469a3,cgt,main,0x70f9eddb3931491aab1aeafbc1e7f1ca2a012db4,7374686d17511fd78f3bd460b2d89131,0276718d5e1e94d40200fd8b5487bbb3,,98b416af702e7114fb384dd9ce1b12d6e3f5d4e827bafb7b6036e8ba585469a3,104,104
98c436f95dfdb539e487daffb54e03383b74a555b7f4c6faa159511155e0ae0f,cgt,main,0xee9147dd0307e4a663d0f756549d47d6f8bd356b,2918e0ccafc9e0adbd7ef4710bc6dd59,a536a07182aec27eaf4d4ee897043cd2,,98c436f95dfdb539e487daffb54e03383b74a555b7f4c6faa159511155e0ae0f,114,114
98e707d230b4305a299151617b3a93800108870f697c2a5d56378a87cb855c25,cgt,main,0xa549ef3164556b3fdba16680798032b993c2325b,54604ddf96c64ec1bd287486c59b81a9,f9bbec1f4828748c3b3a2183f031a964,,98e707d230b4305a299151617b3a93800108870f697c2a5d56378a87cb855c25,103|104|107|113|115|120|128|135,103
98ea331005116427cf9387c714a81125d3fea00c4820d8ba572d0a3f54e7cac8,cgt,main,0xf1aa63ad7a897ca02cab6021513ee0a86820153e,721ca85dc1a4905b8526787344ee750a,5b6fe75980e80946b95fae685f5a66e6,,98ea331005116427cf9387c714a81125d3fea00c4820d8ba572d0a3f54e7cac8,101|107|113|114|115|120,
992675b731d8a4b7728e11e6832558703e774d93fbcf7d2143f7b86b6660ad3c,cgt,main,0xb5f4651540ae4ad3a5c2a89b0d14eb06df886745,5cd8c72cf1407a3b4bafdafd8ddde377,d85ca172b08e990217c89210574ed962,,992675b731d8a4b7728e11e6832558703e774d93fbcf7d2143f7b86b6660ad3c,103|104|107|113|115|120|128|135,
9941bc0721a4ea8292d51fef215c09b5297af45f7198ec4412bd819eed6e4933,cgt,main,0x52070b253406fc4f2bf71dbaf910f66c45828dba,3256a6f01e355490f2d292366ba79fe9,9aeac3e5c38c3097c14c8198c8f79460,,9941bc0721a4ea8292d51fef215c09b5297af45f7198ec4412bd819eed6e4933,101|104|107|113|114|115|120,
995ae7e435010f430b30bc64232e54db1f3d24a51fe5b71429530679349eedc4,cgt,main,0xba6284ca128d72b25f1353fadd06aa145d9095af,2966b4b50968a0984b3251e1b0cbf590,453f9c25364c6f44e40426e3519388a8,,995ae7e435010f430b30bc64232e54db1f3d24a51fe5b71429530679349eedc4,101|104|107|113|114|115|120,101|104|114|120
99780d08265b0e23fa62e817eca30f50846f635fda655c66d61d67485b5e6bb8,cgt,main,0x4bab4e253813b7c831b67d57f2b6589b9542fc41,2107ed1c337ab7de5400915f4edc15d0,1fe8f4e97e7cd1cfe204d761a508183a,,99780d08265b0e23fa62e817eca30f50846f635fda655c66d61d67485b5e6bb8,101|104|107|113|114|115|120,101|114
997902a8d4cd553c986c873fe7618cf44e036e2364c9864d841a49236afe89d2,cgt,main,0x2f67e755b43c46b065d30429bb7d05949b84098c,f9f03de2dd9cf357823626a7a1de9c4d,458da92013e0afe3d488db4d4e9326cb,,997902a8d4cd553c986c873fe7618cf44e036e2364c9864d841a49236afe89d2,101|104|107|113|114|115|120,101|104|114
99950c499238933b2ff9d282a72e06cb8b558955417a89940bec41b155851e13,cgt,main,0xdb2c47230ff7bd408bd9b07ef6dd58f331e24a3f,2c2fff376fa4fda2b42bf818f3584625,e415121199241736293f775e9299ece3,,99950c499238933b2ff9d282a72e06cb8b558955417a89940bec41b155851e13,104,104
99c83df14c389848125c52fb829c970bf5b64e09887e09e4d76ac7bc8be5753c,cgt,main,0xb1690c08e213a35ed9bab7b318de14420fb57d8c,bdf647039b3dba8c5df4e9c1c439c3cb,93fa359015a942c9d829a03ba3e97e78,,99c83df14c389848125c52fb829c970bf5b64e09887e09e4d76ac7bc8be5753c,103|104|107|113|115|120|128|135,103|104|135
99f3454b30b90d80d368f98ee24154de799f19b1efc08e8300b6016a830df220,cgt,main,0x7a46c781b593068d5e987b191e9c2f7413e22aee,9865864c18c2070d514dd84089d94998,efdc3aeee6d59c9bc8d3158017fcf3c4,,99f3454b30b90d80d368f98ee24154de799f19b1efc08e8300b6016a830df220,103|104|107|113|115|120|128|135,
9a0259b04fbc5c83441920f1a00215b698c1748f99e3e5be5e4aa595ae562a20,cgt,main,0xac5713b66789e58351201e1dae1d4fbb5c7d8931,b61f1a9033b455f121ef2663c9f67a48,b70ccfd0a9d66c7c39242fbb22e5adbc,,9a0259b04fbc5c83441920f1a00215b698c1748f99e3e5be5e4aa595ae562a20,101|104|107|113|114|115|120,
9a2234422905c22d2edc1f434f6d9d5d1005c8c4ec5dba14ea629fdcb3624b5a,cgt,main,0x8eee81d817c9548615d69c485074b55df487ab95,2efaffee3f0bec8eebec8ae6eb2b3cd3,e629e27c6d97315bcbeabe5f11cc7bbe,,9a2234422905c22d2edc1f434f6d9d5d1005c8c4ec5dba14ea629fdcb3624b5a,103|104|107|113|115|120|128|135,103
9a3ed59e4ab8819efdcadc6fd9181de6fac13c62392f3649902c052526b4b664,cgt,main,0x395cf3ecd8794e9b2c58c2fff0e3d9e58f939319,2736bab8e36eb5fb0cb9f76fe1cc7ba3,22940ff1df73aefcbbab690fdc09eff5,,9a3ed59e4ab8819efdcadc6fd9181de6fac13c62392f3649902c052526b4b664,114,114
9a6a92ac429d2a949140ef67616c27057f318236c80517fb97c2f92806be6a05,cgt,main,0x9d0135658dd0472310e44bcd520fd0a141db0bbb,acf1e931cc7fee140e2310bf0fa3b4c9,144a0b11c8e79eabf8861abfd1dcc4e2,,9a6a92ac429d2a949140ef67616c27057f318236c80517fb97c2f92806be6a05,101|104|113|114|115|120,101|113
9a7f7f456670f83ca2b28b252d7e3a73da36b4151a125b8626da3ccba3a41d3a,cgt,main,0x9bd8f4736877567e267ee445209a0b2aafc01402,440b42295a336e1b4d5f43fc7b9d0170,19707bd7ee7edf20e3f1168284e0a94f,,9a7f7f456670f83ca2b28b252d7e3a73da36b4151a125b8626da3ccba3a41d3a,103|104|107|113|115|120|128|135,103
9a9d53bc700ddd4778411140aea87adb60e03bc0e75d563022eef4fa7ae316c1,cgt,main,0x0b35dd0696ee6c6338f2f08967891feb04183805,64a03a2ee9f65df60f6ef5ca4637b03d,d63493921d5e93918415edb2912def47,,9a9d53bc700ddd4778411140aea87adb60e03bc0e75d563022eef4fa7ae316c1,107,
9a9ff9c0400b51e5253806b3941d653a787a681d7695833e893b455cb224bd92,cgt,main,0xc4216d17a72bd49e404fe396bb93c9cd8cf3e881,08cd6ebb501a041a7f0ffe55a52aca3e,a41371e24d5834ecdfbd1599ef3deb08,,9a9ff9c0400b51e5253806b3941d653a787a681d7695833e893b455cb224bd92,101|104|107|113|114|115|120,101|113
9abd70c1aba6ae02353a8e230e48c4840d7eefcefaa1e6485f8710267dd90454,cgt,main,0x936f78b9852d12f5cb93177c1f84fb8513d06263,88d17eebccf9ce0fdbb7af63bef77235,1fdbafad704b589baa589bfb5c73f26e,,9abd70c1aba6ae02353a8e230e48c4840d7eefcefaa1e6485f8710267dd90454,101|104|113|114|115|120,101
9ac94f0d2297f787f766b3d4d3e19977f166fa2661d895fdc7ca8168a74844a2,cgt,main,0x373c55c277b866a69dc047cad488154ab9759466,7f192acca158502b7f4049ab0c0ca2ab,e5d05ea78206d21b0d3b323924e5379c,,9ac94f0d2297f787f766b3d4d3e19977f166fa2661d895fdc7ca8168a74844a2,103|104|107|113|115|120|128|135,103|120
9ad7e2ff21118fea54715a90e599c5759f605aa6a3ba262c879d5622789a6602,cgt,main,0x8f4e3d448a318c1dec52b3f22d77132a39c62025,49516e127c39610d86de6dd9700eceb1,466b92e967bff0fb7e2ef4a876621d56,,9ad7e2ff21118fea54715a90e599c5759f605aa6a3ba262c879d5622789a6602,101|104|107|113|114|115|120,113
9ae9e2aeaaea3bd07584fbd1b2d002b940a7bb955ac942268c52af5a87144d37,cgt,,,4495b1bec4129ae3d557d166b7f95252,210ad02196dce4b82e9f03509c8e92b5,,9ae9e2aeaaea3bd07584fbd1b2d002b940a7bb955ac942268c52af5a87144d37,,
9b3bebdc80288f113fcacfbf14e3ec3dfc475609cd286d4edd0f8b1dd389eaa1,cgt,main,0xc00061de5d47f802daaf0de1498c9680732861c3,67977c7ab9bfcf18e0ddbe08507ee5c9,f4405240102e4ed87a49e3d33841f146,,9b3bebdc80288f113fcacfbf14e3ec3dfc475609cd286d4edd0f8b1dd389eaa1,103|104|107|113|115|120|128|135,103
9b45bbbb902f2c8668df6e8a53f2b964ac1b79ff6d354e66fc5ce244b472d106,cgt,main,0x139759b6cfada56ccf5b3536f21eac209140a9d4,d501c5acfd50e939c27f6acb531d8d44,2b8c5fdc1c4c7623d643e03537818889,,9b45bbbb902f2c8668df6e8a53f2b964ac1b79ff6d354e66fc5ce244b472d106,101|104|107|113|114|115|120,101
9b70ddf7b49ce055354c8a7503001056c24cad1c21270e1fba0b3d7594ffd8a8,cgt,,,c8a1d26d4af10bbaf2774f3801d6cbc1,6e08008bb069f2685ce99f7e3790bf56,,9b70ddf7b49ce055354c8a7503001056c24cad1c21270e1fba0b3d7594ffd8a8,101,101
9b902fec2645242c4bfc7b42a859156a15df87e34d2bb2ed771368d3de48e71d,cgt,main,0x9da53246714bf10010aee31ffdb9cf8cab8c6813,2f02ae8ccaa7c165ef72473ba73a66c0,aaea7b03106aa5b67ca5d4f8f43379fb,,9b902fec2645242c4bfc7b42a859156a15df87e34d2bb2ed771368d3de48e71d,103|104|107|113|115|120|128|135,103
9bc0e18113f2a21f1d6d4c32eb480f45272a14c409bd45741ce3d9ddc594b4ad,cgt,main,0xae8a616011274cde89dd86e2f40b73c449e2f45b,3449573eb768c36d6ba515529b319bd5,65ca1880af6f398be30fb0b67dbe63a2,,9bc0e18113f2a21f1d6d4c32eb480f45272a14c409bd45741ce3d9ddc594b4ad,101|104|113|114|115|120,101|113
9c064ace8269242ccc0882ed90504ce89bd93594a574f5aff5af649f598377dd,cgt,main,0xa2eb247c2bebbd233b455a6c798ceba81e3aa320,1238ee1aa72abfd45882062e0e9b3d1c,311acd4588e04c9ac1fad9cd97d96ad4,,9c064ace8269242ccc0882ed90504ce89bd93594a574f5aff5af649f598377dd,103|104|107|113|115|120|128|135,103
9c208fc1ad223665394669b51b0654c0d8e40cc974d3b5f4f038a296193d57ce,cgt,main,0x1b05e6557768650c0df0c9377c32c621ac1ccf17,d96432c7b7ce08d6d0771d08d8355bb7,4c196024d6bef8dbfeabbe2243a26aa3,,9c208fc1ad223665394669b51b0654c0d8e40cc974d3b5f4f038a296193d57ce,120,120
9c2daa4a5835fe657451949a338197043871a133f03cf7158840519f1e4bc9e3,cgt,main,0xb0a00896f34655edff6c8d915fb342194c4a6d48,af0c22bd88f2cfb597d5fea3cd8dbe49,75a0c7966b9095c4e4f9d399f5ed1b32,,9c2daa4a5835fe657451949a338197043871a133f03cf7158840519f1e4bc9e3,107,107
9c53ff96618c283cec768a9eab3d50163814bd22aab5c0e486e78bddb23974a4,cgt,main,0x5965c4ee0e04ab0aa480527b7c91be8deca47f9c,9f49c597cc28e3f51abca674bc5d20b3,ae5ec661a5a7f8c55769d7c9f58f5e52,,9c53ff96618c283cec768a9eab3d50163814bd22aab5c0e486e78bddb23974a4,101|104|107|113|114|115|120,101|113|114|120
9c67e7c813dda7ef9219b396120bd79005793cae87975cca426e517922ae29ca,cgt,main,0xca7c390f8f843a8c3036841fde755e5d0acb97da,c43f02a1d68f04d41921fee414237228,6fc56700e79663620bfc93747cdfa73d,,9c67e7c813dda7ef9219b396120bd79005793cae87975cca426e517922ae29ca,101|104|107|113|114|115|120,101|104|114
9cefa1349adfa246cca29f1547a766f2c0e49dfe077ee9c667e31b93f4809db4,cgt,main,0xd5c93b00516af744933016179195accd3ded981e,1eed6f611f3a59e39831b25cd9f68cd6,c436505e9cf6d0d67d6daa0a52f198ac,,9cefa1349adfa246cca29f1547a766f2c0e49dfe077ee9c667e31b93f4809db4,101|104|107|113|114|115|120,
9cf08644614cc0f4e08bff5a5916ef2047a740cb3bba35bb0c7eb439354d75a4,cgt,main,0xc39d73fca64d4ffe2c78fb17e61b9c8489f7c5fb,bc448ae33fa04931a9919ea86c947611,2de15f1fc0f87128f111278c2976665a,,9cf08644614cc0f4e08bff5a5916ef2047a740cb3bba35bb0c7eb439354d75a4,103|104|107|113|115|120|128|135,103
9cffa77e9516c571ddcc680757d0ae6c28bc1e75769e13d3392b8f73fdc43f7a,cgt,main,0x580c1e3caca14826976b5820947f7ad486ac174d,a6188d657829773be0b03edb187c9595,372d43a5f2909b2a89fd18eb564749ca,,9cffa77e9516c571ddcc680757d0ae6c28bc1e75769e13d3392b8f73fdc43f7a,103|104|107|113|115|120|128|135,103
9d5cd30f5cd6f6916ac3ed5d83f29f7f8daaa2e5b5f2ae4e1519ef37a2f43ae7,cgt,main,0x338649003ff30194be899100b67a00bbcd62af67,f7a0f9704d409cf90b4975e2e47af74f,48eda8c30f39f39a90e09bf261d1a3f8,,9d5cd30f5cd6f6916ac3ed5d83f29f7f8daaa2e5b5f2ae4e1519ef37a2f43ae7,103|104|107|113|114|115|120|128|135,103
9d6b8bf3c00cfe000c79adafb464c84b921907fa7beda1bdc11037dca0dfc311,cgt,main,0x25006dde085bb2864ca77ae00a058461e7ab84d4,5916369439920cfb4f48a74dbf1f8974,4dbcf07058ee9bb7aebf6d0ea87f1530,,9d6b8bf3c00cfe000c79adafb464c84b921907fa7beda1bdc11037dca0dfc311,104|107|113|114|120,114
9da5081f686a96c9a7cb8a662a5113993c2abdd35afd8e3e8b9bd0f82b896591,cgt,main,0x6e58b4c41cab75dc0239938bf5455ab8823ee4de,437e66d472d19a48577aa968b4fc3c5f,2322739e104b7dee5d40fe89447e557d,,9da5081f686a96c9a7cb8a662a5113993c2abdd35afd8e3e8b9bd0f82b896591,101,101
9db0d1e5824f1c83bdc799585701db139bb5a1f607a4b304560fab8214689660,cgt,main,0x1d979bd0b663040f2fe8a9854a8569919ae153ac,50eed10ea22fa002fe5fc5295c74dcdb,271188882d6a70cca31a79a7ab670755,,9db0d1e5824f1c83bdc799585701db139bb5a1f607a4b304560fab8214689660,114,114
9dbdeef020f9a3cd84dd14ad94fa144b250dc0f8f617b69d7706149b25e0ab68,cgt,main,0x22cdaa7b4460a046f0cc9878a4f79fdc2f187316,3b66001255f8589cb10b581bf3550e1a,b7bc38d0120ba84a4702ed9aa5097251,,9dbdeef020f9a3cd84dd14ad94fa144b250dc0f8f617b69d7706149b25e0ab68,114,114
9df1c505857192cc47e7368c27e5464f5badf8f7e70ad4bfe136ee944f5f7528,cgt,main,0x96843f4763b86fefd1f56aa7133e24acf2a88efd,731200f4ee637abcf9721d6ca5f5083f,821804e5c1e25b6dd442e9d58f6d111a,,9df1c505857192cc47e7368c27e5464f5badf8f7e70ad4bfe136ee944f5f7528,114,114
9e02dc2ac1b8eb388e88dd8c9873305da90f0d65694f7d44cd3d7b92ba00dadb,cgt,main,0xeb17adcc8cf24d2d6813f50f647b613df01014a2,e1c330791954f33428076bbbcc5f5d87,d8b07290e92dfe0f9babff1515234abb,,9e02dc2ac1b8eb388e88dd8c9873305da90f0d65694f7d44cd3d7b92ba00dadb,101|104|107|113|114|115|120,101|113|114|120
9e1a6857355d7051e7f94008d812246b6e314644a2c3a442b386e1ddacb55afc,cgt,main,0x1e2fbe6be9eb39fc894d38be976111f332172d83,8312c1b3e321e929f930ba07b3f17821,c664692ed9a292c0811f897972e1b738,,9e1a6857355d7051e7f94008d812246b6e314644a2c3a442b386e1ddacb55afc,103|104|107|113|115|120|128|135,103
9e45d7fcf5aa5bdb4008b5a1f0c0b4e03f11c8a6a090c4f433ac34558f0bf7a5,cgt,main,0x58b71665b05b7952472fb753541cd2cbd1020fab,d14460872c851cb1656f61ff85a32424,8be7f47b49c576d58ed4e32f14e64c8f,,9e45d7fcf5aa5bdb4008b5a1f0c0b4e03f11c8a6a090c4f433ac34558f0bf7a5,101|104|107|113|114|115|120,
9e6d4de8615175be9e703885afeeaa0a00813f43b57f6306a386203367d0fe1f,cgt,main,0xea13bfa584e6d7e4c8409a1178805a367821e2f6,5efec0768b86d113ac523132aedf42ed,2817c38407711a0cd6e4142c2897af07,,9e6d4de8615175be9e703885afeeaa0a00813f43b57f6306a386203367d0fe1f,,
9e7a1af4f77180b23653b39b6e168742ec78dc13d8b9214ee40f5e8b11e9972b,cgt,main,0x75009ba0e084973d9c42fa81862d7076fae4500d,d7fe0dbacc6cf7ed68929c54fd3b2675,6dca30717bd22e3bf7557c5bfb42e53f,,9e7a1af4f77180b23653b39b6e168742ec78dc13d8b9214ee40f5e8b11e9972b,103|104|107|113|115|120|128|135,103
9e83c9f593c89316f7ba409ae4dead444e153b5d88d5144caf789e181f92b0b1,cgt,main,0x2eefe55e7fd4546ce3451430aa4fdced0c4efe85,148679800f998b59897f8aecbd1fbd70,228c7942cce603bcaecbefa63d19fcdf,,9e83c9f593c89316f7ba409ae4dead444e153b5d88d5144caf789e181f92b0b1,103|104|107|113|115|120|128|135,103
9ea7c45263b8957cde21dbe433d07eda7e029af515e43b9e4ec20558cc8c0522,cgt,main,0x121d30ecf48b11edd651249a3a110f48d42ba710,7d82e836826c4993075742ea3a2b36e1,fee8f0d7f77b4d4c3f406391caaf8daf,,9ea7c45263b8957cde21dbe433d07eda7e029af515e43b9e4ec20558cc8c0522,101|104|107|113|114|115|120,120
9ec2820ffae344ad663d863ec70b903dfe2adba946a5ed7d78214753e1d03dda,cgt,main,0x8f548f0ceb23ddc9ee76e126b29fae94c607c3bc,5218e06b93faaf89434dec4c66453822,a3bd99180ef025eaa7cc962c2c433c2f,,9ec2820ffae344ad663d863ec70b903dfe2adba946a5ed7d78214753e1d03dda,103|104|107|113|115|120|128|135,103
9ecb7ef77b3aa0525e219a5c7f6e472acf59a80955d09d3387ff56414a6673b4,cgt,main,0xcf0c7e3ad3b2c82bddd286a301afaafd185f30ec,cd352c88983b3fd546efdffb87da54c7,e6b4b7761b13a947269fc4d2c55cb8e5,,9ecb7ef77b3aa0525e219a5c7f6e472acf59a80955d09d3387ff56414a6673b4,101|104|113|114|115|120,101|113
9ee2ab1696e712025b1d36cc3493c957f8373a7eb8101ba28d581dbb98866281,cgt,main,0x01d04122aeccab138a47103b500f7b3d3b356a27,3dcbc0481ed10e0df27a38322ecd2cb8,b1ada2c3de27cc7c07e8895bee60c6ea,,9ee2ab1696e712025b1d36cc3493c957f8373a7eb8101ba28d581dbb98866281,101|104|107|113|114|115|120,101
9ee313dba7a5125f903c81a25d0c307ecdde004dd7fd97a543287449776170cc,cgt,main,0xcdb7ecfd3403eef3882c65b761ef9b5054890a47,6376a748fc466ebecc94589c26318f6c,c6efc0c4dc21042a13cb69131d05e8c7,,9ee313dba7a5125f903c81a25d0c307ecdde004dd7fd97a543287449776170cc,103|104|107|113|115|120|128|135,103
9f0f62421a151a1096ce7d053cbfa10417272e7adb0227eebd286961bccb6931,cgt,main,0x73f2fd0df4bf82a1137c03e0d4656e5c35b03177,2ccf2822dfa91917213ea4a8e1ffbd95,3c8116fe8b8b2462454f07b1203d9d52,,9f0f62421a151a1096ce7d053cbfa10417272e7adb0227eebd286961bccb6931,115,115
9f6a66aa10fe2b9881cd53c4184eae7a5b96439d841e5f94e89205bb2ef30ced,cgt,main,0x352f1dd3ac41bae74e307b1f188b5ced72d6ebc8,a34d9bfd16853586eed968bb6b33d6fc,93f02fef9d619c21815bd68d495a2fb4,,9f6a66aa10fe2b9881cd53c4184eae7a5b96439d841e5f94e89205bb2ef30ced,114,114
9fe053d154cd739f151fa6b739d331efd7f39443f0a7642fa1d0257d1ebb0036,cgt,main,0x525aeef9af9ae896179ee287e024a40cf5fc7655,8e59cba93056e1d1057295990a0aa8f1,0a381dc68d6676bb62c5ab1c142d5768,,9fe053d154cd739f151fa6b739d331efd7f39443f0a7642fa1d0257d1ebb0036,103|104|107|113|115|120|128|135,103
a0091ea6f01f93b80c0997f00c84f5f060857897c31538a0e08a3ca66abc5f28,cgt,main,0xd8e396e67650e72eefa281efc86738eb3e2c7400,aa35cff8c47823e6e3b302bb8225cd08,a499a5bc113ef5747ac80ee731071039,,a0091ea6f01f93b80c0997f00c84f5f060857897c31538a0e08a3ca66abc5f28,103|104|107|113|115|120|128|135,103
a03f06aaee1c720da83eb83d81d2fb4d5611ebeb56f697d037adb166f46838ac,cgt,main,0x42fdf1a3ae9f83e80690490ebc0a3b04c5b68de5,95a85dfbd1cbba0e1edea817db0f4e23,7004f6d2ab7b8bdf132180f9d8601aa0,,a03f06aaee1c720da83eb83d81d2fb4d5611ebeb56f697d037adb166f46838ac,113,
a044be6b1a9a6bee0b027339a75bfa2eb44012ab94c61c0dafcac915d87231ce,cgt,main,0x2ce4f2b9b3261cd95229d80dfc785d2edb4cfd1a,56fdce769e3265e6d6623d50df9da75f,4617cf1333e81ec27936348ad31efde6,,a044be6b1a9a6bee0b027339a75bfa2eb44012ab94c61c0dafcac915d87231ce,103|104|107|113|115|120|128|135,103
a055e3718512d7e3ef2b357bba8569b43d5d916f82a9513d9680b72ab8b0b4f2,cgt,main,0x40b88bbd78cb0441259de7a7d608a39b7388369a,8ff8f4c3db406502722942deb2a84d80,2e0ce90632734f8a5ff8df6bd1fb5229,,a055e3718512d7e3ef2b357bba8569b43d5d916f82a9513d9680b72ab8b0b4f2,101|104|107|113|114|115|120,101|104|114
a05a03c14fcd294de4df3cc4cfe01407d8107dd555794b343c8c0b053ca06a60,cgt,main,0xba95b83766d60170e78398745f5c3df78b886c65,3b3cf3500ab76c0ca0511ab9d3449de1,5f0d31a32be31ec4a9b4dc5b9e0e2fa9,,a05a03c14fcd294de4df3cc4cfe01407d8107dd555794b343c8c0b053ca06a60,101|104|113|114|115|120,101|113
a0bff12b53f7195b332efc2f86b23411c5ba49fc633eeec6badcb672131bf107,cgt,main,0xcff9cb72d19c10df754ae7be6d280e379cdb2354,2012df6865cea7504aefb219a6de5633,d3c907a8a6b0bd0fd2c658caa71111ec,,a0bff12b53f7195b332efc2f86b23411c5ba49fc633eeec6badcb672131bf107,101|104|107|113|114|115|120,101|104|114
a10ac7c9a0622518657e67f0c64f211034eb55506aada3383d8ff542fab3de51,cgt,main,0xea13644b32e570c95b767849011b48bbb0e6bbb9,b3ec68d8ca89e3ab072cbdd20556c59a,9506a658ed4727ab8743ed20d1963b08,,a10ac7c9a0622518657e67f0c64f211034eb55506aada3383d8ff542fab3de51,103|104|107|113|115|120|128|135,
a187d68cc72e4b691d9cd9d178385a424deb092a66d9256ff79d32ee9bdcb36c,cgt,main,0x7541b76cb60f4c60af330c208b0623b7f54bf615,807093c9ecd66ae8d3045208c8d3333c,7ba84f0802854c1a01962df0949f7223,,a187d68cc72e4b691d9cd9d178385a424deb092a66d9256ff79d32ee9bdcb36c,107,107
a188961406b9d9137fea54520a35d4a66fcdbd936cac1d1a7c869f478d80ab41,cgt,main,0x97ec9bfb0f6672c358620615a1e4de0348aea05c,ff40ff9d086fa41fa59835592f5286ee,4e5ff48749218c3edd377a8b4b6ffea8,,a188961406b9d9137fea54520a35d4a66fcdbd936cac1d1a7c869f478d80ab41,103|104|107|113|115|120|128|135,103
a1a3ae9354a916e8c1400c947c6f55a8121bee0c106d5f3c84d8d02558fc1ace,cgt,main,0xe01b770235bc5db653604e5519f048df54490b5f,2c14240268afd1540dd928d6000d1ea0,5e0120d993aac5124d245beb0e80f876,,a1a3ae9354a916e8c1400c947c6f55a8121bee0c106d5f3c84d8d02558fc1ace,101|104|107|113|114|115|120,
a1acde3fcd92f7c5244c52596cfb9cfd285401a3dccf68448e9038ee4652a78d,cgt,main,0xa94c128a138504e1f81d727cc21bcb9ae6581015,c2ef1cbc6e3410b3d5daa83964a6bdbf,df84c8c65d0221a653002b9c9684b1af,,a1acde3fcd92f7c5244c52596cfb9cfd285401a3dccf68448e9038ee4652a78d,103|104|107|113|115|120|128|135,103
a1ba0e812787c591654aa21af623e119c022b78fefb687600f7fcf5351192a5b,cgt,main,0x10e32d84d8bd44b68e99c6fe147ef2ba63e6ae22,0913bb0f755267fa740ef3c0d74b82cf,3bd1f0168fa6e201ee9658110efb9fcc,,a1ba0e812787c591654aa21af623e119c022b78fefb687600f7fcf5351192a5b,103|104|107|113|115|120|128|135,103
a1d6b285b3a5038e9bc74b27c422c783b3c752389f0421d88ec7cdb54cb251e5,cgt,main,0x826a490c2d5d7ccb5f0223b042b39a9dc3cfdfe6,cbf4962c421827de44d99f2b505dec03,f565b59c24f7f65b624d6f0c6ccc1d58,,a1d6b285b3a5038e9bc74b27c422c783b3c752389f0421d88ec7cdb54cb251e5,101|104|113|114|115|120,101|113
a2247fd9221406148f162a3363858dd2356ea61c748de04650d226a9ef18acc9,cgt,main,0x2c68efdd296f8a4f83ee46b12152a66dbe74b686,c6d8c5b242205bfd1210465d455ae7d0,10254f1b32f47855bd903801d83af79f,,a2247fd9221406148f162a3363858dd2356ea61c748de04650d226a9ef18acc9,103|104|107|113|115|120|128|135,
a2269ecde059fc7bbb13b119f077b4f1e8e4303b1a455f9faa2afe18f9ed601d,cgt,main,0x238e2854ded65f30c9c7765cf26cc882949323d7,e9d193829bb05546b96861bf6c6541c8,0f60759758b46791f99224895562cc85,,a2269ecde059fc7bbb13b119f077b4f1e8e4303b1a455f9faa2afe18f9ed601d,,
a23c337f728845f65ab9deb71a90f33a3566e30e61582310dc27b8a6f9dfde40,cgt,,,5c199a9faad287f84ba63c0342ddca02,c3759d8e3ad82c1822525113e0fb78c4,,a23c337f728845f65ab9deb71a90f33a3566e30e61582310dc27b8a6f9dfde40,107,107
a28eb4a3f2e5210c08c1052843d1b7c84c5f2151eb0ad296155626718cd6d272,cgt,main,0xbd37672116c2f4c14ba5a23921bdc57860e64aa0,1cd0731c64e243d2d82e0d2403dc499b,86f7cdda2bb04e7b2d1eb86fe3b49485,,a28eb4a3f2e5210c08c1052843d1b7c84c5f2151eb0ad296155626718cd6d272,101|104|107|113|114|115|120,101
a2a932127f57a8c30610ed037e94626a7e8e186d14b93eb36371676ff6c2fa75,cgt,main,0x8903e8f101d86ea097efe104a3d53f4c42cb44bc,472e972bce39ca93822e247ba2122f30,ca82f1a9bec9d99dad7a8d11fe1c665e,,a2a932127f57a8c30610ed037e94626a7e8e186d14b93eb36371676ff6c2fa75,114,114
a2cd840f9b6c165826704e9017763f2a50a7d82557b1d538201b14558174ebad,cgt,main,0x319af0f8552e2caceb6a8b2541ef00239a6ae1cc,ca9672b1be2be3fd69ff04ac3c01926f,4bfdcdaabaddfd79eca2bd72ec735147,,a2cd840f9b6c165826704e9017763f2a50a7d82557b1d538201b14558174ebad,101|104|107|113|114|115|120,101
a37856d18b667fd9b1a69fcdaeb7bf9737c39a2fcc7363c6e7351e755beff7b4,cgt,main,0xab7f12a452f44ff040ff25b0ad66a1d784438d70,4d4f87db110692aab5e04fd0c4476338,de7fd1d9ea28d8899ca7c8970600b8a9,,a37856d18b667fd9b1a69fcdaeb7bf9737c39a2fcc7363c6e7351e755beff7b4,120,120
a381578c8c039031ac1ef924c778119bcc3e97e36d41c335a583ed2cc8cbd64e,cgt,main,0xbb9aa47ea51695591a0b1c44c74d17a33ffde5b4,eb93786f95aa009aff1a518c9d02de92,966581e3c85bf8b085ebac0db0bb681d,,a381578c8c039031ac1ef924c778119bcc3e97e36d41c335a583ed2cc8cbd64e,101|104|107|113|114|115|120,101|107
a3b2c8c171cd7b5ded8f6570f4b35e0ecb6bb16a592e82b8936bc9290bedd04f,cgt,main,0x1443616b940aea9fd52add2ebdc6966a4ac5f27d,8580e9020dcd65b39d376d13acec2864,c12926ca72fcba14595511f24c2757c5,,a3b2c8c171cd7b5ded8f6570f4b35e0ecb6bb16a592e82b8936bc9290bedd04f,114,114
a3e9c59fb392e60a873c7c53b7b33a36420760b51daf157538cc5c61359f030f,cgt,main,0x49311a711ea4aff7fea3e0c32066e732fe4652ba,c64338d20982021c7f34db4b849767c7,fbeda5adc4e7657aba561cab00423d49,,a3e9c59fb392e60a873c7c53b7b33a36420760b51daf157538cc5c61359f030f,101|104|107|113|114|115|120,
a403b84732505fe315db8dbb2fba3374365ee62b12a1f32f5c1d08389afa73bf,cgt,main,0x2dc0170450e66af2d3f5c56aa0b20ec4a254902e,98a7a3ed84e7f0803586ce8ebe71fa24,9ddfeef34775ffedb88b6f951b5919fa,,a403b84732505fe315db8dbb2fba3374365ee62b12a1f32f5c1d08389afa73bf,101|104|113|114|115|120,101|113|114
a42e0b407cc6538b695c7fac2c23183f972940b02442bbceef7ffaf66c087b34,cgt,main,0x4e646a576917a6a47d5b0896c3e207693870869d,b13447a432acb4aebb9cdf55c1528c32,27c64794da0d47bc782969fe20416cc1,,a42e0b407cc6538b695c7fac2c23183f972940b02442bbceef7ffaf66c087b34,103|104|107|113|115|120|128|135,103
a43e2e31af42acdd226249a31a3f2ea4fa640ee1c26434ca5bbb47f88da8f0d3,cgt,main,0x80754f5833c606d6443cfa315d933ad599fc3d07,fcc3f3b1b7699dd236072a0afab15006,25dc61a3651514c6875559396d01adb8,,a43e2e31af42acdd226249a31a3f2ea4fa640ee1c26434ca5bbb47f88da8f0d3,114,114
a475b0ee1ea241e21d6d7f8ecfac4ea9a566e228118255abadabe1203f1faf00,cgt,main,0x8b9c35c79af5319c70dd9a3e3850f368822ed64e,1c065fb0cc7b1cc4683bda1d1e2da068,bf66ac334b22d12a1b60d8801637fdb6,,a475b0ee1ea241e21d6d7f8ecfac4ea9a566e228118255abadabe1203f1faf00,101,101
a4ab1da6277fa8d78a60ae7e99b99c4afdd878ba0b0ce7dc63cec029ce065673,cgt,,,82ac3ab46eb210d38ceb4d9aff2f2187,78b7d17841659aa5643fab4a2fa6ce9b,,a4ab1da6277fa8d78a60ae7e99b99c4afdd878ba0b0ce7dc63cec029ce065673,113,
a4e1e37d5b065ca64b28f03567d674bf26077f33ae34d01de6fee54a09246283,cgt,main,0x212590b04bfc83befc4b88bb3ecbc4f1446e15f4,f8d1d84a9cb7ab4f4f6804209e59bc13,4eb1f41e6c59f9dc7b71adc50bf78f51,,a4e1e37d5b065ca64b28f03567d674bf26077f33ae34d01de6fee54a09246283,101|104|107|113|114|115|120,
a51a265621b1faf041c6ea9d4414ca3997063d2b28d8d5825f035898219d385f,cgt,main,0x18429dedafbb65443edf60402294df5c01aee1da,d3cc0ff461952dee2027964a1e28f37e,ca9e8db077ab29918bc274b8bc79b777,,a51a265621b1faf041c6ea9d4414ca3997063d2b28d8d5825f035898219d385f,101|104|113|114|115|120,101|113|114
a5399c01c03ad554301425d3b8e790457b741c1137063e6dfe12faf23eb55868,cgt,main,0x38e9d51419dc53bb8c899a5fd473ce111b1757c4,57e78a4466684632e0f117aa1332db7e,7b3772fe4e212bdd397ec5b0469ec8be,,a5399c01c03ad554301425d3b8e790457b741c1137063e6dfe12faf23eb55868,107|114,114
a54032ea61af832cfb464ceb3aae4b880f214f3b265beb1bbc9d8ab93ca7dc3b,cgt,main,0xc9ecab309aef735586f45413d0aeaa4adcc4f654,7d589a491645771d32f867743e009710,7191adf9b91a488c3429e5fd1ec0c4ba,,a54032ea61af832cfb464ceb3aae4b880f214f3b265beb1bbc9d8ab93ca7dc3b,120,120
a59cd92a114b5824934497db04afc2fe56383e9077ad62c6a4f95254d9fcb9b9,cgt,main,0xbe46324018124b2d604c2f3eae91d3de9b388b09,2352d00e9ce0b75125e90bc58dddcdd1,615fbd5f00f189fb00e3be3be3a425ea,,a59cd92a114b5824934497db04afc2fe56383e9077ad62c6a4f95254d9fcb9b9,101|104|107|113|114|115|120,101|104|114
a5d72e4008d17a1ec7609e8b7a2ea53535ff4545fec69065a0512229e03c0c6c,cgt,main,0x665f2d9e0ea20573255ecddb2d597bf94ef30784,6bc685bcc965fd615049ce3c72baf203,2146cec895a63aa7dd1dfb9d81489300,,a5d72e4008d17a1ec7609e8b7a2ea53535ff4545fec69065a0512229e03c0c6c,101|104|107|113|114|115|120,
a5ec670091af4c5255cb05c239f6acca55962a74f42ba91b476109ceb57c5412,cgt,main,0xc23f76aea00b775aadc8504ccb22468f4fd2261a,0b6e21275c9e97f3b0b3ab602a071b75,0be70363936ea4ed863e4a39f4b1eacb,,a5ec670091af4c5255cb05c239f6acca55962a74f42ba91b476109ceb57c5412,103|104|107|113|115|120|128|135,103|120
a62a00099b3fe64a7d91dd2b0750c8c4b7169fc156e3f4d11f1acb940d4b6d9d,cgt,main,0x9e611784170b297091de56eb50162548d9b54d87,9a34d06e2a13fdb7b3da7b66ab08b24e,debf0ccc74352bc5cd4048655af9c2c2,,a62a00099b3fe64a7d91dd2b0750c8c4b7169fc156e3f4d11f1acb940d4b6d9d,101|104|113|114|115|120,101|114
a66309939d7adc9b571c3b0bab059b27d50be9bbfd7b92f0e30302eabe8804ee,cgt,main,0x2aa90eb11337d37c667d884f5709c690b79e8439,352d202b08ff514849c7522555e30001,31fea4515b83d6dca1a0232a61066e15,,a66309939d7adc9b571c3b0bab059b27d50be9bbfd7b92f0e30302eabe8804ee,101|104|107|113|114|115|120,
a679202cedc15b0eb2441e85cd830a99a2f8135bbd7a7da4dccc2ceb0c24bc2a,cgt,main,0x1afd952269873fe009c7bdff5f07fd91605a7227,c91cb07100639355cff3cf0f63a6a4f7,da7e483a2db54c873ea2aaaee39136d1,,a679202cedc15b0eb2441e85cd830a99a2f8135bbd7a7da4dccc2ceb0c24bc2a,101|104|107|113|114|115|120,101|104|114
a679aa54440bc56fabd981fb427e8aea13f8f5bac9bae1ada91bd2c916f02e21,cgt,main,0x559b52b6a30ba913a7e8f85c4a6aa443a0fe66ab,c469e9842de34e5cc97873b928b5577b,1cc47f2a60461e9dfed8f6ece2ae316d,,a679aa54440bc56fabd981fb427e8aea13f8f5bac9bae1ada91bd2c916f02e21,101|104|113|114|115|120,101|113|114
a68969e7c686b633c94cd7053431d57dabb7797f50583d6cdf44af9a0f3627f2,cgt,main,0x5c3578f62ccd0b126214daa589ca11c7dc681acf,bd853013961371a3582a1bfdf72249e5,50d6156d25494fda34a6a371f34c0914,,a68969e7c686b633c94cd7053431d57dabb7797f50583d6cdf44af9a0f3627f2,101|104|107|113|114|115|120,101|104|114
a68c6772d641b5d6d191ed006faf0a72818847eae9acaf71e064de186abe53f9,cgt,,,9f2044059ed4bfafedaed7e5d5a33b0e,23eb2202276056b3c00c27140b28db52,,a68c6772d641b5d6d191ed006faf0a72818847eae9acaf71e064de186abe53f9,120,120
a6d090b1a7ec63d58d9ec1d934a08605739645b5d444a4316b3b12299e31834c,cgt,main,0xe5411ae9c24931e11dffecd84fa50fcf7f0df31b,cc030290198e201e69399b11b38f7dd0,c01420d0a298595f97e8496c0a5c9aec,,a6d090b1a7ec63d58d9ec1d934a08605739645b5d444a4316b3b12299e31834c,101|104|113|114|115|120,101
a7c5e371a4040ce0b1d22df345a5e8b68ec91b24f17daf8e364137bca3a02f35,cgt,main,0x438301bbb5941f2d6c6db74ee90474cad8692087,9818f7c35bcd069c61a3f7c2c7a14432,4895bf7b04149b384c2840ecf6d621c0,,a7c5e371a4040ce0b1d22df345a5e8b68ec91b24f17daf8e364137bca3a02f35,113,113
a7fd9915d4cf64976d1b8f5bb6ea29293ae00200c27b1a599cc028ee667fe8fa,cgt,main,0x883ee0b0ce06f11cb215c7e2299f1948b247784b,3231afea3c985b3bd67f66f56aba8736,d66eeec2621e84eb14789a6a9c2618d8,,a7fd9915d4cf64976d1b8f5bb6ea29293ae00200c27b1a599cc028ee667fe8fa,101|104|107|113|114|115|120,101|104|114
a81491acddfbb92c9da62f3511e0aaf05e79162707710ed4c7f39f89ea6c5c20,cgt,,,30b89496caa257b566534587bd019349,8da5c55c168ee0470e148dc8265c8f2b,,a81491acddfbb92c9da62f3511e0aaf05e79162707710ed4c7f39f89ea6c5c20,115,
a81eb2adbd72cdffd5eb0a1afdc49155c3a9dbfa2cd402c8e59e1e5aaa8791ce,cgt,main,0x8d28f9261cca02d5e53aa5f6552dfa2dc14df75a,ab4cccbf9e9ff857a2d21972cf55bf0f,5372dff91d8bb9e65ec3309755fcfab4,,a81eb2adbd72cdffd5eb0a1afdc49155c3a9dbfa2cd402c8e59e1e5aaa8791ce,,
a841a0be3d9800a96dabaa4b848acba904c82207fcbaebb68d0866310b1d631f,cgt,,,2198542b56d93b70b291891e9ae854b4,ff98e38d72a8ca47ec30cb8225b8bd0f,,a841a0be3d9800a96dabaa4b848acba904c82207fcbaebb68d0866310b1d631f,120,
a86e3d60399581c88c082e48ca8ab2100f87d8d679719bbe4cc09321decf9a18,cgt,main,0x9c794584b2f482653937b529647924606446e7f4,808c3b5764fb4b47ea82a664cc16eea4,4503cf28cd135b76c2c2598eed421705,,a86e3d60399581c88c082e48ca8ab2100f87d8d679719bbe4cc09321decf9a18,101|104|107|113|114|115|120,101|113|114
a872a442b068bd524a64c7b364251e7501c66b87ab6e7068ae0ef31ea87ca1cf,cgt,main,0xf603c4161c388b77249486f9cb6f1741abda6a9b,b22e75eb02e488027ebb1f5ca02c5e3e,d51eb598ac6e917b09b16e9a5997796d,,a872a442b068bd524a64c7b364251e7501c66b87ab6e7068ae0ef31ea87ca1cf,103|104|107|113|115|120|128|135,103
a87e001a29b86a329b978dc41d9c3a3631adc3775bedb0764da4950b07930fbd,cgt,main,0x3c63d4b0330a1ab969ff0f8b2ba227540a15b0ca,cb01aee3eea190c0ddaa47d632ad360a,35a76ca7168a8c49ffbf76e9aa0763f2,,a87e001a29b86a329b978dc41d9c3a3631adc3775bedb0764da4950b07930fbd,114,
a88b6e0d8e3a8bbf2f1ac8ae47abbcb2fe94bc836bf9621e178d2bb95ed6d778,cgt,main,0x3aaaf1c542b365e47f13ab62497f020eee45f747,40745c31c4cd9e82381819452df50134,40c179c2eafe511f9867966e94588265,,a88b6e0d8e3a8bbf2f1ac8ae47abbcb2fe94bc836bf9621e178d2bb95ed6d778,101|104|107|113|114|115|120,101
a89258b66dc9b4e5e236d8d14a6a667ca97390c406f76afe859c9da385bf9d96,cgt,main,0x757f9a1ca2d3af327111c786ef923e67ab586b03,edcc01458978364c29e7d9c1424164d5,6e096cc63c2dc04dfdc4a825aa7a42eb,,a89258b66dc9b4e5e236d8d14a6a667ca97390c406f76afe859c9da385bf9d96,113,
a897322cf9b4d75c8486e7343fd695deb9c41d24e98e403ed4817dc524fdddbc,cgt,main,0x02268047f5c77a6a533619773474d1a6e510443f,88f1aa9f73d348dd694ee0ddbc2c9d48,722fd7dfdc8480c157fa49c28ae1dd3d,,a897322cf9b4d75c8486e7343fd695deb9c41d24e98e403ed4817dc524fdddbc,101|104|113|114|115|120,
a89fe8306e90d55c403d13bd7b5284c1d681260dc6f4e42982aa9f882bcf4085,cgt,main,0xd79b4c6791784184e2755b2fc1659eaab0f80456,fb2eedd0857059c0ee507c98a742b989,c97d8c67fd83f71f093c3fedec039869,,a89fe8306e90d55c403d13bd7b5284c1d681260dc6f4e42982aa9f882bcf4085,101|103|104|107|113|114|115|120|128|135,101|103|104|114|120|135
a8d536007bd4eee36ad5024853d02671f4d6f3a293a304d7790986cea10cfc2a,cgt,,,ddcf8113cbe6a076488732b055e4ebdb,02e5b0d1d8b54e1dec318425f6a8708d,,a8d536007bd4eee36ad5024853d02671f4d6f3a293a304d7790986cea10cfc2a,,
a8d6e4a80b880818ba8a3d311804bfd6109633b62fa93a15605bf671c1d71405,cgt,main,0xa9e4e3b1da2462752aea980698c335e70e9ab26c,0995d11d1104abb2f4211728d9a7eb9a,8e44f06bda9b4e26e5fa49e60799d7be,,a8d6e4a80b880818ba8a3d311804bfd6109633b62fa93a15605bf671c1d71405,101|103|104|107|113|114|115|120|128|135,101|103|104|114|128
a8d9b14a43514d0bb83fb5bd6a339ea48293db97250fe8d8d0a8bf0b382187ef,cgt,main,0x17683235257f2089e3e4acc9497f25386a529507,7b8c2ca7cb74c70d9c8317465074c612,34a2d33fbb1c9d59474b3385052ed855,,a8d9b14a43514d0bb83fb5bd6a339ea48293db97250fe8d8d0a8bf0b382187ef,101|104|107|113|114|115|120,113|114
a9162f02584e6612fb827a9decf5be45a12fc187c9e062b8a5e040f8cf220211,cgt,main,0x1c94f41ab9cd8faa8af45ae7827bf5a8f891f4cd,8630793bbf4b09233d559bbe3b5bf181,a4aaf137572acee2af1ff66d9318d746,,a9162f02584e6612fb827a9decf5be45a12fc187c9e062b8a5e040f8cf220211,101|104|107|113|114|115|120,101
a9c064d18de551582c47269460b200cbc81b85189010d8a30291b16342ea9eda,cgt,main,0x83c54a35e72ae07c46fc8f8f172a13ba19ac3bed,98effc4ded2db334a364e35d033f7ce3,e6502c631a0f1bd09e7b98dbcb09a82c,,a9c064d18de551582c47269460b200cbc81b85189010d8a30291b16342ea9eda,103|104|107|113|115|120|128|135,103
a9d90431c17b59983969855469fd2afab0253fcdc537e3b006f61d4c79a49ee5,cgt,main,0x276f5da0f6c7b55129570ac7195e6e65122a4cd0,727df9713b4fc47ae064523edc136fdb,0394f29cbbe76e82947d796bcbb6454b,,a9d90431c17b59983969855469fd2afab0253fcdc537e3b006f61d4c79a49ee5,103|104|107|113|115|120|128|135,103
a9f62fc4f32bbcd3a71c4f8e9ce25262ab30418d3fa245374c67f2a43cc71bc0,cgt,main,0x9106708eb08a6fca144bcb45f8bcd020f903c0f5,9855343771f10bfa74642722498ba6da,7f950a488b125d0cf7c8186f20ff13c5,,a9f62fc4f32bbcd3a71c4f8e9ce25262ab30418d3fa245374c67f2a43cc71bc0,114,
aa3fa259e2e5921244104fd70de944975ce9afc75d616ed31fdf6968f7ad4954,cgt,main,0x8c79ec3f260b067157b0a7db0bb465f90b87f8f1,6f20a83ed447f9d6a837e11f3b218467,6b24de1cee72a04bec08c7bfd075e15c,,aa3fa259e2e5921244104fd70de944975ce9afc75d616ed31fdf6968f7ad4954,103|104|107|113|115|120|128|135,120
ab0e41ff6d4fe1cfbbd9de8ab9beef93fe94943f7febdc77c227b79268a8a593,cgt,main,0x032747313c4e914b5fce356ab8dc4df551972dcd,4b5458cf7d0312d77a2b8ccc86807477,5c3f92d882d3a2ac38e8bce162a247ae,,ab0e41ff6d4fe1cfbbd9de8ab9beef93fe94943f7febdc77c227b79268a8a593,101|104|107|113|114|115|120,101|104|114
ab18465b6d484f44b97b16610bed402e4586ae581caa63f714c331069cc9e530,cgt,main,0x30b82a61e9c7ecca057f8dd42e67c628d7e1b823,2c8fef681dcf651fa90b4a21b928f4fd,b58b7a69435396e34256dd03b31a7cdf,,ab18465b6d484f44b97b16610bed402e4586ae581caa63f714c331069cc9e530,101|104|113|114|115|120,101|113
ab1feb99fbdabb2785993de8dd976459b86891fa66684b5eb3207f34c7bf52eb,cgt,main,0xa01d9bafa60fbd1967bacf74b76c7e464d0f7c92,420ef862bf07a1aaf163a33b4008b38d,0fb41a62163d0bd6bba33bf602fb10c6,,ab1feb99fbdabb2785993de8dd976459b86891fa66684b5eb3207f34c7bf52eb,103|104|107|113|115|120|128|135,103
ab46b8a9f64167b03d2077e4cb630f76968920d5e07d94ce6d22e87748a02a57,cgt,main,0x4865e85c72a27ca6c362da75ba6707c07464b953,3086469e816ab60b47ef34e55095a2a7,41175b100deb8689123ec15b933936b8,,ab46b8a9f64167b03d2077e4cb630f76968920d5e07d94ce6d22e87748a02a57,101|104|107|113|114|115|120,101|104|114
ab47290b16cfddf5929dd8838ca903840c6bf59ab580cc951d862bb13803cc3a,cgt,main,0xe05cedd2838e4e1d99b539d8c768d6ef2a10f729,146a275c674ea7a16b45f4a955a401b7,d4731fa662bcccafb0e1552441639231,,ab47290b16cfddf5929dd8838ca903840c6bf59ab580cc951d862bb13803cc3a,103|104|107|113|115|120|128|135,103
abaa42047d47a3822eb008532c285eabdd34f9763622252e28ba153d759ec485,cgt,main,0xced0b78dd06edfa8dcabff3782d7e159d39d71f4,bd6d1d70afc6fff8e21707a0c74a6cfb,7276dc00af7c90fde2a405451b56b859,,abaa42047d47a3822eb008532c285eabdd34f9763622252e28ba153d759ec485,101|104|113|114|115|120,113
abbb50875897c905ea622c9c5e72b9377fb0815c4b553ba10817626bc56a3e93,cgt,main,0x6c5c0e2496d27f60c486faaaaa9bde58ea1dc386,85b6b7371deead35a5e3f1616f967262,70da4e283051646bbb9cd93197e034f4,,abbb50875897c905ea622c9c5e72b9377fb0815c4b553ba10817626bc56a3e93,101|104|107|113|114|115|120,101
abe559802038b2d59d898b86a07dfaaeaafd8cd105a637b3370738c3418bd790,cgt,main,0xfacc5b21597487575667dde047fc6e5d58bdae55,db03c70ba9507affdda813a12590263f,945dc89bad3637b2f1d3f8c91d078bf2,,abe559802038b2d59d898b86a07dfaaeaafd8cd105a637b3370738c3418bd790,104,104
ac1f81ae130f35208205de0448dfcf95f999c138524a9020ce64b40436e4e09e,cgt,main,0xa696e684a37a06ff56985c2dfe4d0d5b6ceeb9b4,963929641cdea41852fdbd62f299b0b5,67fd8644894a95d904caa9985d84bdbe,,ac1f81ae130f35208205de0448dfcf95f999c138524a9020ce64b40436e4e09e,114,
ac508f57409b0fd60271725ad9e4e17ebc17c6376380025cfbe521d5d6dba688,cgt,main,0xbf7316fab5c8cfbda5e763a5a1f94c4e0ce7ec37,58904a26c5b6683f7e406adda8bde972,ff015d6e08041c2d4c3328b2271c0a42,,ac508f57409b0fd60271725ad9e4e17ebc17c6376380025cfbe521d5d6dba688,101|104|107|113|114|115|120,101
aca0de9d17c66999443059e736a2e8e22b90e89a5a085e9d5f415a5fcd3cabf3,cgt,main,0xcb4fc459c926e5e10b698009f6f3c1ed658faef7,b932020e9d34ef7206ee97da181a0862,328cb749e99921573701f529391a10fa,,aca0de9d17c66999443059e736a2e8e22b90e89a5a085e9d5f415a5fcd3cabf3,120,120
aca7c9ed14791e2c8d578571bdaa48a63a76683f27af170f156aac29287a6029,cgt,main,0xc18a451d4ef2a85e7bf8404131c5f994a98bdb15,cd27458c22022c1b5e95b972ee0b13d5,d43abe4158241f5bd1b7857af8394213,,aca7c9ed14791e2c8d578571bdaa48a63a76683f27af170f156aac29287a6029,101|104|107|113|114|115|120,101|104|114
acbc7aa0d5449e47a43d048afa13dc518b82245efce2351a68f53062ccd688a4,cgt,main,0x1c4112b81a5bfb3288573c8d5b8fecc8504ac59d,a85fdfb0ac6897037328ee403ff75613,76f16c2055c6d6a2b079f30fee1e35d1,,acbc7aa0d5449e47a43d048afa13dc518b82245efce2351a68f53062ccd688a4,101|104|107|113|114|115|120,101|107
acc2c32406a49ea4e4ca19c284ee4beb5256c1a26cb357d3eb233b2b3d14a926,cgt,main,0x8d44d6b4ea99c865df1545a2dcb3aa445ba484bc,6eb09053cf57a373280f7374254a13c3,0e97d1ba77b56c1e79695454a4f45533,,acc2c32406a49ea4e4ca19c284ee4beb5256c1a26cb357d3eb233b2b3d14a926,103|104|107|113|115|120|128|135,103
ace50d278f0b9a37b08d18181b215df1c9961ac74c79e6932a716cc4af5617a0,cgt,main,0x3cd4351f3c962f871024efef2922ae39896e4761,acb7b50b59695d9986a10cda0a302f0c,40c328ec924509c6cb2fdf0e83673420,,ace50d278f0b9a37b08d18181b215df1c9961ac74c79e6932a716cc4af5617a0,103|104|107|113|115|120|128|135,103
ad0ed37e9084bc1f3cb7a98ea2569e4381517280a7c6cbd401dea372aaaee34e,cgt,main,0xfea71f436ec963507c26f424d93168e4285cd822,4bfbe58b2954474221ae7be2dce62612,1f3c761d7f7f9247231033ec4136e12e,,ad0ed37e9084bc1f3cb7a98ea2569e4381517280a7c6cbd401dea372aaaee34e,113,113
ad10dd4a1a04e5b7fdd998aed22174a34e9f489d2ed98b95c169c379976981af,cgt,main,0xfa3affc8d50e293cdd768bddcd16559e7c617348,53179a56c2885dfc8047a8cf7662a285,6b41dc9ee70c970521fcd147fa8f9006,,ad10dd4a1a04e5b7fdd998aed22174a34e9f489d2ed98b95c169c379976981af,101|104|107|113|114|115|120,101
ad2520638a5bb00f35bd7d9e27f57ba21bbe59d02eba07f4503262fadd84d1a3,cgt,main,0xd6ec04c0f9587cb822c315f662954af8c2174d66,2145a9a2e106001ba61be11ecea41141,8b8d6839065f3c2ac62936b67bbeff97,,ad2520638a5bb00f35bd7d9e27f57ba21bbe59d02eba07f4503262fadd84d1a3,101|104|107|113|114|115|120,101|104|114
ad7666feff43b521e3512e6c73d6b9a1f5a93fd3f645e0814b23264b12980ee3,cgt,main,0x750241c16c9fb878a7afd2b07b80f53e02c3f634,3e2038e527c37c567a006f01553733f4,b6e2a54ff16f60ae8c37238d660c7552,,ad7666feff43b521e3512e6c73d6b9a1f5a93fd3f645e0814b23264b12980ee3,101|104|107|113|114|115|120,101|104|114
ad7c1c9d7743e7b77ef07a9f06b4ca7e495745d4b963ab5ad30dcb891834c01e,cgt,main,0x3bb2bb5c6c9c9b7f4ef430b47dc7e026310042ea,c1c9ca65b87988944b955dd42139f925,f19bf9254aa20b39c13a910b9c064fe2,,ad7c1c9d7743e7b77ef07a9f06b4ca7e495745d4b963ab5ad30dcb891834c01e,101|104|107|113|114|115|120,113|114
ad9f93c1290741d65f8750bdd66bb553fca029db55f0590689b2f56cc64b2226,cgt,main,0xa85924729e6d65fcd23d8c7fcfb7065b709fff30,b3e491c1ba037a735563f0beccd35358,2fa1e3554d6efa4c20a893ac914a713a,,ad9f93c1290741d65f8750bdd66bb553fca029db55f0590689b2f56cc64b2226,104,104
adbf2bf00525a08afd0ce519f940b271f746a44fbb96e5ce36c85789f5042b32,cgt,main,0x35a69642857083ba2f30bfab735dacc7f0bac969,0cf644bc723f92cbe3a924933029aef0,55c4b827bf552cfb3c06b08f0d0201aa,,adbf2bf00525a08afd0ce519f940b271f746a44fbb96e5ce36c85789f5042b32,103|104|107|113|115|120|128|135,103
adc9c13aae20e420c0a4d5ab496f2a529b491bd1c7f69fc610e1e506605a8518,cgt,main,0xce6c1005bf05b370af93c1f70d7798aa08c0b6d6,da0289dc76652e2466c691d8862664d8,bf6366212777b3d951801c6f333701da,,adc9c13aae20e420c0a4d5ab496f2a529b491bd1c7f69fc610e1e506605a8518,103|104|107|113|115|120|128|135,103
ade5c812a231b189d41c0f7ac27280fd068fff9457129093a78469a96b3db71d,cgt,main,0x28dcd428e8125990f9e5fe1b82db0e3ed240711c,ad538515ea81b9d3cd46cad2c65be988,a58d607738fe5794c039f6fb483b599c,,ade5c812a231b189d41c0f7ac27280fd068fff9457129093a78469a96b3db71d,101|104|107|113|114|115|120,101
ae0a7e1dd8d0afb76f6da061b5ebbf3b762fe20e1ce8e241b7622090ef67e38b,cgt,main,0xf05ebadcf22b4dfd49d7f3ab59fd22c9fc49af6f,79d2fd840444f86aef9fe62e0fce2fe3,950989bc838975b0d0a95d725f210d95,,ae0a7e1dd8d0afb76f6da061b5ebbf3b762fe20e1ce8e241b7622090ef67e38b,103|104|107|113|115|120|128|135,103
ae698ee3bef135dd3e4d419097816ffde1c7d74df7d8ceb79b870d55f835c4f0,cgt,main,0x1fc7bd85293f3982f40d52698df8d26be89360d6,b8591d63f8c2802cbc58dbf439b3973e,7c315f93bb65528012dfc54f98ba9653,,ae698ee3bef135dd3e4d419097816ffde1c7d74df7d8ceb79b870d55f835c4f0,103|104|107|113|115|120|128|135,103
aea0a483c93ad80dd477213b997c186487eb11c91233c604b5e4098d58e562fd,cgt,main,0x0027449bf0887ca3e431d263ffdefb244d95b555,3e82c0d3185edc0509d7f7cbaa2dce5e,dfb9db7eec686ce7c0afd1e8f8564eb6,,aea0a483c93ad80dd477213b997c186487eb11c91233c604b5e4098d58e562fd,101,101
aee2a16a70370bf8623bb33bef1a7be40d1312640bba4c7d08d538d00b92c114,cgt,main,0xf6d9979499491c1c0c9ef518860f4476c1cd551a,d0616e4ac5541b7457166870c0cd9e69,1637b979dd81a72df91ba6691586049b,,aee2a16a70370bf8623bb33bef1a7be40d1312640bba4c7d08d538d00b92c114,101|104|107|113|114|115|120,
afa7063e4a2ee5fb4a06a403be59d0845af03ce6a9bcd06af58c347107bb2dcb,cgt,main,0x6d2f190e6fd3bece517cb817254e8411249656a6,f69dc437e840f966c5b0b76f8020971a,a5f2e73740152f347e76e110c8a3ed60,,afa7063e4a2ee5fb4a06a403be59d0845af03ce6a9bcd06af58c347107bb2dcb,101|104|107|113|114|115|120,
afa7ff2c7500713d6156c84e98e22cf862c9ccc404e8ea9a06e1b68665516a28,cgt,main,0x17f8e4bd5a79f095d7b680317de6a617d202b235,031ae29347fe144c00e7c61902ee5820,b2eca4c1eff98db642bef0b8f4e94df5,,afa7ff2c7500713d6156c84e98e22cf862c9ccc404e8ea9a06e1b68665516a28,101|104|107|113|114|115|120,101
b017ef4a749338782908f3972cfd6186803d5d1986e25e15636d2f118411601a,cgt,main,0x46df22eda6a25745b172c558a6e9792a65d80f6d,53212e9020d213a790f3408688ab5a33,dc53a7263aba8fba7a77938f8999f24e,,b017ef4a749338782908f3972cfd6186803d5d1986e25e15636d2f118411601a,114,114
b03f41c08bf49e872819b97fdde7925c4e3db71f80317eeb6f591c087b3ffb70,cgt,main,0x04daec4e1fc6a4b4555b509b7c5c673ebad29f1f,887a008b5d1b2fe2bacf728141a13c15,e6d422d42d587adee39aad72e080b596,,b03f41c08bf49e872819b97fdde7925c4e3db71f80317eeb6f591c087b3ffb70,101|104|107|113|114|115|120,
b04aaa4cc604dbd0ca98ef87ce5d820b28b112f4ef3705516cce2152a3b03659,cgt,main,0x45d147c800d401350b24fc1cd5fbc98040b177c8,954e2a733ff2d56882ded599a9b26e89,753d146daf029b4ecc251d1821a5553f,,b04aaa4cc604dbd0ca98ef87ce5d820b28b112f4ef3705516cce2152a3b03659,101|103|104|107|113|114|115|120|128|135,103|107|120
b0825d8190b4a37f4c471065b77a4ba7162cf38be28d196c7fa75672006342b3,cgt,main,0x5ae14c0101e0a40c709340592f1f1c052ef4ab92,ba0823752af1eb5824158939c198f417,28b68a907d0f6ff6aee40d527936eb7f,,b0825d8190b4a37f4c471065b77a4ba7162cf38be28d196c7fa75672006342b3,101|104|107|113|114|115|120,101|113|114|120
b0d4b951755f854289e13a213b87e72acd56ffbf662ca3ba0a931884db9e9e6d,cgt,main,0x9e46a38f5daabe8683e10793b06749eef7d733d1,f25e5d223f0ba6a96cbcde4d459db9f1,29ef9e35b37c4d573f38a0f9f338d15d,,b0d4b951755f854289e13a213b87e72acd56ffbf662ca3ba0a931884db9e9e6d,103|104|107|113|115|120|128|135,103
b0e873b03f09f8f01e00b15a06250188c082d8a52422be20a99dccf3b1a0cd55,cgt,main,0xb5aff01f3e820735fac9abb594dc9993cb9e5bd2,6c9b1673528620cdb9ac63d91613cae2,68a543ae03a9ba0ccd396ed0b629424f,,b0e873b03f09f8f01e00b15a06250188c082d8a52422be20a99dccf3b1a0cd55,101|104|107|113|114|115|120,101|104|114|120
b119407393abc84d066d205deebfe9b30e265feb0a382a1b155087ddb44b6748,cgt,main,0x46706460504aa8d1ac2a9a6140a96e995de56f35,dc9be90283da83caab03a4144446cbd8,ea6fd9c4dec675049531445a052a8981,,b119407393abc84d066d205deebfe9b30e265feb0a382a1b155087ddb44b6748,114,
b14b25376bb220a078fee4b5b2580ff47d349ebc0464ef1d1be04d546b228c96,cgt,main,0xa14d964fb52bf333888d162e9caf8cc7f090cde4,596b09dbb2e8b2abe7cdbcf0a95f4509,6bec05a702438deda7eef89dc11962ee,,b14b25376bb220a078fee4b5b2580ff47d349ebc0464ef1d1be04d546b228c96,101|104|113|114|115|120,101|113
b1b05f7f26393fb893bef70b5e93e4ff57652a0022266cc60ea7de44467b42ea,cgt,main,0x4b19f307dda1be6bc17c999bc29e24633155c990,d46ad94a8ec705d12dda27dd60ef90f3,937aa51d0d94172626dd79d524f9d442,,b1b05f7f26393fb893bef70b5e93e4ff57652a0022266cc60ea7de44467b42ea,101|104|107|113|114|115|120,101|114
b1b16c7059af146fe8764492c55ed9846d99211ba2028e2846c1b91a67850bf4,cgt,main,0xf504f3d488c7bb20a424943a6fc4ea2badcb9a18,61c6932c407998a78aaebdd939860f07,a983509ec22eaabbfb4c42af5771897b,,b1b16c7059af146fe8764492c55ed9846d99211ba2028e2846c1b91a67850bf4,101|104|113|114|115|120,
b1d3de1de89b5c9bba26914b34b6ae08d75e7613f6ecce26016de209baa99ba8,cgt,main,0x385e817b0083724672cb998a7afcf6da05bc0c7f,fab1c551c85dc36aa77d1b99cb489334,748f63778244f7ea7a5c01827c0d44ff,,b1d3de1de89b5c9bba26914b34b6ae08d75e7613f6ecce26016de209baa99ba8,101|104|107|113|114|115|120,101|114
b1e5735a1a52a658da77618d466ec3ab9835f26f37c0ef358a6a8c60b738621a,cgt,main,0xaac8253a42c213b6a9cdf4f25cd5de29d09b96f9,547dacb645268b6174a92f198b8c3f79,f9b9a09d343a4d2b1ab8e3cc98ea5785,,b1e5735a1a52a658da77618d466ec3ab9835f26f37c0ef358a6a8c60b738621a,103|104|107|113|115|120|128|135,103
b208ae6185579f5c5ddf1100ebcfb4b5c6c0fe317cee0188847d91e6903f223c,cgt,main,0xb78e82956b6037e13b83c287aa9047f748c0f55a,d04e2e2258693865b272e2f46f832c48,032f426b9366452812802d7b0f0866b0,,b208ae6185579f5c5ddf1100ebcfb4b5c6c0fe317cee0188847d91e6903f223c,101|104|107|113|114|115|120,101|113|114|120
b28deaa4963f2c905c9db84ee95a899bddf237c26936ab5fe6dbd991fa1215c4,cgt,main,0x4a73d9fe078fa67601047f88c3e6c270602e5709,d0541eb6b5f1e7532b04f31e8af4b04c,035e005f1a28cd4c199753b428b697a8,,b28deaa4963f2c905c9db84ee95a899bddf237c26936ab5fe6dbd991fa1215c4,115,
b2e0e1d249fd89d30c4bcf5d12be85c859ce45775326f78a3acff4c5b0ee3b94,cgt,main,0xd8d4e59fabb7d8a1d013d577689cb612a8e5f826,4a0e0374b83cba2ad3ae61ab53b38391,96241054b381fa15966d3fc0860a4183,,b2e0e1d249fd89d30c4bcf5d12be85c859ce45775326f78a3acff4c5b0ee3b94,101|104|113|114|115|120,101|114|120
b39253c5e589f508984e24e845e1df234bab0925ee663896c6d8791327c998ab,cgt,main,0x89fc9b1a86f416b62936c6fdea6e43456954b476,cd25f586376ddd832698d5c2239f89c5,639b597ede1c95d28281832cc72fe742,,b39253c5e589f508984e24e845e1df234bab0925ee663896c6d8791327c998ab,114,
b3a07312e20cc14ddc5eaa517d9222848ff6a1a38ccd45edcd8b796259144e17,cgt,main,0xfd2487cc0e5dce97f08be1bc8ef1dce8d5988b4d,11e5544fe6deb12aae54ad32843153c5,865d1cf04f1d483ecb13a34c405ef66e,,b3a07312e20cc14ddc5eaa517d9222848ff6a1a38ccd45edcd8b796259144e17,101|103|104|107|113|114|115|120|128|135,101|103|104|114
b451af4f2a5dc75aafb42e813e8e165c752f80354216475ed5c7660fbbf48a4e,cgt,main,0xe4d29b6d8b1b095f1e214106cf9111c4840e8ad1,888ebd18c8fe6981c45a9bd97119e7d0,e11006ac4e73795e56c07afa50cfa268,,b451af4f2a5dc75aafb42e813e8e165c752f80354216475ed5c7660fbbf48a4e,101|104|107|113|114|115|120,101|104|114|120
b45d7fae99508c411d9755b4265a17832fb8e50e4e68943ec673ef0975d3cc7f,cgt,main,0xe163f74937c8c3065518486e58d655504da0d4db,9a30fdeda11950dddcac9c7b89e1e542,07162ce1dcb468f90f5a8e019e051b0f,,b45d7fae99508c411d9755b4265a17832fb8e50e4e68943ec673ef0975d3cc7f,103|104|107|113|115|120|128|135,103
b470dd7f60c256f6ee0acca5b201c8f020c4a9a3332ce2c5c83a4ae6aece15b0,cgt,,,cd9c4f8f5b6715a969b60baf9d4afe8a,30f1a26dbc7053e3f4b3c8ba67d63712,,b470dd7f60c256f6ee0acca5b201c8f020c4a9a3332ce2c5c83a4ae6aece15b0,101,
b4aeeaee1bc938b000a1c70ab3b07facc072a11ee4e8f95126b34a5c0717fb2d,cgt,main,0x62e66080900fe39cd52bf5c0f8385b1339bedae5,503883a8b239c47b8132d48315940054,f9610ab16b55c62b1f28790ac97fd5f2,,b4aeeaee1bc938b000a1c70ab3b07facc072a11ee4e8f95126b34a5c0717fb2d,103|104|107|113|115|120|128|135,103
b52334469786217f9651fb042b86ed0469a16ff5ead257a83fe5dc6a30f418c8,cgt,main,0x0d47d4aea9da60953fd4ae5c47d2165977c7fbea,75cf14d493f81b4ed18ae4fc2a16d1c2,cdf21900edd1e60eab25a56cd810a176,,b52334469786217f9651fb042b86ed0469a16ff5ead257a83fe5dc6a30f418c8,101|104|107|113|114|115|120,101|107|114
b52558b79d0351c4c9726dd976068b8a2c2f993b9a436468d9623fba71b9e971,cgt,main,0x77eec19c8ba79b1c7c79311ec810cbf88d924751,1b98c617d8768f882a3b11c9963ff8fd,9bb6f1ee9013305a8bc5f27705273e73,,b52558b79d0351c4c9726dd976068b8a2c2f993b9a436468d9623fba71b9e971,101|104|113|114|115|120,101|113|114
b545eaf16516a00fc1bde622a971c753accbc26cb36d66212e3b067e0e97087b,cgt,main,0x4993cb95c7443bdc06155c5f5688be9d8f6999a5,2325e72d4a4f8f4e2a1abb6d599bbcef,4757f23b221c6ddce091a101eb426788,,b545eaf16516a00fc1bde622a971c753accbc26cb36d66212e3b067e0e97087b,101|104|113|114|115|120,
b5480a92f87b433b3c1bf475550e0d963fe5d1c0cbee4a32becc717cea7b9936,cgt,main,0x6cb2b8dc6a508c9a21db9683d1a729715969a6ee,917b7026c9ed901ca3a8cc68453a513a,e4734fdc99aa23f01ce3e76b9ffeefc1,,b5480a92f87b433b3c1bf475550e0d963fe5d1c0cbee4a32becc717cea7b9936,,
b550e28dc44265ef6bb5df0c2d63272b7bb429380175fbb9cc8eb2fe1c7fb8de,cgt,main,0x3aaa5474a09804b08120e6e33bfc433367ab238c,db4d04f244c3bb51ccea4b9775bada6a,14d40886fbdbbd19c6e4d2619a90856a,,b550e28dc44265ef6bb5df0c2d63272b7bb429380175fbb9cc8eb2fe1c7fb8de,101|104|107|113|114|115|120,101|113|114|120
b550f66c9f7610f5eadd81dbe72a12097f4ae2026c5469ed3b7faea69d76c12d,cgt,,,ae4dab5bfe494b798c79e582cc5ae58b,35c6fe4c18a1c8b501fbfa4500eb785d,,b550f66c9f7610f5eadd81dbe72a12097f4ae2026c5469ed3b7faea69d76c12d,128,128
b561b929e4aeb7065f1060a5a71bde81472dc57efdd77e194e052fef7a6db081,cgt,main,0x56f61f116c536b3c0150411534018cc2bd2b2cb4,233a8c9db43f357073b6d2a67840ec3f,377cea3f05cc0f929771c997985fb230,,b561b929e4aeb7065f1060a5a71bde81472dc57efdd77e194e052fef7a6db081,101|104|107|113|114|115|120,
b59a8436a9f9b3a15011391d010b9736192d0c3136b612881743404529b784a7,cgt,main,0x6f4e647f553397dc999382ad3a9c5336c5de27aa,4c8804c82d0ba833f421d3db8db372d1,83d5ae79115d4c621ac56e1805f54fe2,,b59a8436a9f9b3a15011391d010b9736192d0c3136b612881743404529b784a7,103|104|107|113|115|120|128|135,103|120
b62ae5982471bc7671cf2d624e0aee6aaf77c25f34cd359a00a23e8913c70d62,cgt,main,0x198cf24375eccdf599c624d10f0c6fb9b75ec215,fc961b2405a396c7539a1b26c10c230b,21ffe34889826247ecaf81c2a1455461,,b62ae5982471bc7671cf2d624e0aee6aaf77c25f34cd359a00a23e8913c70d62,113,
b67ba780605cd2f6a7cdf76dfb27cb4779612e3049ad9155fa442c110e8f021e,cgt,main,0x17c3b17843a7dd182ba35d21a88a71d6c4af216a,a46c2b0b9c9ba0e09ef623903043d439,7bedbe00b27e112660adeeb8635a3786,,b67ba780605cd2f6a7cdf76dfb27cb4779612e3049ad9155fa442c110e8f021e,115,
b6a578e74b20009c6d1d08104cf85dc26aa48cdb3c5f0b51265aad5e3ddf8bff,cgt,main,0x493f121b6f769fc8dbfb47ab834b13561d835009,600c84df871c34e55b5c239b23d76e66,bb76e4a3d1cc710293bc35fde8ff40fa,,b6a578e74b20009c6d1d08104cf85dc26aa48cdb3c5f0b51265aad5e3ddf8bff,107,
b6ed56526054847d0fd28279389891088b1b1808f173dcc860517a968c0d17db,cgt,main,0x815bde5591933ad1b025b6a34462d7ec02c71710,678a516b042961764d17323264afb234,1b60b6c22d3386792b222f1b0ff7c1c1,,b6ed56526054847d0fd28279389891088b1b1808f173dcc860517a968c0d17db,103,
b6f41ef1128cff1eb1360e5ed23c77cd96f9366694427051b0bb25c4925d0f98,cgt,main,0x580f18c090914eb9edbb3d6a810c9789a91c7ba4,c7d62c6bd4b80bce81608ed7374818bf,5823ab1067317a0fe3afa98f89f0b8d1,,b6f41ef1128cff1eb1360e5ed23c77cd96f9366694427051b0bb25c4925d0f98,103|104|107|113|115|120|128|135,103
b705033e7724bf6e2efce0097c0391608cfff8873aabfcca090fc87695db148d,cgt,main,0x3eab9a2fa76f16cdc46e707ff928f7995886dee0,97be1fe94685e97f7cdbc61708601015,893006dc5cb2f9a0828307e3ce20dc07,,b705033e7724bf6e2efce0097c0391608cfff8873aabfcca090fc87695db148d,101|104|113|114|115|120,101|113|114
b7982e035cd36a4ac33c6a460e92c7297eccfb7d0d066db815fcb15ab0fcef68,cgt,main,0x491ff72e7b511123b6a6c074fbaef158546982fe,44ac0e930aafd9e2caa0f3bca2a5d09e,feb18b6baa4409eae1ea703d38e6f7ad,,b7982e035cd36a4ac33c6a460e92c7297eccfb7d0d066db815fcb15ab0fcef68,107,107
b7ab8378213a328bc3930f2d6c5a7e8bdc2832e49cb22eba0fe157eb21e9ef44,cgt,main,0x943e99d9efd4b44d808f6c83373a9a2c1e15e0f8,4080834c667c86a88e3c06dcb0a907dc,59b1dc772b8cdcbf94cf1ecc3902c8ba,,b7ab8378213a328bc3930f2d6c5a7e8bdc2832e49cb22eba0fe157eb21e9ef44,103|104|107|113|115|120|128|135,120
b7b340b0c537358c335115a99a7be75d20a5c9d65d473ec98418fccd8279a8d0,cgt,main,0xf3cfb35afdbffea20892488ba7f1574adda81b9d,eabe2256574ba2111bbe33673a72ab64,4f04e00b50be7fb26cad59bdc3c1803e,,b7b340b0c537358c335115a99a7be75d20a5c9d65d473ec98418fccd8279a8d0,115,
b7cb3dba39c277736ddaea397858e1cfd6e735fb295c7fd1a6949547278f09b9,cgt,main,0x305559fad8e637876e0a142bd65e609e42589387,9363e13aab8d9748f9a40dc3f012abdb,e03424450dbb49aad43abc1b1fa85bd8,,b7cb3dba39c277736ddaea397858e1cfd6e735fb295c7fd1a6949547278f09b9,104|113|114|115|120,120
b7cd68b21a7f5aa8916d567a6a5fd311c336715e23806cba65d0c800700b33f0,cgt,main,0xb0ceaa9cc523332cbef9fc606221cc0bc2d0872d,7c593f14332d53d5acc7568ed1ca79dd,6fad61df3ce7124635c6f0993282cede,,b7cd68b21a7f5aa8916d567a6a5fd311c336715e23806cba65d0c800700b33f0,101|104|107|113|114|115|120,101|104|114|120
b7fda056afb0b60e1e197a2f8412d9d467f28132014c45b70dca9f487cfaa2f3,cgt,main,0xc5e8aaec3bd3ebe78b5bcd0f1560f0a61cc945cf,3319b78385a8d8eb920ec5ec2c258b22,9dd28a94e6aa27ecee8f7bb5c0e278a2,,b7fda056afb0b60e1e197a2f8412d9d467f28132014c45b70dca9f487cfaa2f3,101|104|107|113|114|115|120,101|104|114
b815945eb2f85edecabdf520c5fd6bf4ffe3e6ce395e9fdf0b719e7a1c00e480,cgt,main,0x793ae8c1b1a160bfc07bfb0d04f85eab1a71f4f2,f965ddf68b2ceb9f87f9dd880dc22b1b,ef884b5bd0ff140cafa8f4f2f6e896d7,,b815945eb2f85edecabdf520c5fd6bf4ffe3e6ce395e9fdf0b719e7a1c00e480,120,120
b8450dba654ba369406b4daa0ae51335ccd05c64056374455f54c7e90c94372d,cgt,main,0xe9a3217b3e9c7384dd62c0159ab05ea00ab4093a,4b95f09e1ed20791122c193801537c57,4f2e54d1b55e05180005ccc5d9a00745,,b8450dba654ba369406b4daa0ae51335ccd05c64056374455f54c7e90c94372d,113,113
b85c306f6c45b02a9991928fc529eb71633a0c184820c78c259e76d7b58c6649,cgt,main,0x4523351ffb38850978e4e36250bfb452ba4a1241,5d295bdb7fbf9666025623afafd91867,b2226fb472194d86b190b0383f44778b,,b85c306f6c45b02a9991928fc529eb71633a0c184820c78c259e76d7b58c6649,120,120
b899c16b4951abf65d3fe55e332e38a377cd96e0604fa67fbc8df1f212e2d45f,cgt,main,0x1e143b2588705dfea63a17f2032ca123df995ce0,90ce347f3ef04b5cf9912180367c1c13,b24c57bfa12a33363f31644661ecdd47,,b899c16b4951abf65d3fe55e332e38a377cd96e0604fa67fbc8df1f212e2d45f,101|103|104|107|113|114|115|120|128|135,103|104
b8a6527b94c5c61b25b31fa303777c5499f222b5c4c1bbdee10434a2d75c6b77,cgt,main,0x60f0ee673e413e1c134d1497eeecce8ddd2fdd74,ff8dec571caaf5b036e13ce2f0c00255,89d1c37b6083bcc7d189c4a4ecc8d5e9,,b8a6527b94c5c61b25b31fa303777c5499f222b5c4c1bbdee10434a2d75c6b77,101|104|107|113|114|115|120,101|113|114|120
b8f907bd913ea1c527d0188994aecfee4562dad83e51d5c2bdec2d3736e21125,cgt,main,0x806a6bd219f162442d992bdc4ee6eba1f2c5a707,ee8e0d463a8566d2bf0bf0948112b192,e7a231e13cb90dcf49070db8650b8f9a,,b8f907bd913ea1c527d0188994aecfee4562dad83e51d5c2bdec2d3736e21125,104,104
b90aba36fd74b1206737ea0512d2d460c6b83081798532c38116703feba5989a,cgt,main,0x7fd6d3537b39842cfe16e813851296d4745b51a7,ebcb22e8704283f679108bc3d9150de4,53639a702bf51d22f768305aa6b91cda,,b90aba36fd74b1206737ea0512d2d460c6b83081798532c38116703feba5989a,101|104|107|113|114|115|120,101|104|114
b9181ba278a9153b02dfa8e1775833888c4dd0d7676e7cc0ac03688a46c945da,cgt,main,0xae506bb28ed79b29c6968ab527d1efdc5f399331,9e2407b92bef3cf04ddb9c03f527abde,9b2883774e39f136eeaa92db14e6a11a,,b9181ba278a9153b02dfa8e1775833888c4dd0d7676e7cc0ac03688a46c945da,101|104|107|113|114|115|120,101
b92071bf6829584cb7d4023a5fd8c3559d8962f2dee17140e3d8d88c2e18cd2a,cgt,main,0xccf09a5a9449b8d39e27f7fcffbb1a30ec29c8db,a79d57293b0b0f777fb2936b388e06da,fc4c67a7a1aac1001a92f89fd2350cba,,b92071bf6829584cb7d4023a5fd8c3559d8962f2dee17140e3d8d88c2e18cd2a,103|104|107|113|115|120|128|135,103
b95a12772d3077801832db5fc19e86767c004d6ccd62eee6687fc17d565b400a,cgt,,,f57b959e75d0798c6bcf912038c73378,0b653f61be56d0e7d90dea239a8dfcee,,b95a12772d3077801832db5fc19e86767c004d6ccd62eee6687fc17d565b400a,101,
b970ec9f188bdfc98dc52f3f6b06c96c808a98c84d1ee06db4429cff22c18f86,cgt,main,0xe3b6638f0c1c0fa37282fab6ef9457e457a1e9a8,93ded3d7ded537fe774bdb936d02cd35,48f01bc765c33c69b163f0d65de68333,,b970ec9f188bdfc98dc52f3f6b06c96c808a98c84d1ee06db4429cff22c18f86,101|104|113|114|115|120,
b9aedcf64bec6d0e1f5e56655ee7d0fcec9977eba943e5f72639d87b2142b882,cgt,main,0xa0388ffb2a3c198dee723135e0caa423840b375a,dd943668e2a21cfe17f251d9e0c24fb5,e7ca9ae6c924193aae782f7fc18b54af,,b9aedcf64bec6d0e1f5e56655ee7d0fcec9977eba943e5f72639d87b2142b882,101|104|107|113|114|115|120,101|113|114|120
b9e54bb176f0eaae4cd6a08b5d7a548296325bfef574d37b7407e983fb0e79b7,cgt,main,0x017214d55f5daac38f5f7547629f29ead7fa1c3c,29e8cb09cb4e457a053ebee47294b82e,027d2a4f21968e371b97beac95f393a2,,b9e54bb176f0eaae4cd6a08b5d7a548296325bfef574d37b7407e983fb0e79b7,114,114
b9f083f33392d1767e13b52bc6347edfea3b08ef08fc18830e0946c088be2727,cgt,,,47d419fcee65d3b9025759edac36be83,f81531a29ef5deb4cb739d9678585843,,b9f083f33392d1767e13b52bc6347edfea3b08ef08fc18830e0946c088be2727,128,128
ba46e5b9d925b466d8a7bb5c7a7b9485d5c76b3b10af31ba47c065b7ddd3d868,cgt,main,0x524960d55174d912768678d8c606b4d50b79d7b1,c9d04813fbfeaf6bb3e6b3d13ba84346,768e16837e036b5d566d6a852b77619c,,ba46e5b9d925b466d8a7bb5c7a7b9485d5c76b3b10af31ba47c065b7ddd3d868,104,104
ba5f439bc30deccb2eb92d797bdc8fa6231bbabea14afd26a0ffdd680109b1ff,cgt,main,0x391f2a512b3d30a9f213f770d8557991b10cf981,174fb54305c46805d47abebf836c1228,e282ac7de47a999d31d36d1bafa30508,,ba5f439bc30deccb2eb92d797bdc8fa6231bbabea14afd26a0ffdd680109b1ff,114,114
ba6cd6d9e074c15b56549c879e976a615dc6790297c487a1f6b963d28b9b86b2,cgt,,,7627b9066b93a949ec8eb07dce4b0b11,5c5fab649b64ec8be6da0ebdb34f79f2,,ba6cd6d9e074c15b56549c879e976a615dc6790297c487a1f6b963d28b9b86b2,128,128
ba8ed6c54723ba78c80b6ba2d443bc63370fe397dc02c37559c0c925956ee554,cgt,main,0xe6dde79a09d0387947661748669b70439500c64b,09f61bdd9ac7755a1fc8b429fd67051e,220517553ab1363149fbeac490ea39c7,,ba8ed6c54723ba78c80b6ba2d443bc63370fe397dc02c37559c0c925956ee554,101|104|113|114|115|120,101
baa582a48feda77cf9f79311ea3f93a2cf5208c9a7bf9965d82cd719a814b905,cgt,main,0xda4a4626d3e16e094de3225a751aab7128e96526,281dc887d3e71587d31702165977b136,a51b7d0a0925ad5bc688107deb124398,,baa582a48feda77cf9f79311ea3f93a2cf5208c9a7bf9965d82cd719a814b905,103|104|107|113|114|115|120|128|135,103|104|107|120
bada601f77e59d1f909082241f469c812b29d09eef441f4f74106b88c4ef4041,cgt,main,0xace62f87abe9f4ee9fd6e115d91548df24ca0943,c74c4cd70d762c5f5dc1526f01d32639,a92576176840f703fcc7e7208ffc81aa,,bada601f77e59d1f909082241f469c812b29d09eef441f4f74106b88c4ef4041,103|104|107|113|115|120|128|135,103
bafd9511c45281893e3dd9b56df4f1ff34287a1bdff049ba5a0afd9dec564180,cgt,main,0x89c1b3807d4c67df034fffb62f3509561218d30b,596b9fc88fedb7d58ab39d30b4ed7e32,b825007bbd7148e83de85816047e9771,,bafd9511c45281893e3dd9b56df4f1ff34287a1bdff049ba5a0afd9dec564180,104,104
bafe0afc835e0f5708780de32d4ec083b494d500d5ea7cd53f161e40812d6a1d,cgt,main,0x300551c319d530e5867ff8e8082946a3bc10978f,2223e15aea36fa72cba5bfbb1f94a82c,c1fc43fc58be84740bbb54f819ba093b,,bafe0afc835e0f5708780de32d4ec083b494d500d5ea7cd53f161e40812d6a1d,101|104|107|113|114|115|120,101
bb0f831b5225a088f56f7360cdb4b2c5be94788bbe42c2fbb190fb43e3b0d5e9,cgt,main,0x3ac26f27595effeb5e426bd093081ec30ebdd545,3b05511412bc5aac1db766bd6a8f1a8a,b42c5abe1eeae3d12dec8150476ca958,,bb0f831b5225a088f56f7360cdb4b2c5be94788bbe42c2fbb190fb43e3b0d5e9,101|104|107|113|114|115|120,101|114
bb29dfe658ca70c2c70b47067f0297558be44791c4963176044e2f3072062619,cgt,main,0x371715dda4cf2b4ca22c5995da8a86bc7c21837e,72f486e857b24fb14a1ec9be01b39e36,973a2fb49f255f631397f219f19f2d58,,bb29dfe658ca70c2c70b47067f0297558be44791c4963176044e2f3072062619,103|104|107|113|115|120|128|135,103
bb2fa218791f9e4a25915c034275a69786bab6d261205f9186ed0054df493d99,cgt,main,0x55d035ba1f4ae932cf98125b93d830d9858cd39f,5964fabee4edde8274fdc23d0261e293,d4098bd961ae3a873a362ae1b39e09af,,bb2fa218791f9e4a25915c034275a69786bab6d261205f9186ed0054df493d99,101|104|107|113|114|115|120,101|104|114
bb5156ad58d106951f9fb831c122a323b6b05fcbf1324e9974078126bfb814b5,cgt,main,0xd6362516c7d7934fa2dcec4be8fd4fca79e98bc5,14ccf2290a9cbee1ec4a19f6d849cfd4,c3d9c1d56ebffe644958fb035992d9f2,,bb5156ad58d106951f9fb831c122a323b6b05fcbf1324e9974078126bfb814b5,101|104|107|113|114|115|120,101|113|114
bb51d5b0498c497fb53d59094ceaab175b6b6a0d591ae0ec4b00de33603d64a5,cgt,main,0xd5a6c08e339ce818a47a34d17089b17bbc062473,1298a7dc1fac26a3c2659a4e1d84f278,688b01690be381a4d54651213a8ecfd2,,bb51d5b0498c497fb53d59094ceaab175b6b6a0d591ae0ec4b00de33603d64a5,101|104|113|114|115|120,101|113
bb59cb81a1b6ecbc629cd3d5cfee484155819bfb498f101fcb84739dae2d5d56,cgt,main,0x11d4ec0991951b5ea20a1f3bf0c9e36e054b1e55,1414defa8ebfd4d096aab4a2bb8f04fd,383deec08608ce6daf1e42be8aaa8a3c,,bb59cb81a1b6ecbc629cd3d5cfee484155819bfb498f101fcb84739dae2d5d56,103|104|107|113|115|120|128|135,103
bc1f36b27d63f5294437be7a43dcc1dca0e3e3258be15b6aaca3fbee762b6eec,cgt,main,0xfd39bd49ab3df4eda75a23807dab186d4902f924,775a2828efebcb76600a1ff249001461,4cffb12fbb3549dc0ad1ba56f06480f6,,bc1f36b27d63f5294437be7a43dcc1dca0e3e3258be15b6aaca3fbee762b6eec,101|104|107|113|114|115|120,101
bc4dc3a9d62b0557561b4ab815d1077dbd53cd4bee0249fa7cb472ee98b1e4ea,cgt,main,0x60acd43314d93f38507f3fd12e84225a5a099229,e4e0287ed1638a2839532fb573b7a682,2cb26b9f43940aa6421bf15e13f41cbe,,bc4dc3a9d62b0557561b4ab815d1077dbd53cd4bee0249fa7cb472ee98b1e4ea,104|107|113|114|115|120,104
bc5678e8bff6e19936c47c7b4dd98972ddabdc443dd13dca33c99281819b640b,cgt,main,0x456d6956f4c2819e2ebc5eadd56d18128bb208e3,106ec4af3268770f74154dd817824aeb,202edbbd5ddaf6c65f32c5d25fb0d68f,,bc5678e8bff6e19936c47c7b4dd98972ddabdc443dd13dca33c99281819b640b,101|104|107|113|114|115|120,
bd0f25eff61c4a0a76ec316b239da9ea78fac7ef789b20b5b5eba30538f17aa1,cgt,main,0x622cd54deb2bb7a051515192417109bcf3fe098f,2317e822a84051be9ffb2b0123f9b171,6be309a5c348aa66f76b8d9c563757ff,,bd0f25eff61c4a0a76ec316b239da9ea78fac7ef789b20b5b5eba30538f17aa1,104,104
bd19e2cb724340144acbee57dcff1ef336dc7d6a26afe98cbb9507b933e4fb71,cgt,main,0x1c3e274a4ecf4fc0afdefbe53bd1d36f63c7124a,46082504c2fd74c653da2ac805b7d86c,5116c17b824a2e3d34cd8b451b042daf,,bd19e2cb724340144acbee57dcff1ef336dc7d6a26afe98cbb9507b933e4fb71,101|104|113|114|115|120,101|113
bd1bf55cf593880ff0a407b5d0bf2a3b7c278b921d0fd73e5966ffe2ed4c5ae3,cgt,main,0x4c2c4511ba8f5b5f356adf7eaebce8dd2ea9a9c6,a7f5bdd4f64f9deff050034e4ffe89b7,870e912ffce1c8a233b6f713b6ef29ac,,bd1bf55cf593880ff0a407b5d0bf2a3b7c278b921d0fd73e5966ffe2ed4c5ae3,101|104|107|113|114|115|120,
bd4d77f5ea147547367507774c406c7db26dec51c75bf343e6c9f7b99104435c,cgt,,,5d82ac13d3217d91262ada390db342c1,16ff2d931934f3602bbedb97bbc6e79d,,bd4d77f5ea147547367507774c406c7db26dec51c75bf343e6c9f7b99104435c,,
bd5b15539677437deafca43da274af86b516cfab5b68b072372cf43ea1aab055,cgt,main,0x26d08b9d227933a85e855656dc46ab889e183c88,a6c43d513bcd3488a33336c33d5506ef,401f76666128782b7c0c998ea4db4824,,bd5b15539677437deafca43da274af86b516cfab5b68b072372cf43ea1aab055,103|104|107|113|115|120|128|135,103
bd83f05873dc0e27ed77c399512e76c1ef84b887df20b6aaee03184a767ea8d2,cgt,main,0x286bda1413a2df81731d4930ce2f862a35a609fe,3ff5d7eebef47a93e3e43e63046a63ba,a461bb083eb7d4f90e6381831a6035ff,,bd83f05873dc0e27ed77c399512e76c1ef84b887df20b6aaee03184a767ea8d2,103|104|107|113|115|120|128|135,103
bd936b97ec32d02b9211d4ef2556abf0ce8fc078f27c2d7b3599bf4beccf5745,cgt,main,0x50ae8d7c70c33d1f40b36c75fe9f560646134dd5,10e65f00a5532b44d266740c3f6f48a9,08b2dfe9fdc9a5cd94963ff91830fbc8,,bd936b97ec32d02b9211d4ef2556abf0ce8fc078f27c2d7b3599bf4beccf5745,101|104|113|114|115,101|113|114
bda122949b1c2fab19c1abea0cbca311578e3095387d4a96d1276205a292f797,cgt,main,0x7b9e81ec3591b570aa2c9fbec77f7dda76ac4f6d,09fed46b39b39ce9524dc23f4ad65d83,98a5a9b58df4e064367fd4f0b96be2eb,,bda122949b1c2fab19c1abea0cbca311578e3095387d4a96d1276205a292f797,101|103|104|107|113|114|115|120|128|135,103
bdbf8f9b79e4abc96509e67ffa63c780495c1132cbd730173eb9301e597425a6,cgt,main,0x40dec1ebd93fbe7a088eaed7eb0d9928657647a7,5ef1178ada2319c0e4b8f5eccbe34a44,9ac91afa6461761824fec5ddac7da80c,,bdbf8f9b79e4abc96509e67ffa63c780495c1132cbd730173eb9301e597425a6,101|104|107|113|114|115|120,
be48cfb924d76a25c215855b2a013032f27f0f5504c4b3f30ec8ef250b20594f,cgt,main,0x9d06cbafa865037a01d322d3f4222fa3e04e5488,6deb8ee68b18bfcd9412cd7707908bbc,d3b9aab1b6349b39a1112df6bd564948,,be48cfb924d76a25c215855b2a013032f27f0f5504c4b3f30ec8ef250b20594f,104,104
be5cfbf9a36ac1e796d419f1f574a407e0d49ab3487ab5399a2d53d1c6bb19c7,cgt,main,0x85169e1f0d8c2f27dd44f1cfbb81172dfeafe7c1,d02d976479bc025bcf7e4101123b82b7,1a3599d4bfb32cbb2499f5c49c882259,,be5cfbf9a36ac1e796d419f1f574a407e0d49ab3487ab5399a2d53d1c6bb19c7,101|104|107|113|114|115|120,101|113|114|120
be7b09693ef672c2b5387741ba269cec165da885e81142c3b59be86afa88b5d9,cgt,main,0x26c4e381ffbdc825be9b986c3ba40525f0771e8d,8aac41eadec402cb0e0e1df3e7c3b68c,b05aec14b4160f598a25cb5073f80367,,be7b09693ef672c2b5387741ba269cec165da885e81142c3b59be86afa88b5d9,107|113|115|120,
bea2c80829f643eab10c50c51205f039756d59ecaf45b520b605194c71d9188a,cgt,main,0x1d9e61248f88dc60889bb269fcf2244827f3a682,4741dc99fe864b21aeaf01ec40d1bf4d,3d0bc2e98301961d63deb8df9db398c3,,bea2c80829f643eab10c50c51205f039756d59ecaf45b520b605194c71d9188a,101|104|107|113|115|120,101|113|120
bebbe5cd57b779dab68fd6a3791ec2b83dd6b6d27d3f03c7c0012ad85306d0f3,cgt,main,0x615ed6779507f223d04722d43ccc0cd871964e2a,2a182da8cd8cf4a0c4c1d0926b68eada,d196425d62b3c97a45ca856c446c8a09,,bebbe5cd57b779dab68fd6a3791ec2b83dd6b6d27d3f03c7c0012ad85306d0f3,103|104|107|113|115|120|128|135,103
bef7cd06d0f4416920d4f7e8f6ebeecc973e2a9735492d67d13ba86472916d0c,cgt,main,0x4490f9807965c49a2471bd7b121a80f0b3861e5c,f2a432f8ab29b59eef56f9fad58dbb2b,49f4712a3f0d1d7a6e86cbe244d6aa8c,,bef7cd06d0f4416920d4f7e8f6ebeecc973e2a9735492d67d13ba86472916d0c,103|104|107|113|115|120|128|135,103
bf1d18bb79e695ed7bbabe1825b93d417668641afc4eeb641f8d405b5ae19443,cgt,main,0xce3b5ffca16fff926c890f0885a3e90ceb89db0a,18b71d7918c2594fcc5f6a6f6d11ef4c,3c4b6b0ce018012ec70f478127687302,,bf1d18bb79e695ed7bbabe1825b93d417668641afc4eeb641f8d405b5ae19443,101|104|113|114|115|120,101|114|120
bf5657d9b80b7cec5fff4f6c7a37714c32e4c62a091fffc51dd74adaa24f3460,cgt,main,0xc68d1fc21e05d135eaf640aae84a2a9dada69672,19083f4c44a144d4dfe4a3e6be382a68,4970cf536cf46518b555f9460cb72547,,bf5657d9b80b7cec5fff4f6c7a37714c32e4c62a091fffc51dd74adaa24f3460,103|104|107|113|115|120|128|135,103
bfa8b6fc05d652664299ef6a753c7dec9851546fd12d9ed783f96d445f8155cd,cgt,main,0x14cf6193935b17fc72649ba420fdd5bfdf1f0001,2879d85fcfbca8f55eca012432944b4d,5f348cc4095cc7c80b09b107aefbe012,,bfa8b6fc05d652664299ef6a753c7dec9851546fd12d9ed783f96d445f8155cd,103|104|107|113|115|120|128|135,103|107
bfceaa7c4f42e8c12e57667f3f971749fed82bfb37701f82c58508100c534027,cgt,,,35113f1b97a0e4ae6c7419592aefff96,,,bfceaa7c4f42e8c12e57667f3f971749fed82bfb37701f82c58508100c534027,120,120
c000758111ef1e2ece91ab95e1f56a48f33281b73583a818ecbc300cbebf8d6e,cgt,main,0xe34af3096b86cd2be270de183f5d85f9f23e4193,909cd6bab511a46ed6ebd87a6d1992da,d7125d6bf7ff0e8bcff9fcaee961ebb0,,c000758111ef1e2ece91ab95e1f56a48f33281b73583a818ecbc300cbebf8d6e,101|104|107|113|114|115|120,101
c0548bea6a8527fe4ba40344df336e137df931323d41cab4f93e4379f9bb01f1,cgt,main,0xb57b9206d75c1bb02cb64f97fb5176eae731a62d,301e4c56413cbf96ee43d7eef8b028b9,7f2df6b80f34399c8d8e2f5ce45d78d8,,c0548bea6a8527fe4ba40344df336e137df931323d41cab4f93e4379f9bb01f1,114,
c060261f35089a62f8b47edbc3421670ade32657d10eacc8844559f2ae087e6e,cgt,main,0x1d77340d3819007bbfd7fdd37c22bd3b5c311350,16fe2d6338edee7590b45a682f34279d,1f2365ece65b2ed095ac4347b4635598,,c060261f35089a62f8b47edbc3421670ade32657d10eacc8844559f2ae087e6e,101|104|107|113|114|115|120,101|113|114|120
c0bd9391b76c036da345e8b49cad19493ae57d8d2ca034d27d602d8ab2e390d4,cgt,main,0xc58d783e39aabe61a4bce8d4b5e7264e67c92c27,ab6fef17d74d5b9828cf9b05d7337662,be64e377c402534acde6220ffb28c301,,c0bd9391b76c036da345e8b49cad19493ae57d8d2ca034d27d602d8ab2e390d4,101|104|113|114|115|120,101|113
c0c7971d0f52a6c6799bc29e0584e891afae9cbc7ad268c78e683d5cb39fd392,cgt,main,0x5d39fcebe89ab0397947881539fd6dc7d99c6a87,ec19870fdddd40ffa8452ae8011ab460,e8d832f68b6e7f440be8dfb9ed918be2,,c0c7971d0f52a6c6799bc29e0584e891afae9cbc7ad268c78e683d5cb39fd392,101|104|107|113|114|115|120,101|113|114|120
c11d8bc5dac7182d8d4e447361dc1387d62222dadbdefc6781ff9482b31cf0f3,cgt,main,0x4d09c5e758ca68be27240f29fb681e5a5341ca98,d9b2dd1a6f32ee74475628ed1447ff92,85dfcd64ff46e777cb833bbc381171db,,c11d8bc5dac7182d8d4e447361dc1387d62222dadbdefc6781ff9482b31cf0f3,103|104|107|113|115|120|128|135,103
c15dac89741866f7be48b58df8caf210740464e355b2a38c782b7268d5174d0b,cgt,main,0x78c2a1e91b52bca4130b6ed9edd9fbcfd4671c37,b0ccedf5e164278d9ad43485ed141e45,a717c256ac5597f3b23801bcaa243e90,,c15dac89741866f7be48b58df8caf210740464e355b2a38c782b7268d5174d0b,104,104
c1697f5c01e438ae33f3e6aa0011a7923f4b4c835aeeb6472a2548b19a215e94,cgt,main,0xfacf38157f43af121d38ab7b82552df3cec69ab9,fe83c19e4cd9a839d67501f76b9cd1bd,4ec0f4e16fc02ca844a85aba5f08e319,,c1697f5c01e438ae33f3e6aa0011a7923f4b4c835aeeb6472a2548b19a215e94,101|104|107|113|114|115|120,101|114
c1896f676c305f3ef95326a5f1da874236a84537a0fbde47f312b762611d17ec,cgt,main,0x2a3147b1033467b4ab448aa6429905a8e49917ab,12a31650faaccefa55ee89263c43b74e,488e33df6fbfdebded5f3cbf65fedfea,,c1896f676c305f3ef95326a5f1da874236a84537a0fbde47f312b762611d17ec,120,120
c1a394163b9af1076c84d2941f0b67f14827b697ba421057a5e8473646500f45,cgt,main,0x35bd607db942fe1f10ce12b309e3a67e16660fe1,45d81f840e2defa68d108afc38e3d6e8,150008ab188d74067c41f3a4b14602b2,,c1a394163b9af1076c84d2941f0b67f14827b697ba421057a5e8473646500f45,101|104|107|113|114|115|120,101|107|113
c1af721593196c0df6984229aa4038ac0095413d0bce62253c6ecc6b04134f12,cgt,main,0xa9b192ff49b69ac99c55ba7fecb9dbc691ce55d8,12993b318a3bfd97e2397924e7354730,64bf3f132112ac08ee692491677af526,,c1af721593196c0df6984229aa4038ac0095413d0bce62253c6ecc6b04134f12,101|104|113|114|115|120,101
c1b8dcd1ee435be19ebe134814171dd7a22d7b6e6d7390661dc82bc0533f20f3,cgt,main,0xfea61dbc3b9882efcd139a5e28b32234b9c76aea,a3f4b3f58fcf00010951076fd1925f99,0924cf2adbbf444d0359845b19e8e980,,c1b8dcd1ee435be19ebe134814171dd7a22d7b6e6d7390661dc82bc0533f20f3,103|104|107|113|115|120|128|135,103|115
c20671bd5fa971eae46ec0a28034326b6a2ea6e0792e46fc4226d4564d3da362,cgt,main,0x635783f8dc5e941fc142235ea44cc3529c17695d,c9be81772651da223ca6f4b73e9f185c,f37ec36ab4e39f2f6c46ead788c1e6b8,,c20671bd5fa971eae46ec0a28034326b6a2ea6e0792e46fc4226d4564d3da362,103|104|107|113|115|120|128|135,103
c248308d971ec19dd402a165b66c563b17498f6a47e02f10ee07304797f49088,cgt,main,0x820d413cb4c38d3b328cefc3e661072102d3898e,faf3969ffdddb4cf10187b9eb3fd48f4,8ecff87309ce0cc56505b08324fcf981,,c248308d971ec19dd402a165b66c563b17498f6a47e02f10ee07304797f49088,,
c27a64f371479b5fa8a05280f3b1c26f3d667b43540a5dc822c2aaab8796423d,cgt,,,e8690c7e3dcfa15c0b5140447e0a4464,a71045cc07354b42d1d02195567f98da,,c27a64f371479b5fa8a05280f3b1c26f3d667b43540a5dc822c2aaab8796423d,101,
c27eaff9ac6cfe7a794e733a4f9c6e91e957ca135456681a40a2aa18c5de2cd0,cgt,,,5ccee54a96b8e728e7a19a6aa63ad7f1,3d97475e1e8fed9ab9fa8bb7e2e6d381,,c27eaff9ac6cfe7a794e733a4f9c6e91e957ca135456681a40a2aa18c5de2cd0,113,
c2c373b56ed07e0d6f0e12eb661974599c767c232b1d9adaf0e172ed468bbf69,cgt,main,0xa0fd10be97cca603450373cdfaeb08316e684360,76bd1cf37e26720bdcf1bdbba602d324,bca3520b023976d58b60d3e2f06c27a4,,c2c373b56ed07e0d6f0e12eb661974599c767c232b1d9adaf0e172ed468bbf69,101|104|107|113|114|115|120,101
c2cedeabc8c0f761b53e665a1dca6ae236b5e1b90f09f44f2b39ec28c4f57a11,cgt,main,0x022f41a91cb30d6a20ffcfde3f84be6c1fa70d60,1235b5d163034a580dd3e8724f6e7191,63e9f43995e33261cc609762a5ce030e,,c2cedeabc8c0f761b53e665a1dca6ae236b5e1b90f09f44f2b39ec28c4f57a11,107,
c324f74c70acb2558a0b1a124665b5934fcd894ff358273dc7962abbbf623599,cgt,main,0xa1fceeff3acc57d257b917e30c4df661401d6431,393fd2c16e16f3c9fdb2411be7f0fad3,f6ef694a1344946d66ea85e598a1b54e,,c324f74c70acb2558a0b1a124665b5934fcd894ff358273dc7962abbbf623599,104,104
c32d74bef902f98f579225a28ccf806d1f8f11519e9097c05a148d3a03140adb,cgt,main,0x63065b3d5211a527bd0622250410d7f251a8148c,18c0df64273fdf1d231deea6b3d29164,8820c37d382c99a2a3705f2fa53e53a7,,c32d74bef902f98f579225a28ccf806d1f8f11519e9097c05a148d3a03140adb,115,
c32e77ec69c1abdf0b41073ff3cc6e71ffdc44811c0947c4bd948a2598137fa5,cgt,main,0xab1ea6360caab4825fc1a7bc4ab0fda5f484e064,23d2af8af0cf7f9011bb875dae170f11,1f71222a318d97c3612f06d6954f3440,,c32e77ec69c1abdf0b41073ff3cc6e71ffdc44811c0947c4bd948a2598137fa5,114,
c33005f4a028921e69bb8f68ca8904265426a6dc38cb6a1a823e51151ccc0d9b,cgt,main,0x1296d3bb6dc0efbae431a12939fc15b2823db79b,26b5fab116c5bf32d099022a134822b2,b5b4a05da133284fa0203a4f94625f05,,c33005f4a028921e69bb8f68ca8904265426a6dc38cb6a1a823e51151ccc0d9b,101|104|107|113|114|115|120,101
c33fe7457078a5e272219add937e52357f14407502d38e64a4c729ac942758de,cgt,main,0x14d4661c507ed8a3c7641e08f3b3c6c69792ba14,7439b8daebacad8d934604b29d961b3d,41b5fd6d569d9ab2f4fd3eb952ebf503,,c33fe7457078a5e272219add937e52357f14407502d38e64a4c729ac942758de,115,
c342e6f89db88475014521ad8c1ea17c54f7ab3cac9f6f04d7f7948f20331ece,cgt,main,0x629469c8db3a4d7bcc3a823effcf8900119ba7e7,8b5e2796a68446a453d478bcbaf2acf3,f14dd0c06050848a87200e23594a57e4,,c342e6f89db88475014521ad8c1ea17c54f7ab3cac9f6f04d7f7948f20331ece,101|104|107|113|114|115|120,
c35b09bd02ee1e676007d57e06220527d8e7981e69c7596b8796cccbfe8e6f53,cgt,main,0xd3938e46a27a7402f5d6421da298463a73f069c7,0dfd15dbb835332814cba9e5d889b193,d282663f7243de5b2ed27e235c62468d,,c35b09bd02ee1e676007d57e06220527d8e7981e69c7596b8796cccbfe8e6f53,101|104|113|114|115|120,101|113
c3a87704c1424db828bcaf7ff4ea7fd623caefad7479698165ee8a751614e0a0,cgt,main,0xae4f56f072c34c0a65b3ae3e4db797d831439d93,db3398cefade9eafc56d32ba89297f98,f9d172f02580e10cbcfb5c5d5d468945,,c3a87704c1424db828bcaf7ff4ea7fd623caefad7479698165ee8a751614e0a0,114,
c3e469ca86e4593701598450239eea069df2f41a897b477a08a78570018fff82,cgt,main,0x0096800019bf4eca0bed5a714a553ecf844884c5,d8a8cfdd7937bcf82ce1882b2816d9ca,a3fefe8b1084b131f6e36cb4443086de,,c3e469ca86e4593701598450239eea069df2f41a897b477a08a78570018fff82,101|104|107|113|114|115|120,101|107
c3eb511e2d74830dea87be5a7788890d9c0282df0211552c6eb2eab7257ee3e4,cgt,main,0xe43f953a39a4681ac36f72977ec6998adc3d9f6a,fd5fe199ba9e23f32a28fcd8d7eff7b0,274d30d512ffb438e81bc261bfd835f1,,c3eb511e2d74830dea87be5a7788890d9c0282df0211552c6eb2eab7257ee3e4,103|104|107|113|115|120|128|135,103
c436411bc184e2fd575a021b25d8600ec94b1ddccf24f198cf66f17e2273cd44,cgt,main,0xbb9bc244d798123fde783fcc1c72d3bb8c189413,86125aabe5606b566ed6a678c3783859,5e3e31109f97da9bce3684872f9e9d9d,,c436411bc184e2fd575a021b25d8600ec94b1ddccf24f198cf66f17e2273cd44,103|104|107|113|115|120|128|135,103|104|107
c454c404b79ff4c88895c31de6f730640d1da1b03fbc05350e1af59485033182,cgt,main,0xf0160428a8552ac9bb7e050d90eeade4ddd52843,c11d8a4fb004294ae14c6034332d5686,87c37bfe0320152a9a3d52af8e6c855d,,c454c404b79ff4c88895c31de6f730640d1da1b03fbc05350e1af59485033182,103|104|107|113|115|120|128|135,103|115
c45d12a70f95681cd81bdc5e4c9d6f305473faf3e0bcab4f58bc90b8ad3f51b4,cgt,main,0x6b922dd2243de553ce56857d70c9d7622c70aef6,802c153b58e98ca19b5bd159c1428599,77f7f5c9e7bf05b81543c307117b37be,,c45d12a70f95681cd81bdc5e4c9d6f305473faf3e0bcab4f58bc90b8ad3f51b4,101|104|107|113|114|115|120,101
c495c2a61d58de2164e6b8ed2404bf130e622dc33ce0dae0bdf6225ce4385afe,cgt,main,0x24a57f642948e36e8f0ce0a4b3b940cbfe14bd4c,28effd9e42d9b934a26dec9956eca1e4,de2ed52dc5f4b666c7c22479decf502e,,c495c2a61d58de2164e6b8ed2404bf130e622dc33ce0dae0bdf6225ce4385afe,114,
c4a08010dc2ce89a0905de34444d09b10eff98990f8b4c2f9101f90293876a79,cgt,main,0x575cb87ab3c2329a0248c7d70e0ead8e57f3e3f7,75bcb7763b3d2c74cbba31d378fd58c3,f382887369529c88f0843146a3499150,,c4a08010dc2ce89a0905de34444d09b10eff98990f8b4c2f9101f90293876a79,103|104|107|113|115|120|128|135,103
c4a600d7796b0b8426466419d33235405b74a8a0355b844d3be54c067c3a2647,cgt,main,0x7a4349a749e59a5736efb7826ee3496a2dfd5489,273ac13bff665536cb68ed09ea7b2e2d,d81bd754fb48e614d71f5efe6b209f57,,c4a600d7796b0b8426466419d33235405b74a8a0355b844d3be54c067c3a2647,104,104
c4c1eb51074f5751232a8e5cb63713acd45c463215a51a4e5f8f1216ac21e389,cgt,main,0xe941e5d4a66123dc74886699544fbbb942f1887a,1357f73b698102bfcb57dc58b751e6ff,b012a197d2f2c0c65cc54599ab5b065b,,c4c1eb51074f5751232a8e5cb63713acd45c463215a51a4e5f8f1216ac21e389,101|104|107|113|115|120,101|104
c4e76a72efb6b3b4231116487e353c03c124b0f0d113fe91aa8f874877cf8935,cgt,main,0x9aa7889526708afdfb6c5222e47ed96bfdacb945,dd9af54c8590d591791e00d2370a554b,679a38a893f50df0f0111ab024b82184,,c4e76a72efb6b3b4231116487e353c03c124b0f0d113fe91aa8f874877cf8935,101|104|113|114|115|120,101|113
c51f7095e477f34a2ef5433678811c0e0074c5b6f09674c61e7332597fd0139f,cgt,main,0xcd3e727275bc2f511822dc9a26bd7b0bbf161784,ffb1404883fd4ea0b537eac00ed40d6d,605455adf07dc7c68d61fd6fe53f76ec,,c51f7095e477f34a2ef5433678811c0e0074c5b6f09674c61e7332597fd0139f,101|104|113|114|115|120,
c56a7b102f0a06e0c941824b1c89747dedc6346f3bb4576615f29c73fc859b7f,cgt,main,0x55d5b8fe471cc4e19d7f0fc17d7a98c0c72a5688,78165f1333934894512aaf9874a545f2,39b1a0bca3dba7b7765e03fe868e3a35,,c56a7b102f0a06e0c941824b1c89747dedc6346f3bb4576615f29c73fc859b7f,103|104|107|113|114|115|120|128|135,103
c59c39e4a1ac1d8fd78cdaae8296ffdd384b62242535f2ba625d3b687915d1ee,cgt,main,0xe158db4981bc51387c9b5b16f44244f1010ab325,8a68c91c7d69310b0d3df3cb2c9d1ffd,4265f969cd180110d4308ccfa03f923a,,c59c39e4a1ac1d8fd78cdaae8296ffdd384b62242535f2ba625d3b687915d1ee,113,113
c5a3c9fd5dd424424f9ebcc45edcb92445ec0be4a4457a2244c56c21faabdd0f,cgt,main,0x237f29bbfd52c768a02980ea8d4d983a1d234edc,35dc8d214c0c93d16e51a776aedafb13,f3be81e3eacadfe6bdda0a6f558c3b56,,c5a3c9fd5dd424424f9ebcc45edcb92445ec0be4a4457a2244c56c21faabdd0f,101|104|107|113|114|115|120,101|104|114
c5d5eea47f111750260b1504bd6b86553c88d9c0f23ead9d8f2560c77089c4f0,cgt,main,0x208d6ed75f6aacdb9c71099c0943736fddbf5989,efba8b449c3aa000fa17866f60127e64,e818cefe8988a6d00640d622db354eaa,,c5d5eea47f111750260b1504bd6b86553c88d9c0f23ead9d8f2560c77089c4f0,103,103
c5ea2575d44d1a04eba8e32d12df23dacd4eb2796582a4d97706f7f88372d4f1,cgt,main,0xcce9fd6aea9fc618b98198b13599d2a0419534bb,ecc0b8e307ec573300640249e3f88c21,f9ed5ff2a49fafb4a7a0655e65bf6b0f,,c5ea2575d44d1a04eba8e32d12df23dacd4eb2796582a4d97706f7f88372d4f1,103|104|107|113|115|120|128|135,103
c5edf0e8d2b19551f6b71d6997cf39a9072ec70190a4ddb1c7709a6711c16617,cgt,main,0xfc3c1c0550188c649f70e78787c8cd9ff9d3b8d4,25c10a1c61db92ec4492056fc0486e67,fe47f8e9a95fa90b08f28dafed7740b8,,c5edf0e8d2b19551f6b71d6997cf39a9072ec70190a4ddb1c7709a6711c16617,120,120
c604a7b2a7b62382dd589d2d1dbdc77324f3818fab5cab7e07b12be8de760a99,cgt,ropsten,0x7b04de2585ead5f5cbe539232f5e041d1122691c,9d5c6cbf25a914c730b1aeba67510e8f,,,c604a7b2a7b62382dd589d2d1dbdc77324f3818fab5cab7e07b12be8de760a99,120,120
c6217f3bbc14c360aad4824b37c5c311f534e49608069f24e22181696ed7e6fc,cgt,main,0x2097175d0abb8258f2468e3487f8db776e29d076,e0fa248cbcc4c4abdf851f6607532f16,b832f1838b9dfa02e1a3861ed7acf2cb,,c6217f3bbc14c360aad4824b37c5c311f534e49608069f24e22181696ed7e6fc,103|104|107|113|115|120|128|135,103
c6529c1fc484b472fab91a0c5bbe67c358917a69d736b1604b7f4e8d1a915b71,cgt,main,0x472d4827266f0e83d12feb52f785c7e22ab5f0b6,b665683b72894a922efc766983ccccb6,d6e2384d33a4043f63db353390f13f2e,,c6529c1fc484b472fab91a0c5bbe67c358917a69d736b1604b7f4e8d1a915b71,101|104|107|113|114|115|120,101|114
c6564b246d53fed42c4c8ab7e9d4259195ddba65bf158c8dd332214efb54e97c,cgt,main,0x728781e75735dc0962df3a51d7ef47e798a7107e,32c72e5ffeda0ac4bdc9e6cb2de89397,166dfc366e1d40fc49bd20579af9ea25,,c6564b246d53fed42c4c8ab7e9d4259195ddba65bf158c8dd332214efb54e97c,103|104|107|113|115|120|128|135,103|107|120
c6b940f92205dde1dc1397f8f5d5457562ceeffefcc5cd3b77f61188096fb2a1,cgt,main,0xd73f1bcb7143776cadc3faf6cdd089267aca184c,ae265a29265c5e6cf0915e55fe1bd8e6,8f2a89aef3621a6fca63f32213b15a16,,c6b940f92205dde1dc1397f8f5d5457562ceeffefcc5cd3b77f61188096fb2a1,,
c6e7cac9ae866f565d40b548b5ae002812afcb864c7ebe21445baf10eb3dd923,cgt,main,0x01bd70a0cc118bca4c70624286488e8f3d78a10f,e0b85ad0a4edb73c128c03a1a637ff75,a3f837a4e781b84d8f99b144a669f1e2,,c6e7cac9ae866f565d40b548b5ae002812afcb864c7ebe21445baf10eb3dd923,103|104|107|113|115|120|128|135,103
c6f9df10f0816889f68d88ec6d1092c3bcb3188f2938e33c5fb4c40b6f1754f2,cgt,main,0xac504e2a9c870a48de521ed513b251b1f7116dd9,3efdd11c0448bc7f6a8a516fb5017cc0,36eac71da141fc2c641a67388092047a,,c6f9df10f0816889f68d88ec6d1092c3bcb3188f2938e33c5fb4c40b6f1754f2,101|104|107|113|114|115|120,101|104|114
c720728fea1351a1a5474409f1d8d691ad769654b38b4bdb1eca759285c529fa,cgt,main,0x20d42f2e99a421147acf198d775395cac2e8b03d,55d12c83dfe6b9c914a5922386fdc016,1feb974d2da8f268fabdaf2306e08ae7,,c720728fea1351a1a5474409f1d8d691ad769654b38b4bdb1eca759285c529fa,103|104|107|113|115|120|128|135,103|104
c74aecaebd3bec139f138de72a008222dccf50426f37465e4d5a63d2a4020ef8,cgt,main,0x38f9a4fb39e27d6b9a7babb098703596bb16716a,5d758a4405d46b7d1264b3ca0514da93,67fb3e9ffe47c5a2e2cc5f23e50fa344,,c74aecaebd3bec139f138de72a008222dccf50426f37465e4d5a63d2a4020ef8,101|104|113|114|115|120,101
c74b23b684c190388a87b1a9ef0c2e3f53cc30e461d5677c007dd01d8cb08b87,cgt,main,0xf7070fc72e2b92c6309785a39338d7c919a3cf4a,6e75dde437326c98052963d045dc1b28,eed99d234984b5367953fdfd2595eb5d,,c74b23b684c190388a87b1a9ef0c2e3f53cc30e461d5677c007dd01d8cb08b87,101|104|107|113|114|115|120,101|104|114
c75334c78c7a9e06756a4938178de53e175842b49e7d31e590fbdbc0565a51d0,cgt,main,0x1d80f890f497b1672f9487862978032666179338,81dd75c18ba2b96a9975b6697d38dfa3,715f0c40d21e18b901dce81d30fbe0b5,,c75334c78c7a9e06756a4938178de53e175842b49e7d31e590fbdbc0565a51d0,120,120
c7920d2fc955eb6f33698c9af961e02e17aeeeb07238c3bce5be78fde0097e9e,cgt,main,0xcfaafdd4ec90985108c3f4847b14e7c733eaf575,79bd369c6faed1394db386317f12fde2,755554c3ba3eb67c57f7f6b5327956e9,,c7920d2fc955eb6f33698c9af961e02e17aeeeb07238c3bce5be78fde0097e9e,103|104|107|113|115|120|128|135,103
c7b4e67dc405adc7e82eef166177d5cb346f11ad0965cecee62b6507c3c893fe,cgt,main,0xacbfb851d69ef8eca1453d82f38b590268ca46b1,f8603904c667a37c2067b839b750b800,5413b9c0a922ba47dfd2aa8741420cf2,,c7b4e67dc405adc7e82eef166177d5cb346f11ad0965cecee62b6507c3c893fe,103|104|107|113|115|120|128|135,103
c805d9c8458b813ea764336ae3e1a2283d289ae2fb800d93ef65da9b3173826f,cgt,main,0x37b53b46fa74ac3f9b4340dc5a39aabb0f2afa33,a65815d05ea21488ae8b29e2fb3cd02b,60f91929f7cae6d24dc7bc260627688c,,c805d9c8458b813ea764336ae3e1a2283d289ae2fb800d93ef65da9b3173826f,101|104|107|113|114|115|120,101|104|114
c84bf6abf9736e2f3d7ac4ce7401a0f5fd908be37a2b036f9f0eceaa9c6526de,cgt,main,0x8e66ffe69b3f8d78f2a696e40c02f7454c0a01d9,262cfa03305cb316709c449bef760a4f,f80cce182db45edbd2bafd455b0dc19a,,c84bf6abf9736e2f3d7ac4ce7401a0f5fd908be37a2b036f9f0eceaa9c6526de,101|104|107|113|114|115|120,101|113|114
c8532fc65eecd7e998a11678b7154fd2114e821a1ffddd13401c70ae8229be43,cgt,main,0xa578acc0cb7875781b7880903f4594d13cfa8b98,f49459e9514e81e7d3928fb86685d10a,c41e0eacf27dcff15c28ab88e6b396a2,,c8532fc65eecd7e998a11678b7154fd2114e821a1ffddd13401c70ae8229be43,103|104|107|113|115|120|128|135,103
c855daa0ac4aec499eabb526496291aeb5bff37fdf9dac674cefb28713845e57,cgt,main,0xe4a3192659bfe56c740b0ed64570a4156cf2bcb3,dbaf918debe34aebd9729b679921d24f,b89d6358e6a63d6a7d8a5e0ed3a927ff,,c855daa0ac4aec499eabb526496291aeb5bff37fdf9dac674cefb28713845e57,104|120,104|120
c86292143f5462503c605c41e9c714314675882a1be1c32ec1ffdc5d6e0b80f2,cgt,main,0x799f987acb75a571dd95f7fd152d30f50484b837,9fc9304e2303737b2b89c79ece207b62,9ed51315ff03e746cbe54f77432c5755,,c86292143f5462503c605c41e9c714314675882a1be1c32ec1ffdc5d6e0b80f2,101|104|107|113|114|115|120,101
c88a5a386693bdc24c85c985fcd75b6f75034fd492b896f61bad86120bdf2229,cgt,main,0x62c8b4ac2aef3ed13b929ca9fb20cacb222e3fa6,63563305dff81df90a9775e963c77eab,d8c496805787c872d22f5c2be2f2f805,,c88a5a386693bdc24c85c985fcd75b6f75034fd492b896f61bad86120bdf2229,103|104|107|113|115|120|128|135,103
c8ea7f0055ff3997250f6bd4abe8bbdd4b2be418346d67a7777ee9aa3c64d662,cgt,main,0xe610af01f92f19679327715b426c35849c47c657,d07517d081e06191cf59a4bd05949141,63ae01b2570ea0f56b61e0690d089895,,c8ea7f0055ff3997250f6bd4abe8bbdd4b2be418346d67a7777ee9aa3c64d662,107,107
c90c7711a8de510d1425c10d7a9d66bf01aeb7f71de8d28eaab4b238728d7f5a,cgt,main,0x076c97e1c869072ee22f8c91978c99b4bcb02591,d25b5ff92204a8021de18a25fa19b557,78b936401695b405366a33bd4f2ec643,,c90c7711a8de510d1425c10d7a9d66bf01aeb7f71de8d28eaab4b238728d7f5a,114,
c916b260f6fb56ad95db2ed38adfadae16a542370eb9d017a4f0580299b31108,cgt,main,0x940e7d8fb34921c3c5bbb8b9792b1a0e4688fe9b,4ecd5598a063506820a6ca293c5e0301,20d56c1e493db956cd72c4d95fc21423,,c916b260f6fb56ad95db2ed38adfadae16a542370eb9d017a4f0580299b31108,101|104|107|113|114|115|120,101|113|114
c95a96d91f37b3e23d498a79822099eb73a555d69b6e1a7cd1afb5137dee2ecb,cgt,main,0x61c1a8a9524044f4d2fa3cb51eaa166e2aa59f3a,b9bb162666d4a85ed6faa2b596588049,d6c4ca9ba2b6ad3b3571734d4c38d56e,,c95a96d91f37b3e23d498a79822099eb73a555d69b6e1a7cd1afb5137dee2ecb,114,
c98cc888df0922671a3949c31a925af6070ec3b316eae6a8a962e2c5d26cdcff,cgt,main,0xf884e0096f826f82d9999dc11becb836dbb7c1f7,6516cdf65884ed1e0ce785185fbe4de4,f4caa70dbf2bd3e5be439f7e8d585bc1,,c98cc888df0922671a3949c31a925af6070ec3b316eae6a8a962e2c5d26cdcff,101|104|107|113|114|115|120,101
c99b885f8b640306c7698ef268357ae5a129cecc2a4cd2d19082931d0e1670c2,cgt,main,0x33720000b3b3bd4b631b76f85049306be257ddc7,f7628c4fc50bb1324c1b83203a5bebb5,fef30630331366bd3e04d83b2f9eeba5,,c99b885f8b640306c7698ef268357ae5a129cecc2a4cd2d19082931d0e1670c2,101|104|107|113|115,101|113
c9b7805e06a01689bf55059eaa79b78156cb70145f127299305760da1e8c903a,cgt,main,0x7c8b63c4cf7a6009e06dc78d9a8352cd0541556f,79f64453b9cb6d956450f22904232197,877518c74c492af55bfe8ccc78e078da,,c9b7805e06a01689bf55059eaa79b78156cb70145f127299305760da1e8c903a,103|104|107|113|115|120|128|135,103|104
c9efa9c319de9db5e0a7f219103989655b0799ff6a907d24d1065762c6b4671a,cgt,main,0x33a8ea1c8c6294c9f65f3dad7ca7f037bd09f951,dc8f30c317ac7ddd94bf70fca9a13120,423c17d365d4c423d674d4b15eb9ef5f,,c9efa9c319de9db5e0a7f219103989655b0799ff6a907d24d1065762c6b4671a,101|104|107|113|114|115|120,101|104|114
c9fe759f19a5734d47f256e84ca886f37e1dfc125fb2bef13dde52364999ec5e,cgt,main,0x2972d548497286d18e92b5fa1f8f9139e5653fd2,53c1cac7debcf295c8893d8ef9d2c3a4,86a99a3bcc2ef4ca2e822a885ef9c50e,,c9fe759f19a5734d47f256e84ca886f37e1dfc125fb2bef13dde52364999ec5e,104,104
c9ff1648169c2ac4c20e676de3ddf0b786af7b1b236e0964e4982017a8174aab,cgt,main,0x7a4932bb54c978489826dbc2d65d46c1bd38dd69,f0035f1bd7c2919c22b97730be4fe113,481b895ee0e063b7128485465fab5c89,,c9ff1648169c2ac4c20e676de3ddf0b786af7b1b236e0964e4982017a8174aab,120,120
ca09caa53f0516dd68763914707e3f4c0d19438fb4cae3a090312af22b168aca,cgt,main,0x4f232a41b26bf07c37240f0cb3bde5727074a0f6,5825550d8fefb9ab3e99f63db69598f5,c54664367a51e2b88f9c8c12bd7adfe6,,ca09caa53f0516dd68763914707e3f4c0d19438fb4cae3a090312af22b168aca,103|104|107|113|115|120|128|135,103
ca2af4fcb4f64122b74068c0538c078d520fe80c1b43b976a7d9ab0b894e77e7,cgt,main,0x0131c603b0da00a560bde23306815e0577c366ef,07423f2c408124a2bd71fa48b0453dd1,7d8c139bdc5afe1324e049c06b957c5a,,ca2af4fcb4f64122b74068c0538c078d520fe80c1b43b976a7d9ab0b894e77e7,101|107|113|114|115|120,
ca495610902a42258c45cd2eb14db40b9a87dc7e54800e03a97494967577d640,cgt,main,0x8bf1e43e3ca6f5c25c380803154ae687d682ad32,171c4a40055c1c81e5997da97020574b,59ae5e409ec53307dae428c5229d3d5a,,ca495610902a42258c45cd2eb14db40b9a87dc7e54800e03a97494967577d640,103|104|107|113|115|120|128|135,103
ca99f2d94a0206577cbf071b47c86ff381b7c4fe061d93696c0900f838c49132,cgt,main,0x5ab14c104ba2771fd2a6ec6f616da1ad41d5b8a7,0a57c00c1f7ae57c463d01ede0061f7e,ae6b1f025f6ada8606c9896de15793e2,,ca99f2d94a0206577cbf071b47c86ff381b7c4fe061d93696c0900f838c49132,103|104|107|113|115|120|128|135,103
caa0cbfa954bfed427ddb7cb95e561a2af0723d53124c37f84bfc7d3e48edcb5,cgt,main,0xd3f3eb105daa3712eda7709f59ac0ec0d2d202b5,1db32acbd2f7e30c7f563818115e2eab,0a36e736a5fde6d78bb1590a7d03f341,,caa0cbfa954bfed427ddb7cb95e561a2af0723d53124c37f84bfc7d3e48edcb5,101|104|107|113|114|115|120,101|113|114|120
cabe79e6fc5472bdc7ee18069c4e47d9eff399d2d76f9bfd56df00dee0a63fa5,cgt,main,0x6a92b2804eaef97f222d003c94f683333e330693,75f92383b9b9d96e311c1e4aa0bcded1,ca17d19690642beff3f3bbea636b73b7,,cabe79e6fc5472bdc7ee18069c4e47d9eff399d2d76f9bfd56df00dee0a63fa5,101|103|107|113|114|115|120|128|135,103
caccd87cb477d4051a4a16c0fceb89ac5a032fb29529012489e16eae4d85227f,cgt,main,0x30cc0e266cf33b8eac6a99cbd98e39b890cfd69b,25d3d5d949dc25e2d540ef7b4aa73d3c,a33a043bc3d7e2dd079024f155cea5ab,,caccd87cb477d4051a4a16c0fceb89ac5a032fb29529012489e16eae4d85227f,103|104|107|113|115|120|128|135,103
cacfcd8dd5e961d8eed92d34be4a64ea1a87d4e7cc4414daaf5f0240d8b7951b,cgt,main,0x6d500e4b6565c3c25a6edd51839d52269e3d293f,3ae94afa921d52cc44aee0e93bfb341b,0c09f0b3dfd54d1414806d6e6b61d339,,cacfcd8dd5e961d8eed92d34be4a64ea1a87d4e7cc4414daaf5f0240d8b7951b,120,120
caf4b620793b7f02c674cc6a47492c3ac8dd44b170d4a77342f60fc1b9d8408b,cgt,main,0x6ac85d0408044afb786a6d631d4d3426ce0e031a,6db9435cb6a667dab299373963af3661,7d6fbdcf158c2bb23714a19315f1ff7d,,caf4b620793b7f02c674cc6a47492c3ac8dd44b170d4a77342f60fc1b9d8408b,101|104|113|114|115|120,101|113
caf789f5f98f19fc5886ef57b6b824175dafddaf3e43b5920be1c374521b18a6,cgt,main,0x6425c6be902d692ae2db752b3c268afadb099d3b,6bdc440cd377c4630f68020622b574f3,7567e3275ae0024af3d760c98c5d8cfa,,caf789f5f98f19fc5886ef57b6b824175dafddaf3e43b5920be1c374521b18a6,103|104|107|113|115|120|128|135,103
caf84a16ff705277089327b3c7757d75821440c7ff613f5570fc16b3a985d997,cgt,main,0x0214d7faa8145bddb0fb4977980ce26aa1f95cee,eb68168519f750b5b951350fd9e72f69,49afafaccfc7cdea937105d4a85fce09,,caf84a16ff705277089327b3c7757d75821440c7ff613f5570fc16b3a985d997,103|104|107|113|115|120|128|135,103
cb1563843f45637f800559ced792b580955cb41d8f9c7ea1d281e80576f0cda4,cgt,main,0x3d9ef820804c88f2d2cd86d15f0c189600336bed,7fc99a6b569a335b95f10e1a2fda3717,bf1d51877fc2f018f0d87d25ce7bf3b6,,cb1563843f45637f800559ced792b580955cb41d8f9c7ea1d281e80576f0cda4,114,
cb168f2d0f84ed6af1c2a768742d831fbaf2b0df7ff52f95204fd0e51428f3db,cgt,main,0x51170b18bca7896b49c52dcc18e66e5c921e100f,b780dccd19b5f1a5f5285cb8984bcede,829f02d7874e13b09d3fc21893ca72fc,,cb168f2d0f84ed6af1c2a768742d831fbaf2b0df7ff52f95204fd0e51428f3db,101|104|107|113|114|115|120,101|104|114
cb32ce7c448705f205d0671c02362b99f5f5f8ae283607aa90a5a2437162b3e6,cgt,,,52f9f121da668c6483327ad1901b5a33,,,cb32ce7c448705f205d0671c02362b99f5f5f8ae283607aa90a5a2437162b3e6,120,120
cb3652c1e888c150173d10b925e5dff6d44486f9c900e446d80769262786758d,cgt,main,0xd05d56acd892f33010d93ddf6d9593511b618946,bb02de73dab5ba074327b07edfa8c8fe,47a00ab39510afcaab1e05888a3e2c40,,cb3652c1e888c150173d10b925e5dff6d44486f9c900e446d80769262786758d,101|104|113|114|115|120,101
cb3cd58a706b7058b099695484562c76705ccadf49a045aba71ef94334afe0dd,cgt,main,0x9bf233b2f9eea51708c0b345f28fc621f83daa78,30fc7b0c1e5830e40d463de31c0f9e2d,eb49da2b606ff41842b785aca84e142d,,cb3cd58a706b7058b099695484562c76705ccadf49a045aba71ef94334afe0dd,101|104|113|114|115|120,101|104|114|120
cb3e4025181daa146b1929dd75f85b7146748dea8417c36d097297fda8fbfbd2,cgt,main,0x9b37508b5f859682382d8cb6467a5c7fc5d02e9c,c2d08201cb85b5c1f340042d9cba5e84,0ced0575deee9c7ee9456754dd7497bc,,cb3e4025181daa146b1929dd75f85b7146748dea8417c36d097297fda8fbfbd2,101|104|107|113|114|115|120,101|104|114
cb7c608814eda46daaeb7151e768a8b3e4116723d1825ffd123b6e382d1a2cf1,cgt,,,6d53e67fcd5d0fca407d85d6ab2c99a4,39997a9e4b3b01ec0480913073471058,,cb7c608814eda46daaeb7151e768a8b3e4116723d1825ffd123b6e382d1a2cf1,104,104
cc093a15a9104a2f320bb8b7df89507ae00e8943ba1a3f7b40088db4c6d8283c,cgt,main,0xae53aaff39f07cb48386ef33bc5fc72cc55d6f1c,de3f1fe7ca668d8b05d2c5bb9ff1b1c4,0c737d0edce6b219df77700c3c30892a,,cc093a15a9104a2f320bb8b7df89507ae00e8943ba1a3f7b40088db4c6d8283c,103|104|107|113|115|120|128|135,103
cc12a8f7eaabfbe780be113a902828a167178434837b6c8ef2e97cf801744a1e,cgt,,,7fce727de8f789054e53361ce2a011fd,d3aafb89e46bef34971f95dc16486471,,cc12a8f7eaabfbe780be113a902828a167178434837b6c8ef2e97cf801744a1e,101,101
cc412bb9d808ae20a1f1189243be06262342b2920353f331ab8c23657f882617,cgt,,,e4688e6a9f9b925603e0d63d03a31c43,b8335558507f660da8f4c4f2c906ff4b,,cc412bb9d808ae20a1f1189243be06262342b2920353f331ab8c23657f882617,101,101
cc56cb8f22517f8efe8c871f3bc011875e78edea5ba070f856a737d84f45f30a,cgt,main,0xb49e984a83d7a638e7f2889fc8328952ba951abe,a5fb1660a8d29a87d779dd172d93fe74,49dbf78a346bc2ffabe3e6772fe61b0e,,cc56cb8f22517f8efe8c871f3bc011875e78edea5ba070f856a737d84f45f30a,103|104|107|113|115|120|128|135,103
cc713f1c9af5470e36e851381d4b8e70551f0186489b1cc154d2dda880523455,cgt,main,0xea06c9cb0d69058468387f283e9a3f61c53e3c21,818e3976efcc37e9412397165c2e8485,0c7629fb4c4ba9ba6c61745b71414f32,,cc713f1c9af5470e36e851381d4b8e70551f0186489b1cc154d2dda880523455,101|104|107|113|114|115|120,101|104|114
cc87376a18fd4cd3d2f88affa3e777cd09ad0e5d3ac304703ffb2f0e83a85331,cgt,main,0x311d745582a97be5d7abbce48855ecec72737c5d,b84e6fad322e85ec4c44fb7fe8b38197,9d203e78622bb5d19c20886966cfb9cc,,cc87376a18fd4cd3d2f88affa3e777cd09ad0e5d3ac304703ffb2f0e83a85331,103|104|107|113|115|120|128|135,103|135
ccd985e6a1ccee8fef30b35367d1c08486cb945f0f104081b447a2c43b407b31,cgt,main,0xf1101db4c9dd26bdace9bc7e30393f80c7b5e6c6,c50753e4e93019e78e337752b7c01ce3,a13a8f1060619ba56d4f124d3afb94ab,,ccd985e6a1ccee8fef30b35367d1c08486cb945f0f104081b447a2c43b407b31,101|104|107|114|115|120,
cce70e217c9cb95bc0a89ae354f42d284d9012136c1c21568e74149e69d01d48,cgt,main,0x162ac26e2f0fe036c3a3d370c118de0b6c883083,c27da94d910fa32e392724beeb25c2e4,63f0afa1cfd208958d745eec3926ec70,,cce70e217c9cb95bc0a89ae354f42d284d9012136c1c21568e74149e69d01d48,101|104|107|113|114|115|120,101
cd0b6e00475d277127f79f92ff51f3ea99a7e50d167e30f5e61172433dec2b0d,cgt,main,0x97680599b29491df74c15ad129c635d9ebaa03b8,84a006b903883a8d50f54b570e906d26,42d9d4bba485a5071f10965645d820b5,,cd0b6e00475d277127f79f92ff51f3ea99a7e50d167e30f5e61172433dec2b0d,101|104|107|113|114|115|120,
cd41360f9cacd092afdd22f6296c86392132e87569f3a839ce0377d8ed96919d,cgt,main,0x33a683a7af55942220e4efec514da11b5dc47996,b0fc7c28824409465814b7c5c9fa74fa,0db4cc8631dcfc324751ced95b3e8fec,,cd41360f9cacd092afdd22f6296c86392132e87569f3a839ce0377d8ed96919d,101|104|107|113|114|115|120,101|104|114|120
cd5277570ec2a396239f46d527d9b71d39f30e4b4c49e99b5f0685926f51d37d,cgt,main,0xdd40b5a5b00d8913f3e1d6bb5cbbcd18a956b215,03b1117b5964de40cc959bd49a9ddc50,b194b3adc39106ade03ae1b279451bb2,,cd5277570ec2a396239f46d527d9b71d39f30e4b4c49e99b5f0685926f51d37d,120,120
cd5c219561e81bb6ac75e44a8c4f590974c7f33e4c47fee3a5966068105a7c83,cgt,main,0x35792029777427920ce7adeccce9e645465e9c72,554929264979bda339e5dc6c17e7d4bf,d6ac74b331bb8f146b72ae11e1d2c634,,cd5c219561e81bb6ac75e44a8c4f590974c7f33e4c47fee3a5966068105a7c83,103,
cd5efbad86ba81089e3883338e3c50fd989a4f43ae37ff4799e731f5609c9376,cgt,main,0x173fc908b21b861facf54c65c10002b1e2f9c323,c21782acca110b22d716b910308b1ec1,36ae9b0697b736b69a11f5acc8d73860,,cd5efbad86ba81089e3883338e3c50fd989a4f43ae37ff4799e731f5609c9376,103|104|107|113|115|120|128|135,103
cd802dd423740809f58a91a3b5470b508ff052003e5addc0235345ce9f6c72b9,cgt,main,0x10b7d09dca7f9c6d33a9aeef5bf2bb5ce3ec1550,8376e929af73f52f724a67fcf341cde2,b5f2e870f305028599288bf62f702eb5,,cd802dd423740809f58a91a3b5470b508ff052003e5addc0235345ce9f6c72b9,103|104|107|113|115|120|128|135,103
cda89364cc88e31b26fd9f57e389afa8fe1a7e87830f5693b7d9af645e4e382b,cgt,main,0xb9068705fbdc3b06c11763d2c260be682e6844ff,8f11d707e9c822ae15b344c09e59e606,42e1862b8606c50187f7ea1d8e6943d8,,cda89364cc88e31b26fd9f57e389afa8fe1a7e87830f5693b7d9af645e4e382b,101|104|107|113|114|115|120,101|113|114|120
cdd272a4c9884f6c8aa95c5d61b5f4c776edf3ab450bf132682f3b4660bd83a5,cgt,main,0x6e01ee36b522a824609b7f7dfb5e4aa8fbb48934,9f5d2ae474c0f9ff6baafde713da3152,d1d36bbc0f58b668707b674628774557,,cdd272a4c9884f6c8aa95c5d61b5f4c776edf3ab450bf132682f3b4660bd83a5,101|104|107|113|114|115|120,101|113|114
cdec0b3530742a174a5b7c51bf1887fcf5cb5176eebe135ba111115f64ab262f,cgt,main,0x7a8721a9d64c74da899424c1b52acbf58ddc9782,9c6022408b138c0afd3085c0093e33e5,782f281ea0c240e9103a5c41c9568706,,cdec0b3530742a174a5b7c51bf1887fcf5cb5176eebe135ba111115f64ab262f,107|115,107|115
ce01666123ce8233583d3f9b80b4a2619765c77cf115b93b6952f86f64c06304,cgt,main,0xb671c3883307cf05bb3dff77a9754e87b4347195,134f4bf7af39bf18ed06ff842cb46a8a,496537539f15b2fbd3f0cbfd84a3f813,,ce01666123ce8233583d3f9b80b4a2619765c77cf115b93b6952f86f64c06304,107,
ce028d75371b79a5019b88494531d5d6a638a1393e9c2ba4565b3c6622b56a85,cgt,main,0x62abcfd7c54bc762296b880a5f978107bf1b9440,a651927783b7dc87593721f9a91dba46,4e9e9afcb2d0d5cfd4258635d2f1145c,,ce028d75371b79a5019b88494531d5d6a638a1393e9c2ba4565b3c6622b56a85,114,
ce2a6022cd8eaab2bf4e8c99d0ee9f0a36ac3576641f6b9d39b6d063cd600b81,cgt,,,84fa709dc486620233731189d87f1dd2,61bb1eda1d3653d968fe43e28c6c3e4f,,ce2a6022cd8eaab2bf4e8c99d0ee9f0a36ac3576641f6b9d39b6d063cd600b81,,
ce3f84225ed10dada62e07c21d43835342f1a319b6bd0f5618c14d453c361211,cgt,main,0xe7f06e64e0d04c6cfedf7e9079d56d0fb7200a2e,a89173a59e6ebabfc9cfa53dd3dedb87,ddb6f7e837b05c2ec35f2d921aecb36d,,ce3f84225ed10dada62e07c21d43835342f1a319b6bd0f5618c14d453c361211,101|104|107|113|114|115|120,101|104|114
ce4cbef07cbc39737b9d292f9d40e288bc1b11a6166b3e2d32f6dfba29e0f7cc,cgt,main,0xc56b13ebbcffa67cfb7979b900b736b3fb480d78,e8fe2a35820d56160b8bbac9934f75eb,eb518e9f7e30c7e2a86dce35927db7d2,,ce4cbef07cbc39737b9d292f9d40e288bc1b11a6166b3e2d32f6dfba29e0f7cc,103|104|107|113|115|120|128|135,103
ce7f849d552ebb166e4c2b55079cb2ed3b5e853e130423c740d7e1a697e7a268,cgt,main,0x7600431745bd5bb27315f8376971c81cc8026a78,ce5d672d8efdfd8f40be8746a07c0289,70bbb66b4126ae0a2846e698f2ac129d,,ce7f849d552ebb166e4c2b55079cb2ed3b5e853e130423c740d7e1a697e7a268,120,120
ce8a484b2c24d2ffb55d844fe22376762164ca6596524af1f50ab37f72028480,cgt,main,0xaec2e87e0a235266d9c5adc9deb4b2e29b54d009,3225510cfe36644824015ade4973b21b,76e426c3b0abd19d60552472f3b2f469,,ce8a484b2c24d2ffb55d844fe22376762164ca6596524af1f50ab37f72028480,103|104|107|113|115|120|128|135,103
ce97e15c9a6bc1b5f3e0f275fdf725910366b17d99eb4ae718c50d1c985ef2b1,cgt,main,0x345ab5e5f971dbdbc92af2779ce7a8bbf1819e59,9ae249b603674374d8a2e18bb2b14ccf,b18421f242270209cba7d262b2f43210,,ce97e15c9a6bc1b5f3e0f275fdf725910366b17d99eb4ae718c50d1c985ef2b1,120,120
cec96607a2621475dd1a279e738a80bcae861058ea158b7bcf9dec444b31ce7a,cgt,main,0x0318179601a70085aeb488f178b081295b65ecc9,5756c0054e1f07a56c3e3dd11905c0f7,e59a709b78ef22f242c6ce9e11a476b0,,cec96607a2621475dd1a279e738a80bcae861058ea158b7bcf9dec444b31ce7a,101|104|107|113|114|115|120,101
cf1d9cc1a0d4b265f6a2b961b8376802a0eb83e4d3f108430cfb858d76aa0336,cgt,main,0x3c337fa1bf8725f59f73db6db719c792c5e8ae74,f4ebd714ef8ebb92c5bf123f3ed6b800,2567007abb59c9ec212beaab29fed86e,,cf1d9cc1a0d4b265f6a2b961b8376802a0eb83e4d3f108430cfb858d76aa0336,114,
cf2dac5d29359bd0f87453cc93d1cabde699b84823d5a08154016a363c1dcf00,cgt,main,0xff95fbb77852c846724ce4fa140ca25f31a90bb0,f13958f03d719176825e0bf69d130436,fad39837cd20c391e64db6627edfb4d9,,cf2dac5d29359bd0f87453cc93d1cabde699b84823d5a08154016a363c1dcf00,101|104|113|114|115|120,101
cf48d24a552857808a1bd38cc49d0be158a346e5a877dce2d296fb70a91b7782,cgt,main,0x0ccd5ea595a3e7537e471f40a4d90f88ed0cf5ec,1c85d63177ed7dcbef531a14dbde4161,ce3313a5b77cd7e2f77c238516540f4d,,cf48d24a552857808a1bd38cc49d0be158a346e5a877dce2d296fb70a91b7782,114,
cf7c58f198acaee8f32ef770bb611361637ad20d7cf2e96f94ff9aee75a59b3f,cgt,main,0x1f88888732d0943bb49f7573a8848814ff0a4090,d28916aa80245a8f8795bd7462a38b11,b76d3008988ee31e6e939ae70345766f,,cf7c58f198acaee8f32ef770bb611361637ad20d7cf2e96f94ff9aee75a59b3f,103|104|107|113|115|120|128|135,103
d047961bd868d2341e90d39062ad572734d5fde3f5ca98d86a29957975fd292a,cgt,main,0x66385555fc121d18dc95ec3a8ecd51ab2b660de5,403ab6b809a7bc5b368b2eb11028bb36,b092c40a28f3d73a407b090f97a1e28d,,d047961bd868d2341e90d39062ad572734d5fde3f5ca98d86a29957975fd292a,103|104|107|113|115|120|128|135,103
d0a7c876f9845395317380157b9967cc491375242fb073277ebe707c772479b9,cgt,main,0xad2d970edff30d8f166989470aaf4be3ff6375ae,38cb6a12929b44f25be33094aa7a7ce2,31852645004c824205b5a4d1922c6fa8,,d0a7c876f9845395317380157b9967cc491375242fb073277ebe707c772479b9,101|104|107|113|114|115|120,101
d0e3b0e308b1994a546d265feb012fc207967155f7fd2d682ad6e031e6f2a6e9,cgt,main,0x3209f7ae16d545c60d8cc9c6a5f02181a94fea52,2d691ad8fc56e99fc7cc7ac421971cc5,01eca1e893a7a90c678817b528cc539b,,d0e3b0e308b1994a546d265feb012fc207967155f7fd2d682ad6e031e6f2a6e9,103|104|107|113|115|120|128|135,
d111a39a0e4c273b75a2c1a0dc2be4841b60ecc2987874a2e8cad6b584710f34,cgt,main,0x566c1023aaf10180b4eb9533050fbf91d7792af1,8fa5d9c2a3a433c31b09b52ed508271c,754df4d605e2d31dbaf2cc05c1250923,,d111a39a0e4c273b75a2c1a0dc2be4841b60ecc2987874a2e8cad6b584710f34,101|104|107|113|114|115|120,101|104|114
d1925e416d3133706437eaab88a971333c75efd9e5cb61ee581c93fc0385a59a,cgt,main,0x1ce7ae555139c5ef5a57cc8d814a867ee6ee33d8,f9ba3076973d7bd9c5a66589ad076cef,90f99594e7a7ab8bf3529e89a9f09bda,,d1925e416d3133706437eaab88a971333c75efd9e5cb61ee581c93fc0385a59a,103|104|107|113|115|120|128|135,103|120
d1cca84cbdedca5648f9b28f177843eea3fa2260e42bc23abfedd0f5192bbde1,cgt,main,0x3efb2bbdf798c5f9fe0dd932846fa1b031eac1fe,e2bc799cbb0b95dade062a722edb496f,8670d7bfe7d1d465dced530de49566af,,d1cca84cbdedca5648f9b28f177843eea3fa2260e42bc23abfedd0f5192bbde1,103|104|107|113|115|120|128|135,103
d1d596cbba7226e019fe9a1123ac445faeb939b276fa8ebacbfc9d7fc921172a,cgt,main,0x4dc868d79611c2bdca51dee62873eb3a31423b47,c2cf4074f62ba1dcb48c95c5980c2e25,46bbf7c55422779742d99bd48c417f36,,d1d596cbba7226e019fe9a1123ac445faeb939b276fa8ebacbfc9d7fc921172a,120,120
d1ddcf9104fc7a3ab8ba174d0d93da5ba244247cd67d5ff85a689127e848ca86,cgt,main,0xd403cc1e2da3aa7d954e0ad34bef2df2b9a9f238,09a1cdfdf9bd3dd0bd5c4dabfe3dcbd1,6f349c5ca04e2c199471f65555432117,,d1ddcf9104fc7a3ab8ba174d0d93da5ba244247cd67d5ff85a689127e848ca86,107,107
d20203d9a55eefea01327c7dfd5f098a70a4594a376e8142046cfc4ae6ed7f44,cgt,main,0x476c331d7f6569dc4bd16ef6673f7a89cd6f37c3,85003070845c69a18d284e69ecda07eb,2768109980b4dd796756d3b5ffe8a337,,d20203d9a55eefea01327c7dfd5f098a70a4594a376e8142046cfc4ae6ed7f44,103|104|107|113|115|120|128|135,103
d22c4e25ae310182c8b82e929d0c1560e542f0ac8b070de1abaad7212906f521,cgt,main,0x5a82de3515fc4a4db9ba9e869f269a1e85300092,b1ee3a4515ce7f8534fe55bb26a0b29e,f479dd545f7f4148266b3eb645522dac,,d22c4e25ae310182c8b82e929d0c1560e542f0ac8b070de1abaad7212906f521,114,114
d243c629e2860a3f7578763070841389b8a7fb38b3731f245a3b3300cc8bf15f,cgt,main,0x600fa06479e92164a1fe2929653d766b12e727c7,a9bbc11bb3ea2afcea321e2939051faf,20c63ed7e9b9c4285642a6bb1b20703c,,d243c629e2860a3f7578763070841389b8a7fb38b3731f245a3b3300cc8bf15f,115,
d2a5c14234835715f2797ee102a9cbd939ed857969d5dcce0cd3c0f2fed3a367,cgt,main,0x5ed5b9a13af4581524ebb7a0701bc4366d002289,78863eafbe0f453b45b99a9ff0e71a93,82c9f9b025c225b59892569d04addcce,,d2a5c14234835715f2797ee102a9cbd939ed857969d5dcce0cd3c0f2fed3a367,101|104|107|113|114|115|120,101|113|114|120
d2bd925d12fc94be786fb30473781e5cc79e962173502e9bb49807149a5dfd5f,cgt,main,0xeae6c55570afcec8fff6dfe866dd142369b87251,80a2922a190a339b02dd0c4658863604,5a1ca6b57341d6353dabd9c72d46e3c1,,d2bd925d12fc94be786fb30473781e5cc79e962173502e9bb49807149a5dfd5f,101|104|113|114|115|120,101|113
d2c1fec1df56aff45b139628f467d07c48bfaa6dd7b0cc3220916addab64aabb,cgt,main,0x8f199d74d89b977d3f0684f0572bc66b16120ed8,50a7e05f878a11fcbccdbb32b7facd61,8f434e9fd1f713caa1100a67a8c23eba,,d2c1fec1df56aff45b139628f467d07c48bfaa6dd7b0cc3220916addab64aabb,103|104|107|113|115|120|128|135,103
d301eb0f24f4a1fff726aa48561e7f25a7b1b8d6d9710b125461e3b0d22cb760,cgt,main,0x8c6f3d75873c66cf0300c9d6dfe8d607d1824204,f9c292b7cd7e07f19a94a9ec12c8fbe1,7cbadb2c86d440f7f8289849b671e6b3,,d301eb0f24f4a1fff726aa48561e7f25a7b1b8d6d9710b125461e3b0d22cb760,107,107
d313fcdc68a60df59dcdaa51fa3ebab4cecff6f9c7757235c48ab693ca785ac0,cgt,main,0x3eb21f4678b352fcd8facf06b642c6720e04961b,7911fa8d8c8adf59e6037ba1bd43997e,469246ad5d8bd51da7e44d7ebcda237d,,d313fcdc68a60df59dcdaa51fa3ebab4cecff6f9c7757235c48ab693ca785ac0,103|104|107|113|115|120|128|135,103
d32f71c892de4bb15156bdec337ca69113c10b022ba6e2a1b5bdd0e8a7a548b9,cgt,main,0x0e7100e836150589b2be7030523d23c86a2093b5,8c8ef9a208b2b9a55f94e269a165204f,a96478d5a0d762d7d68f0ce8c82c2c88,,d32f71c892de4bb15156bdec337ca69113c10b022ba6e2a1b5bdd0e8a7a548b9,101|104|107|113|114|115|120,101|104|114|120
d3f39a17914448bf31d6c309622704fea6f510e2a8ea37eb635891c9ca5c23bd,cgt,main,0xbc1ab7f58a95cf307ba5ee18cf06b7ed0120da7a,728a862be0e8db6956723d36cc64f73b,2bd13080af8771d0c4598a78c96caf0a,,d3f39a17914448bf31d6c309622704fea6f510e2a8ea37eb635891c9ca5c23bd,103,103
d412d3cf6bd9145d176bd8f5b00b5f0ba204e094e8583c1028b857739cef592f,cgt,main,0x8d49fe859ff65d7995d4b915f45d4097da7689a6,3dc0a212bb670193cb46742b53523770,bfc88d46cf0810df3e8b3d338fea16b2,,d412d3cf6bd9145d176bd8f5b00b5f0ba204e094e8583c1028b857739cef592f,101|104|107|113|114|115|120,
d44f1c843130c6d782cc584c7bc348c5caffcb925e41d06fab96adcc1fdd7445,cgt,main,0x8d12a197cb00d4747a1fe03395095ce2a5cc6819,d8d7bd9c6513d69cb410899dfc3bd871,897b8862c0fd9d0dc4b6927d7db56f6b,,d44f1c843130c6d782cc584c7bc348c5caffcb925e41d06fab96adcc1fdd7445,103|104|107|113|115|120|128|135,103|120
d48a5a3e61b04c1ccee570bd80c26b00a506fdf03815b429372fd47a18ec8f48,cgt,main,0xc446b5b0a696b6735bf95888a896253a1a5d25f5,4e6e83b92552e6c533172ef7941ccd66,5510b34d17496ba3a1ae9406e26dfad7,,d48a5a3e61b04c1ccee570bd80c26b00a506fdf03815b429372fd47a18ec8f48,113,113
d4aad7beb29a276138117bf640b565a7de90268e7dbc1f000cdb06491e0bc52a,cgt,main,0x911d71eed45dbc20059004f8476fe149105bf1dc,61b361964d18c2b2bf1f9c10346d7558,0b2f36db65777dd099ae2f903b48b811,,d4aad7beb29a276138117bf640b565a7de90268e7dbc1f000cdb06491e0bc52a,101|104|107|113|114|115|120,101|113|114
d4b1488f0b3cc493aa4b227dbfa8918c6ed609a2aaa22569f159ea351f366422,cgt,main,0xc3142db870ce470122f7d2d4d8d76ae5dda51dda,4cd85892e499c58843d654d90681966b,55b29be2aacc103fd7cfbc8e7ec2549b,,d4b1488f0b3cc493aa4b227dbfa8918c6ed609a2aaa22569f159ea351f366422,103|104|107|113|115|120|128|135,103
d4c2c8988cf5f1adc8096eab51ba997f230b5b66e99c1a702ab88ec5fbf2c000,cgt,main,0x1e4a14f2ab0563005b392be6c590843019a1809c,b9b5c03e810a3d5831ced8046945b3fb,3ea0309fd88992cda75bb3bf78b1eabc,,d4c2c8988cf5f1adc8096eab51ba997f230b5b66e99c1a702ab88ec5fbf2c000,101|104|113|114|115|120,101
d4e8190a523123041e93cc3530a9312c05af132354a6650515314bfff158d6df,cgt,main,0x48eb12c0ddc5163e8693f3029a14440442df2710,1552093443201d316afed139eae2ee3b,3832bf83a440e69fcdcc5ca36ec02ace,,d4e8190a523123041e93cc3530a9312c05af132354a6650515314bfff158d6df,103|104|107|113|115|120|128|135,103
d4fc1ff88c1992c8ae9ce652d816e309d9bab572672bd4e3c80e80956ab70d16,cgt,main,0x98f62d8ad5a884c8bbcf262591dff55dab263b80,d8c94a5df40fc10aa68a0e22b0e6d488,2032779c9f2da5ef3c3357ced54df14b,,d4fc1ff88c1992c8ae9ce652d816e309d9bab572672bd4e3c80e80956ab70d16,103|104|107|113|115|120|128|135,103
d526ff1e86758d254557448d5df83358191385a7506fbadd8ab53bea3466fd11,cgt,main,0x78f6a1d4b94d2e6c4ce3c5cc858b9dfb6e98b50f,f9713ff83ffb782fbcf61325519f1b6e,e4a5a2e075e0f8c27b611903736498da,,d526ff1e86758d254557448d5df83358191385a7506fbadd8ab53bea3466fd11,114,114
d528302a7edb866b4c98100f1995d1b46ee1c0b7abe344720d53d327ebeda165,cgt,,,a0695578822c20be6d0f13cbcd5d3bf4,81cfac6547adc0fb5c9d9dadfa0dc49a,,d528302a7edb866b4c98100f1995d1b46ee1c0b7abe344720d53d327ebeda165,101,101
d537b7ec0e1c98da5b2cea1a2316d6f1a117ee71cf6fbc69406a1b4a737138f9,cgt,main,0x275498d1fb7ffb5b521f89b23c84224af9f96ea6,9986e0804693f11b4507380ddc37a7af,cde25d49b1b58e1a41a80be30f4d093c,,d537b7ec0e1c98da5b2cea1a2316d6f1a117ee71cf6fbc69406a1b4a737138f9,101|104|107|113|114|115|120,101|104|114
d547856194fd8515c2e599ea12f34b38c5b7e88ca6285e4d6e094b4ba3a150fa,cgt,main,0x01f8c4e3fa3edeb29e514cba738d87ce8c091d3f,905460b2e8fbcab88dcdf8efa17718d5,0896443639563dc9cea0c9d588813604,,d547856194fd8515c2e599ea12f34b38c5b7e88ca6285e4d6e094b4ba3a150fa,107,107
d55740b83e42ccd82fb981584d18f6942e2020cad743c0c4776e36be71b7ae24,cgt,main,0x6896ad514a2ce7586762f8e641c7821827a255c1,4cc6795f15fbf7a2da0850396183e5e0,9e9c99d76b4ce65a22779bae444b43fd,,d55740b83e42ccd82fb981584d18f6942e2020cad743c0c4776e36be71b7ae24,101|104|107|113|114|115|120,
d5884b932c57928480d9f5a9c4358f31b94ec83c614093657e1442921beb22a5,cgt,main,0x9ce6a4dbf61c13e23edf47b41e7a2ba9e525d765,eee77cd644a8d34ce778626e71fd2844,6d7022f8c7e3682cdb308a60a09dd988,,d5884b932c57928480d9f5a9c4358f31b94ec83c614093657e1442921beb22a5,103|104|107|113|115|120|128|135,103
d5973429ba952a6120bda8162b1ecdb5d4b199aab42eb90fadd8e6e7cecc004d,cgt,main,0x46a4787091835af08b9b9b99dcdadfb0ca257e06,5245a3763bc0c335285863fa6760908e,52ce8942e4ba5b517039623517d251ee,,d5973429ba952a6120bda8162b1ecdb5d4b199aab42eb90fadd8e6e7cecc004d,101|104|107|113|114|115|120,101|104|114|120
d5a982382caeaa90b0fb55bb7f12508d0d7a55d084aaa51f0917c8d65efe95d0,cgt,main,0xf36b0f457999cbbb436eeb28dbb5944bfc3f99de,8c147d930a61d4dd3f9436c01a4292d9,805ba49c7e602ebe84237821772c7f39,,d5a982382caeaa90b0fb55bb7f12508d0d7a55d084aaa51f0917c8d65efe95d0,101|104|107|113|114|115|120,101|104|114
d5b34ec82871c0eff843495c9610e01f91a32fe2b30f003f715f7e4bb384f3b4,cgt,main,0x1b27996479b11abc8a8d0447deb3fb0183788484,c9e3966ce82b95bc7c27afe88f97babb,e1a40a45e2930fb3215e234580702836,,d5b34ec82871c0eff843495c9610e01f91a32fe2b30f003f715f7e4bb384f3b4,101|104|107|113|114|115|120,101|113|114|120
d5e4942692677d6713313d59d1e18d15c912251c672ffafe1317d639167334c7,cgt,main,0x05dab93a76f33fdb225e0a05cafbdd41612b88b6,caf6989074368df0cf669e85f768b832,bd58d4ecad52936dd458d54514c0dc9b,,d5e4942692677d6713313d59d1e18d15c912251c672ffafe1317d639167334c7,,
d5e50388e265aed4077eca4aefa4d6ebc0837559da4a88701c2e13558e325f56,cgt,main,0xab6d57a0c7f4c674de58e4c96acd7c49de692b18,5fedea81ef6048d5d8d5ac4bb741b1df,6669d7c319c2b59f80bab11b7f6738c3,,d5e50388e265aed4077eca4aefa4d6ebc0837559da4a88701c2e13558e325f56,101|104|107|113|114|115|120,101
d5ed0f212574824a9864c68bc330ecbae1322b472f2eadb92ad9707c88c05208,cgt,main,0xa1b43b46befb2387d2df46cde82c3d454ef33c66,c3ac50fc986b93154e7a1997cb419824,141dd2bc5462d653f8f0bf12b2cde18d,,d5ed0f212574824a9864c68bc330ecbae1322b472f2eadb92ad9707c88c05208,101|104|107|114|115|120,
d6124e6848db131c5444e181a3cec884b5bf764fc6c28fdeac1ea7f3510ecf89,cgt,main,0x5c40ef6f527f4fba68368774e6130ce6515123f2,7beac9a10e3b9c0dc7da874e0c47fb5c,56a47f69e6f84438476d95fb6fa0d04e,,d6124e6848db131c5444e181a3cec884b5bf764fc6c28fdeac1ea7f3510ecf89,101|104|107|113|114|115|120,101
d62bc458ef0f83a62061ae4b616b3d8f5f6c020722ea487cca1c7fbb94f311be,cgt,main,0xa68f65bb1169359df1a7c66113c5b4e9a9bbb5d6,e3a1a98c1ede741a2b16e9565cb06eae,eced68ee12f87824c8ffa379e63361ce,,d62bc458ef0f83a62061ae4b616b3d8f5f6c020722ea487cca1c7fbb94f311be,101|104|107|113|114|115|120,101|104|114|120
d63f2ee107559b5996353d87dd31d1cf6a8ed93512e070c44f876ffa75eab69f,cgt,main,0x0c7b8eedd028f3730e7b0f3dc032e916302f09b4,c01e878f31b30762338bfa10f3065af1,6d6c95d89b0e1dc5a06b4fb2388c230b,,d63f2ee107559b5996353d87dd31d1cf6a8ed93512e070c44f876ffa75eab69f,101|104|107|113|114|115|120,101|113|114
d6db0c29a31699f72e5a2981bb03cb4e25822475e4fdd062a33d452ef59fc625,cgt,main,0xe642b6f79041c60d8447679b3a499f18d8b03b81,b481fdd101d3cb0c408a94c448379132,6b4684fd621b85831c6984ace3febe0c,,d6db0c29a31699f72e5a2981bb03cb4e25822475e4fdd062a33d452ef59fc625,103|104|107|113|114|115|120|128|135,103|114
d6dcbaa8f31e6984140b272b1cb296cbe1053c334afc824ec28f4baf6a298b35,cgt,main,0xa62bdee2f277c2e2c0f46cba96879b263796ee1c,3740b560e33471a9ade4a7803b25fd53,0cef1ff90c14f6989834c6c7fac26761,,d6dcbaa8f31e6984140b272b1cb296cbe1053c334afc824ec28f4baf6a298b35,103|104|107|113|114|115|120|128|135,103
d706319d98409f2099c90ef646f60ecbf798fbc3f44024ec2cbf7c008f3f0030,cgt,main,0x08711d3b02c8758f2fb3ab4e80228418a7f8e39c,2276f5043e118ba65828192641f1cb80,1cb7aeb9bef160e0adc9bc7194c7e243,,d706319d98409f2099c90ef646f60ecbf798fbc3f44024ec2cbf7c008f3f0030,101|104|107|113|114|115|120,
d71f2acce2f9aa2624e9391cb65078885261c870c588bc278f7d19c2ee1df63e,cgt,main,0x450dc30a8b1a26e3e5ba6102216276b9c77716bc,b17d44be92a2fe3bf28684fdd49e3989,7aacbbf2bd1a16a06c927dfdcc25892d,,d71f2acce2f9aa2624e9391cb65078885261c870c588bc278f7d19c2ee1df63e,101|104|107|113|114|115|120,120
d732aac9da010ca8aeab7cc29843a044915f64306451019fda5a2d3e329b060a,cgt,main,0x8bb91dc4614c204a9cdb64f8a4cd8ee1c46e76b9,d85c067c33ff826ecd8033aec9a0c35e,708f2b0ed65dd01d2a2e10841445f29f,,d732aac9da010ca8aeab7cc29843a044915f64306451019fda5a2d3e329b060a,101|104|107|113|114|115|120,101|114
d7411d5afcf1d8df2f15a71e8672deab9b26d65e242eada2c972e346df94235b,cgt,main,0xd4cd7c881f5ceece4917d856ce73f510d7d0769e,801ad0bf64ba6196305beae208af50d2,f6e1829c319fe907b66f9f1cdb43a73e,,d7411d5afcf1d8df2f15a71e8672deab9b26d65e242eada2c972e346df94235b,107,107
d74273e96928e6b7617a22bf2aa31da197b38cf2364969a752c1c6881c23a28b,cgt,main,0x4a1455fae5da12cd75b3f34b323bf7836c1862be,516da6aae78cfff162827c31b8029c1d,10f256f30e57fb1b5031a0e0bbad8536,,d74273e96928e6b7617a22bf2aa31da197b38cf2364969a752c1c6881c23a28b,107,
d74577d8ea5d891b1d8196a3bda8b7f672131911cd04580733be7980a2bfe080,cgt,main,0x536c2622748118a82bc9fb15a450d828966d9761,1552ea0cd69f3c74ec19e7ed28d676a1,07ce92e3f8e60a4d3fd17e8feb760215,,d74577d8ea5d891b1d8196a3bda8b7f672131911cd04580733be7980a2bfe080,101|104|107|113|114|115|120,113
d77c3f0409ffc73e236016b5d2de849d8c973917860ceaa8cb01e58a0ab2015d,cgt,main,0x0ec4207aa379dfcd9239e987530b95a55178e5eb,da17d9210701f99ef7b6183900c09a0b,9bdef4ffb08cc51b100dfae658cc35a0,,d77c3f0409ffc73e236016b5d2de849d8c973917860ceaa8cb01e58a0ab2015d,101,101
d78da025e0f6e0d0eaeccf5a5d310bd488a807848c675de18760b3d3a88e3987,cgt,main,0x817b0a0855fa6e1e0b9a994979b3d5bf864d9560,d1e806c13f6e7cb8836c72897b9ca621,c6a84535108bfae18712509800aa8ff4,,d78da025e0f6e0d0eaeccf5a5d310bd488a807848c675de18760b3d3a88e3987,101|104|113|114|115|120,101|113
d79a474daeb596abb6589ef9af4ff36338266d199fe6ef270862e7acfd25ac5e,cgt,main,0x9220d625bd6bea95c865b3c4faf273bfbd6bc48a,34ddc8a72195359cc50ccbe4b748faa3,edc03e9e103cda6e19df7ce62965c996,,d79a474daeb596abb6589ef9af4ff36338266d199fe6ef270862e7acfd25ac5e,101|104|113|114|115|120,101|113|114
d7e2bd3861f2d8f1c62059a81846a1fd2ae73dfe63ef6a568386d2fadf8222ed,cgt,main,0xc5b2508e878af367ba4957bdbeb2bbc6da5bb349,f42d7db4e52be57412506133308c0f3c,e7c484f3244db061577001552cb50fe5,,d7e2bd3861f2d8f1c62059a81846a1fd2ae73dfe63ef6a568386d2fadf8222ed,101|104|107|113|114|115|120,101|107
d8333798ecfc947a5ba8ce3732e5ebba45cdadadb6cc5777a906a2fd0a1fa268,cgt,main,0x4ddaf983302f451a5a6dc95af102335bf280d9a7,e29ccfffe68ef35ed0424d49f4bec9a7,5cc81829c62bb476ed3fceb59933bb85,,d8333798ecfc947a5ba8ce3732e5ebba45cdadadb6cc5777a906a2fd0a1fa268,103|104|107|113|115|120|128|135,103
d839dd09bcc2610f2f5415ae5c350050601e26b65bb8375327ac2aa7660e065f,cgt,main,0x4fd997ed7c10dbd04e95d3730cd77d79513076f2,3253c7831e04d20c4fbc5d067616f8d4,f2c98d585a24e4c8e0544135ebec4e64,,d839dd09bcc2610f2f5415ae5c350050601e26b65bb8375327ac2aa7660e065f,101|104|107|113|114|115|120,101|113|114|120
d83d8610f08cb4c3ad4cb5c2d6b3597a0ab93c3204f5924da294758b9771d20d,cgt,main,0xf45717552f12ef7cb65e95476f217ea008167ae3,697e491aa9a499c0c9741e2c3e440e68,1c651b2a2a848a14c7627d947d6186cb,,d83d8610f08cb4c3ad4cb5c2d6b3597a0ab93c3204f5924da294758b9771d20d,101|104|107|113|114|115|120,101|104|114|120
d840387a1dae88248de703b6b79bc9ac3ced980247683121602bacea025a1ad7,cgt,main,0x56705bc85a98853ee2df3834d2b3079cdfed87d8,191708f41bfb5da94c5905270d062476,c9d5d20779af2896394d16239b80fb35,,d840387a1dae88248de703b6b79bc9ac3ced980247683121602bacea025a1ad7,101|104|107|113|114|115|120,104
d842e6ebafc3d6b4b0ec7f55ffba0b6dd1565df75d6a59702908879788921040,cgt,main,0x2af5856c54dc749729f49ed6ec5228d71ad2febe,4a3e2abd0ddf94cba8c0987abe6de8b9,1589964f9200d11cfe51f3bb23d30a6a,,d842e6ebafc3d6b4b0ec7f55ffba0b6dd1565df75d6a59702908879788921040,101|104|107|113|114|115|120,
d859d49e55f2d5de9cc9bd13be54127176daad8c3c021e215564070008808bdd,cgt,main,0xf70ce1be9685b0cfb531bc712d3faace858b5bfb,455fee9f65fcf4764e594cfb6c1ba9ce,937f3c44468699cf7d9a9c4ed6f47f5c,,d859d49e55f2d5de9cc9bd13be54127176daad8c3c021e215564070008808bdd,101|104|107|113|114|115|120,101|104|114
d87845c3dddd368a38b8550be6d207fb945e7bb54d0054e545af1befe3da94c7,cgt,main,0x22f83d39a2148dd389ed4c7a9280f57d5c8679da,ecec079b6ffc68b62917181d360b0f47,0b6d00be2505385315d1436f0dee7898,,d87845c3dddd368a38b8550be6d207fb945e7bb54d0054e545af1befe3da94c7,101|104|107|113|114|115|120,
d8979b6bd4693ab69532e6398651e5d5ad8546f6c2b181301f1f3a6a55a431ef,cgt,main,0xc78daa292c7f44dcbf138db81dc25272138f5aaf,6fc7d106c287e967c489f2e7ccf17141,7963dd2e389992a89d810c88f2b5f6a5,,d8979b6bd4693ab69532e6398651e5d5ad8546f6c2b181301f1f3a6a55a431ef,101|104|107|113|114|115|120,114|120
d8cdf445e93ac38bb1220d549ef5e23551d641eca8b125c1ca210e5dd3816948,cgt,main,0xd7784ddb103479ee3094c7816dd7918e1ae3997f,6c292f487cbad0041fe54f31fd600f39,83b076ce5dee6c208189065de56be1ca,,d8cdf445e93ac38bb1220d549ef5e23551d641eca8b125c1ca210e5dd3816948,103|104|107|113|115|120|128|135,103
d8d3dfe4a42965c5bf47d4ed2b0e53305aac49579d13ab626e525d64ce1d5961,cgt,main,0x6291a36dafce228f110024aaec02d3092a7cf26a,43e3566af5fa56f4c292339afc5f5cf7,fd11ad3c0c2e881c69add0096c3135eb,,d8d3dfe4a42965c5bf47d4ed2b0e53305aac49579d13ab626e525d64ce1d5961,114,114
d8fbe94d9468706cfbf5be40420e5687ddc210123ec64108d0e8f5ab4db0726e,cgt,main,0xa2288f76338c9efed9429ee71854a0cf98b52b3e,46b3f2a8b6fca5c4805d1bb39adf3969,3998108517a29035d1bf911350890f03,,d8fbe94d9468706cfbf5be40420e5687ddc210123ec64108d0e8f5ab4db0726e,120,120
d8fc24c80ce43f9a143e5c14f68d30e29f2ca4d55ee6154c8e17060e5b6209b6,cgt,main,0x1e2ca24d0d32580f6f514aaf01763b78cb7001cd,712768901e5f413788f836ae92f04a24,35714e84d251eadfaddea9dd36a9bd29,,d8fc24c80ce43f9a143e5c14f68d30e29f2ca4d55ee6154c8e17060e5b6209b6,103|104|107|113|115|120|128|135,
d9149508240273c591c2966c6060e44db5c47a7ff61cd2b0f2bec6fd2d38eec7,cgt,main,0xe57a41170f18fab3248d623f06bd92b32260fae2,d800a617362d0a44600af37dd57e4790,6b9d38fa45ff0705c9ee16484e1a7b9d,,d9149508240273c591c2966c6060e44db5c47a7ff61cd2b0f2bec6fd2d38eec7,101|104|107|113|114|115|120,
d915c2aa971b98fbcff4026ad86e6913c2e47da67c14ce115cf45b29f1089079,cgt,main,0x39df5af51c47256e5c63b3dae1a21f3da4a58e89,ce94fcd68045d3fdae1d5d8553916561,f116dd6e081d8f85d01b93155cbffa7c,,d915c2aa971b98fbcff4026ad86e6913c2e47da67c14ce115cf45b29f1089079,103|104|107|113|115|120|128|135,103
d918b7a0b62fcfec32aa31c752e1e8ea5c6864d92f1e9fa2b54359227c3bb1d7,cgt,main,0xe1e8eabd8fcf08ed50ae1f2ed4710c1a1f38542c,3c0821de20eb8e551fa8227f1385031b,4132df96af5c279646296fa385d76b20,,d918b7a0b62fcfec32aa31c752e1e8ea5c6864d92f1e9fa2b54359227c3bb1d7,101|104|107|113|114|115|120,101|113|114|120
d9365d54c96cad706d6104ab0132a1f1bdd8b3a4a96f23ace053ba89b41d72d2,cgt,main,0x5783af06b94192a3f5f6610ecef477d033b70c74,10c2cbcc6977267ba11600b2902e74bc,dbcf8f8fec36896f6f5e7f65f7baff46,,d9365d54c96cad706d6104ab0132a1f1bdd8b3a4a96f23ace053ba89b41d72d2,103|104|107|113|115|120|128|135,103
d9bd1709140ee49df857778c52c874257eaf1fc82242311425be47d9461992a5,cgt,main,0x8e0806b4e7aa1e74d798124756bcf1263cd830d0,119e07ccb65447960ecf7340ca1884bb,e70bcdb974eb2563c9426a3d473052da,,d9bd1709140ee49df857778c52c874257eaf1fc82242311425be47d9461992a5,101|104|107|113|114|115|120,101|114
d9c82f3e4d4b78a86f58e519987bd9e2e09d6e6c10173dc177a2e5f8cf155277,cgt,main,0x1e2e3cc6ce2e87a9aa1684e948e41a17c5ac3ecc,c0f95b04323248281aab367e9e19e2fb,19046982a3d6edb36e479c262b75bb98,,d9c82f3e4d4b78a86f58e519987bd9e2e09d6e6c10173dc177a2e5f8cf155277,101|104|113|114|115|120,101|113
d9eed68e1807e42f61d9f53b0e611b47b7dc2410b77a9d708de09695de190cc9,cgt,main,0x7da90089a73edd14c75b0c827cb54f4248d47ecc,c1275c642ae75ccba3074f0861210f50,489e3eea56b4ea91cb74c12dfb51f6cd,,d9eed68e1807e42f61d9f53b0e611b47b7dc2410b77a9d708de09695de190cc9,103|104|107|113|115|120|128|135,103|128
d9fc01015c635ca56a5b26dc052404744312b14aec8585f60439dad6f2ad538a,cgt,main,0xa850e6f693b9bcb31df3ee44e7888ef19e608107,4dce84e81d4dfe25470ec2a20e419562,6a6018108d556f0c111e812e731cce81,,d9fc01015c635ca56a5b26dc052404744312b14aec8585f60439dad6f2ad538a,101|104|107|113|114|115|120,101|104|114
da7abc0239a25595c22c268ef4766f7d706e9e295d659d69a0a0c02876827432,cgt,main,0xbf29685856fae1e228878dfb35b280c0adcc3b05,6a48746d9ee6a6e57dbb79cabf1e1be4,52ae77b52f98c26dc30f2cda09b701c1,,da7abc0239a25595c22c268ef4766f7d706e9e295d659d69a0a0c02876827432,103|104|107|113|115|120|128|135,103|120
da8031e403205686e9ebe869cde8554287e670b05213c97a6f0b4bb207981b95,cgt,,,541387726c0ad6bf1da9db2e71d4e7ec,af9adf13690c1e57344beaa754e8f6cf,,da8031e403205686e9ebe869cde8554287e670b05213c97a6f0b4bb207981b95,120,
da87b961bec5299ba642d210b10b070e8c00071816e34d19ca02db24784da032,cgt,main,0xaedde4941e7eac04f97be3a89af50a454d7c5f89,a1545de1ac136fdd32c85899e05c4679,ab18f3bbf1c19ec7f3dd771d6a96c41d,,da87b961bec5299ba642d210b10b070e8c00071816e34d19ca02db24784da032,101|104|107|113|114|115|120,101|113|114|120
dabe9cfd5e015895d210dc3b42b3c030c9d71dc06cf6f4a246509b518ff7795b,cgt,main,0x8c628caaff01b61140f5576292bf57154e119b0b,d200238bb2af05055c6eb918be4485e4,c8319fd060af5cd5699d03ef0cf41240,,dabe9cfd5e015895d210dc3b42b3c030c9d71dc06cf6f4a246509b518ff7795b,103|104|107|113|115|120|128|135,103
dade637d72869efd7ad90813e35356cf9b58ea66aa738548c76cc808d2cef3bd,cgt,main,0xa9659531a174390b6921ffd540365bbb02297f10,54c0c20027386cc2ee958d88b8577fe7,fd918e5e1cabdc14c959aca4af8b6f64,,dade637d72869efd7ad90813e35356cf9b58ea66aa738548c76cc808d2cef3bd,101|104|107|113|114|115|120,
db01ff64edbd6c73d4150e76aaad281da3b73d4d98aea4ebec065651082333b0,cgt,main,0xf7e9626dbaeb1a6c8b3d02379eb54b81f16e785f,d8ada46322514b9554ea13a04b0f73cd,c9c40a4d3b33dbb9728d3fec93d6920c,,db01ff64edbd6c73d4150e76aaad281da3b73d4d98aea4ebec065651082333b0,101|104|107|113|114|115|120,
db293c780a539e1a87938fd2c767943b1272afd89fdce8aa586ad17f5c9ab2f8,cgt,main,0xc797f7d82962157b4c73d43dc7723df0f82c0194,5701b98685fe42fff09452df4cf469b4,d00a3023c4c9196079a0c73e9b56e82e,,db293c780a539e1a87938fd2c767943b1272afd89fdce8aa586ad17f5c9ab2f8,114,
db6b7f3a49ad2eedc5c7853b8af109c42fc3a4ea9a8d5a616f079338615b2fa4,cgt,,,5bcf71f17acf6ce2e8e41e87f3cf3cad,ceabc1adbbb73d47c10c7cecbd7d9a29,,db6b7f3a49ad2eedc5c7853b8af109c42fc3a4ea9a8d5a616f079338615b2fa4,128,128
dbd2b7014a06064738c476ab0e7331438b3c6495a056099a14273577d3869a20,cgt,main,0x341e790174e3a4d35b65fdc067b6b5634a61caea,aa748acb14f25873bb0b4a2f841b1a14,573eb8e93f49912e9f5a3ea5d2eb7cd4,,dbd2b7014a06064738c476ab0e7331438b3c6495a056099a14273577d3869a20,101|113|114|115|120,
dc04195b2eb14e14f44612ec5241ea16356528980a684fa5f4b20fb57837a99e,cgt,main,0x5e569e1ecd56fe30dd97ee233ec1675b60fb6680,394e2b8f60487d7ce91552bb9e58ad1d,0f815030e9110d646ad4702998d884f6,,dc04195b2eb14e14f44612ec5241ea16356528980a684fa5f4b20fb57837a99e,101|104|107|113|114|115|120,101
dc08e46897741a7151db5c50e7105f809dc214e04426248dc51e4f5dc19d2c2f,cgt,main,0x9b8c435196c8398ff021f375535cf04e3459b15c,f40d5bcaf61d59219424cc68d5523bd3,85b0711c0708357fe650e313e4e75d1d,,dc08e46897741a7151db5c50e7105f809dc214e04426248dc51e4f5dc19d2c2f,103|104|107|113|115|120|128|135,103
dc0e82fcd0ffbbd0ad9f5f97a7a0566c586f59dd965a3ec5bab412e60edda20c,cgt,main,0x1b75b90e60070d37cfa9d87affd124bb345bf70a,cba320e7b0eb2499cd29ef4e89c52448,00c94a83745508ae9e4be6e3e9e9cc05,,dc0e82fcd0ffbbd0ad9f5f97a7a0566c586f59dd965a3ec5bab412e60edda20c,,
dc70ebc4f5ee7543139e417274049b6e40b5efbfaaebaaa74ba0d10f691d6f34,cgt,main,0xadff6c38f194630d05e2f9862c9b2377fa3d98f2,530b9691e9c3e9451670fedce1873c43,41b760a369d06a22f195cd2a6edf01ea,,dc70ebc4f5ee7543139e417274049b6e40b5efbfaaebaaa74ba0d10f691d6f34,104|107|113|114|120,
dcb7c2ad2effb39c0dd2eea766c65cbcd4a3e28f843b8719ae56651a98598e62,cgt,main,0x6b609d9095d069c805650234ab67595b3a6ab934,f4f70714345b157316e0dad56b0408e9,39a7927c64f5ecceb85364a5f54899a2,,dcb7c2ad2effb39c0dd2eea766c65cbcd4a3e28f843b8719ae56651a98598e62,103|104|107|113|115|120|128|135,103|115
dcba4152d00cf745a89622a4df6cc4105f4d692a913c2971bf43125edd9a1e50,cgt,main,0xbaa3de6504690efb064420d89e871c27065cdd52,c66455214efa2c94eec5cd200705ce6f,ae123dda86ce3fda4d6c8e1b8c19d83b,,dcba4152d00cf745a89622a4df6cc4105f4d692a913c2971bf43125edd9a1e50,104,104
dcbfa989d0cd93a54c863ecd0f5764b37ba7ac732570ca190f6a9f76b18b5c39,cgt,main,0x99bab102c0a03438bcfd70119f07ee646db26ddf,27d7ead5c9ee3beb34c9d1362e5f97ca,762779ccb42ac28568c9f14f8c00392f,,dcbfa989d0cd93a54c863ecd0f5764b37ba7ac732570ca190f6a9f76b18b5c39,115,
dcc94b8038983009fb85bc74926d7192e7753cb91ab9a7ffef1988ea324efd3a,cgt,main,0x535ab96be208f115302facee73ae976e9174ac0b,3cedf823a42047b91e1e54fa3d641fc2,39eef7c2c1ebd2ab7655c6d36c154669,,dcc94b8038983009fb85bc74926d7192e7753cb91ab9a7ffef1988ea324efd3a,103,103
dcde39a35f23b9204afc947dd25e03ca8e40cbc597a005ab57d7ec923794dc31,cgt,main,0x9a4ee79ab5ef423162873d3df22047b392492e58,90bc6aeda32688bf7ed1c4642530adb0,278145aec28b11bb731d8df70c5f83a3,,dcde39a35f23b9204afc947dd25e03ca8e40cbc597a005ab57d7ec923794dc31,103|104|107|113|115|120|128|135,103
dd07a31f45a50aadbe34ce0d130d54b887475dfddd6f09f5aec6c7916368ba55,cgt,main,0x2a650356bd894370cc1d6aba71b36c0ad6b3dc18,daf09b2feb29fd6a99a6c1f93095902d,de0bf2e5a827348eed529257c50760bb,,dd07a31f45a50aadbe34ce0d130d54b887475dfddd6f09f5aec6c7916368ba55,101|104|107|113|114|115|120,101|113
dd8bbb16414e478cb90a2bf5fe1fb963cb803499a5477a4b68dc48021cd17de0,cgt,main,0xca16790e9bb125392960e78befff1d4df4cb5b58,9043a3d0f711bbf33e3ff7464d6bf5cd,76410d78b501647244b4e60a892daafe,,dd8bbb16414e478cb90a2bf5fe1fb963cb803499a5477a4b68dc48021cd17de0,101|104|107|113|114|115|120,101|104|114|120
dd927f22bb63d72129b71ab7f99090df81c13114695bc3f8d368955a69e17159,cgt,main,0xe28942df3b9502193a3547e6f6bad16ce63b1e2d,2f2d3d6ced5904f1d9baa8adcdca9def,684b26230577c64d40bf22098cd4134f,,dd927f22bb63d72129b71ab7f99090df81c13114695bc3f8d368955a69e17159,107,107
de011d6973ed738e5c7f29b87d165b6a1b34ade7c39b771230f68771e69af272,cgt,main,0x9d3899df1d9f030a32dd5571fe3c7ef72d6ae566,3e041a3032c6e6e155fbd5ae6750e520,79e5237679f64686ec884614a47cde50,,de011d6973ed738e5c7f29b87d165b6a1b34ade7c39b771230f68771e69af272,101|104|107|113|114|115|120,101|104|114
de187530ed1a12f8a990489aa5c678a0089d27e88dd4d43aa97b2737e84459a7,cgt,main,0x4b8e1ad58657f8b4b036ad12afbcef54d24ac9ba,c7f28bf0309be4a3fc1fc8000814e953,7ea78f39e5b237d79aadd56f3f9a8d9e,,de187530ed1a12f8a990489aa5c678a0089d27e88dd4d43aa97b2737e84459a7,101|104|107|113|114|115|120,101
de2171f97d7197b8c0df7b808930e6b4ec2b609622c3f3f1bdb40aaade899e54,cgt,main,0x6cafdc06177f6f4b4b4638c987397b07cd948aed,25e3fed096e4a82708cad2513193cf62,de642a9c535dea1246e614a65cbde7c5,,de2171f97d7197b8c0df7b808930e6b4ec2b609622c3f3f1bdb40aaade899e54,104|107|113|114|115|120,104|114|120
de26142d8e072a90d490538daf559f2c92818cfca4bcb81eeb0129ee9521f201,cgt,main,0xfdf8de115951517d16fdaedc088d2b67aed5b031,0e3013b25997db3a6652f8c685061fd4,745fa4d1ea2a8c0fc6bff604bdd9344e,,de26142d8e072a90d490538daf559f2c92818cfca4bcb81eeb0129ee9521f201,104,104
de373f93531a9d39598d7453ab0e7bc26f6cfb9dd934736b1926c67f7a31c560,cgt,main,0x2c875e5ea4706b1978a41b59edf2d3af31d60e70,ffabae15790a0a0931cf24b05416b727,b52ee3faf4a32e93ac750e3983dfe9e8,,de373f93531a9d39598d7453ab0e7bc26f6cfb9dd934736b1926c67f7a31c560,101|104|107|113|114|115|120,101
de7df2b131e04d09e66af6019138fd5c6a8f2f3bf8054e8babced48384b1722f,cgt,main,0x5ee82a5250ac20f0bbe2f55cde273937461c882f,38308839ffe0d8832256bd480306e2d1,dc48d6bad8243e5fabbd975e955492d9,,de7df2b131e04d09e66af6019138fd5c6a8f2f3bf8054e8babced48384b1722f,101|104|113|114|115|120,101|113
deb9291e457165166d01059990f0ab5c67b4ad94f63346096c4f0a7b37c6b708,cgt,main,0x84d50ebf4737331fb41ff9e3c6c324262c5b661c,4a02061dd5a0dd527fcfbfcb8e0eaab3,5aeb8e77b68297ef8921270dc9379e85,,deb9291e457165166d01059990f0ab5c67b4ad94f63346096c4f0a7b37c6b708,101|104|113|114|115|120,101
debfa1678d21cba672123cd9be3ce3f2c199fb14eec4e93510ef981bfbefaf9d,cgt,main,0x35d3bcec3031cd342377d1258c506f46ce913625,1ad4b6cec8d2ee814994695e684fdf42,8a589fed6c71b5ab1b9e3d4d8cb32462,,debfa1678d21cba672123cd9be3ce3f2c199fb14eec4e93510ef981bfbefaf9d,104,104
dee234da9ed3a66bfa9359c09ccc24148e7dd2421211579b29d51b9cd9d9c08c,cgt,main,0x047187e53477be70dbe8ea5b799318f2e165052f,8380bed6cb8a1db34e0d73413a8ec95c,273a579ce7238e4494c4d45525de437d,,dee234da9ed3a66bfa9359c09ccc24148e7dd2421211579b29d51b9cd9d9c08c,104,
dee4bc4f30187cb2bc9a82312b073c2792dc6dce57b8aa18fc37b0d619850e5c,cgt,main,0xdfc328c19c8de45ac0117f836646378c10e0cda3,3d2163c3be42a1d3b4172eeccae49af3,262d901269f1721a96bf7bd2657bd33f,,dee4bc4f30187cb2bc9a82312b073c2792dc6dce57b8aa18fc37b0d619850e5c,103|104|107|113|115|120|128|135,103
df2bebcef500533ab5a5b5e6f1b1c19c4650522ac6d0f598c4dcc3904d2b3dc4,cgt,main,0x50c5712624b58905c19aee87deca593a2690e3f4,925f33c48d9be51f49447282e23bdf83,a8ce5761adb8fcbaceb990fadb534ded,,df2bebcef500533ab5a5b5e6f1b1c19c4650522ac6d0f598c4dcc3904d2b3dc4,101|104|107|113|114|115|120,101
dfa883aea69c7539e3fca5e9a7681c51a3467bef7c49de926b69c995322f6b39,cgt,main,0x91bd62e48282ea188998d04570ed8a3e237d3a6a,ecc45ca074c384fa04ee2dc46cfb1bb9,d9d82716e479a780e82a65795cff6eaa,,dfa883aea69c7539e3fca5e9a7681c51a3467bef7c49de926b69c995322f6b39,103|104|107|113|115|120|128|135,103
dfac83e9f0710903b34cca28e395ba37534bfc3dcda513bc244b86885e8802b3,cgt,main,0xbe4041d55db380c5ae9d4a9b9703f1ed4e7e3888,8c2edc4faacf21a21749e77e1ec03164,eb8278f28160ccaccb6eef909dcf2b3a,,dfac83e9f0710903b34cca28e395ba37534bfc3dcda513bc244b86885e8802b3,107,107
dfbebe1c87d7ff1ebee43d19e89ef77730b65df08ce739953da969990781259b,cgt,main,0xd0a6e6c54dbc68db5db3a091b171a77407ff7ccf,744604a6688a413ee644a62a2e439dd7,89c567a2b15207488d362f18e67bab63,,dfbebe1c87d7ff1ebee43d19e89ef77730b65df08ce739953da969990781259b,103|104|107|113|115|120|128|135,103
dfc6e25a2dad71700de50b33885c3e6ab88e882d2020806a26f9e0ff17ef11e0,cgt,main,0xe531642e9bb5d027e9c20e03284287b97919a9a5,b7cc09c2cda05aae4bf9c3f3041446be,aaba9c386c06873e576da36bb343f1b8,,dfc6e25a2dad71700de50b33885c3e6ab88e882d2020806a26f9e0ff17ef11e0,103|104|107|113|115|120|128|135,103
dfedbf3e117b95b4bcd625b28fc46f17e5a9b77a8e10353f8a5612b326b8a4ca,cgt,main,0x2a28cc275b458019910e3b8b8ee58f17eb6d38c8,60bb8426137296eeea24b9a143611ad3,7a866f56bd74533ef70fbf5ed6ed5397,,dfedbf3e117b95b4bcd625b28fc46f17e5a9b77a8e10353f8a5612b326b8a4ca,101|104|107|113|114|115|120,101|113|114|120
e00378f534bd896d7cd7ae8d2db0b82f40fd2b6bed4e54c3d54e99b298d4881f,cgt,main,0xe98fd877793e799c0f7b7215cbf26b77b2964891,b5fae6eae579488c16b1d2ba0e83cc85,e291eb2cbeada24215a6d0991747035c,,e00378f534bd896d7cd7ae8d2db0b82f40fd2b6bed4e54c3d54e99b298d4881f,101|104|107|113|114|115|120,101
e0043e6de8217be797c5dd51a650e661ff2261f3353f359f974671e32744376e,cgt,main,0xa0174f796d3b901adaa16cfbb589330462be0329,dd43ed903ce5245ef146916371bc0953,0ec09d72c853be46d542d324c85ba6fd,,e0043e6de8217be797c5dd51a650e661ff2261f3353f359f974671e32744376e,107,
e03a9849414d1db654d888c5b033c4c97b3777c775d6373e86d990f8a9558645,cgt,main,0xcf686b9c6d185d0091d07df8b9953702c78b0c20,283095b9ef6a80e0092c339db22316d8,a2d3866838dbe8969b6c01e3579d3b9d,,e03a9849414d1db654d888c5b033c4c97b3777c775d6373e86d990f8a9558645,107,
e0b20336e54ab3eb7c67889e93d9d83591f10a82c3bc5177b915cd5d47efe74b,cgt,main,0x72a68fb6d91ed8dc47b564e088e518c6d4a6ff44,3a1d107bfe45e532aa1dbf3ede4ad6ed,02971521ae6bcaf1e29aac9af5bc180c,,e0b20336e54ab3eb7c67889e93d9d83591f10a82c3bc5177b915cd5d47efe74b,101|104|107|113|114|115|120,101|113|114|120
e0bbc0e3c8da351e8ca9e9ed362f708635298ab15a4edbd7605830da80550bf8,cgt,main,0x3ad14db4e5a658d8d20f8836deabe9d5286f79e1,e2726e77228e4b33770f3428b4d29d74,7b47b4bc1c08cefe7aefe8b731269486,,e0bbc0e3c8da351e8ca9e9ed362f708635298ab15a4edbd7605830da80550bf8,114,114
e0d9fb798a2e2043336ed4a91aa365adac5310fa7c13774d4c7fbdfc9c598b1a,cgt,main,0xd23f2533b726c9cb1fb9ed109b82e5a8f01c881e,6099d099c3e554557cf69db255a3ddf3,caf67090f1dc69e0187a45eb52713cab,,e0d9fb798a2e2043336ed4a91aa365adac5310fa7c13774d4c7fbdfc9c598b1a,101|104|107|113|114|115|120,
e0f29b35523cb11859c210d12bee467ec90ea94bdddd2e9d543004cf8bac4088,cgt,,,179be9d4489e623ecf0742a739a71eaf,104be2091bcb20563803a9a3b39c0b48,,e0f29b35523cb11859c210d12bee467ec90ea94bdddd2e9d543004cf8bac4088,128,128
e11a2484953e8c88589bae51beaf4a4d30e7e1a3634cfb87fdf5c42a665ae39f,cgt,main,0x0b983fa1bcbdf24bdbfacb660faa76c586a16c64,ac53e9f6fab22c7e77b31311eb16d7aa,4bb16cadbd17125c99796ae6e326fc49,,e11a2484953e8c88589bae51beaf4a4d30e7e1a3634cfb87fdf5c42a665ae39f,101|104|107|113|114|115|120,101|113|114|120
e12137a7260e5d9a75fc3594e23e15ddaeef7b5af1b3d84f846d34f4e178d493,cgt,main,0x092d3374f942bb4a99ce64f37fa7e661fdd1e74c,2462475f8bde24f08a83903a13038313,9ee95f4720cf5d48a574ed2b1a2371b7,,e12137a7260e5d9a75fc3594e23e15ddaeef7b5af1b3d84f846d34f4e178d493,103|104|107|113|115|120|128|135,103
e164b3a6d3e07eba016ede05148c035d8e3fccd61e2330ebe480559564a78d64,cgt,main,0xb84005872b407999a4a97f91d5ef40baaf1b9dc2,db532de2533f092b5eaf05b43bc6d501,9d833ac80dbb4b222d37cb40a2189f0c,,e164b3a6d3e07eba016ede05148c035d8e3fccd61e2330ebe480559564a78d64,101|104|107|113|114|115|120,101|113|114
e16c8fa480c2a910c90b9fdd11d6dbd2ad5efbbfc466abd1305b77793ecaa73b,cgt,main,0x32304cdbe41fe4f1c48b08356414a52957d22d3b,61f69dc33d59bfe43445e69a6051be75,b13c20344d22917779fc498a01110dd9,,e16c8fa480c2a910c90b9fdd11d6dbd2ad5efbbfc466abd1305b77793ecaa73b,101|104|113|114|115|120,101
e172c8bf16a2f927b25a244f995485985aa570892a13a5ca66ef43de9ff020e5,cgt,main,0xa864694cacdf27900afb3c32b1b07aea3c465dde,479ff98af5f618f03c92f75d545925ff,30083c318e0b798902d91ee79e5d1680,,e172c8bf16a2f927b25a244f995485985aa570892a13a5ca66ef43de9ff020e5,101|104|107|113|114|115|120,101|104|114|120
e18d4cd3a436a137e0bdf3a5058c2c1a8b5d7f121e1111636d615462a32bb5ac,cgt,,,602105af26babdd5806812c663b07abb,faa08a4ab27ef34bc9f6a8bd204fa843,,e18d4cd3a436a137e0bdf3a5058c2c1a8b5d7f121e1111636d615462a32bb5ac,107,107
e1921da50a70c77a5f80783e837f9940850ff3e058ef3e7e115c4bbaa5548a24,cgt,main,0xb834a20ffe2c3feb10bc2f4d0f43ff532395e117,f68496feacf00082f653a9040843b7aa,76f53a6d4a86260f72cdea8dcbf06926,,e1921da50a70c77a5f80783e837f9940850ff3e058ef3e7e115c4bbaa5548a24,,
e1a5cd7a1e8b985ce8f0ab56442f20d91483836e90d2a1eb61e854b1e360eda2,cgt,main,0x740e6b6f0a0165e8bb3d1cdf94862bdffbded22e,6663c11d2ca79c3274336363ee433314,af04a50672d11ef9ec2ddcd814b1ef72,,e1a5cd7a1e8b985ce8f0ab56442f20d91483836e90d2a1eb61e854b1e360eda2,101|104|113|114|115|120,101|113|114
e1c1fe1699823b92ff3534ed2bdbe40b360814dd7a13b39bc91b45ca47b30f7d,cgt,main,0xe123d4103e14edd84bfc2158f8d55c1c43f9efc3,04344894bcec61825b9bbed2946e97b5,854ae6dc4903f1e9fe64846b35449305,,e1c1fe1699823b92ff3534ed2bdbe40b360814dd7a13b39bc91b45ca47b30f7d,114,
e1d806d60895441b1eb31dd75eab59c2e7fb6187304d60859c4aa06328423324,cgt,main,0x9bfe61748ba9b71789de234d2bdc8fa21047d3cb,1be5cea56b30131c0fed5c98d9c49f86,c214d6a0fb491cd6fa1a652c6bf9b54d,,e1d806d60895441b1eb31dd75eab59c2e7fb6187304d60859c4aa06328423324,101|104|107|113|114|115|120,101|113|114|120
e266291ab80862b95580a239f2895a6d1b1ef5ab211b5ef517d5f1ac0db91a28,cgt,main,0x83b6ad8e37ab7a4f71da533a35271484270ec6c2,2a946b332cb5336dfead53d2f52685de,f4d826327f9d3c7bc78bf9f9013837ae,,e266291ab80862b95580a239f2895a6d1b1ef5ab211b5ef517d5f1ac0db91a28,101|104|113|114|115|120,101|113|114
e2adc6628c700e67541f0251e3604c59ef683398c4787d9337c3808968b41ffc,cgt,main,0x2ef76694fbfd691141d83f921a5ba710525de9b0,f15493bbaa87e34dfa3cd38e6422b49f,38a5a2e6a4c2a670eeed2b7ee06bc41a,,e2adc6628c700e67541f0251e3604c59ef683398c4787d9337c3808968b41ffc,107|113|114|115|120,107
e33ce0601620231d6b62f8b72d05f9e56243baf908c985f96480086fc88de302,cgt,main,0x93ada935f8fea45c7ac043ecb6a3c61458d91c2f,517102dbc896189c09f38ea83acdf956,9eaf488a656439fc5380dcd667f20394,,e33ce0601620231d6b62f8b72d05f9e56243baf908c985f96480086fc88de302,113,
e3e5c6573054b581172da15c448a27379b0f1cfeb86ed9b686ece87865e32b88,cgt,,,5bc6f7ff8db88d67441168ca54f8b810,d0259abbe3b4e7279b15f15f798c43ca,,e3e5c6573054b581172da15c448a27379b0f1cfeb86ed9b686ece87865e32b88,115,115
e410f2235e943901cadf3118f2069d7439e849497085b956064dbbd6393e6184,cgt,main,0xbad661c5a1970342ade69857689738b6c8d9da51,56acaf209f1d327cc59ad07abaf1e152,fb0118301087550c688aab07ebcffbfa,,e410f2235e943901cadf3118f2069d7439e849497085b956064dbbd6393e6184,101|104|107|113|114|115|120,
e4228a86f6012423d508744969ac6f3e1617cb71f9ec47b98acebec5cf397fce,cgt,main,0x0eb68f34efa0086e4136bca51fc4d0696580643e,89beecd1de8963a7894fefc480be8e91,3366a7e5eb8a3fcc187010f2a168b32a,,e4228a86f6012423d508744969ac6f3e1617cb71f9ec47b98acebec5cf397fce,107,107
e4500d220a7b1eada287b40a87dd76e771821bbe420bc710268940b02d9be0fd,cgt,main,0x1d5854e7f4dd81d9d4c09097d3cc736c7771f234,b463fa9f82d46079da6020505737aae0,caae7503c46e59d74f1fed3a619a3aeb,,e4500d220a7b1eada287b40a87dd76e771821bbe420bc710268940b02d9be0fd,115,
e461c6875adf7ca4b6501ef195d4a983cdad4bb73004750ac1aaff1105a6b802,cgt,main,0x4671ebe586199456ca28ac050cc9473cbac829eb,85a1cb349819ba3a48f6b3b53531f3e4,89903892db4586995737679d0bc8437d,,e461c6875adf7ca4b6501ef195d4a983cdad4bb73004750ac1aaff1105a6b802,101|104|107|113|114|115|120,101
e46a950edc3659e957f86de61c6e39d2d561135665e749e1cb182be3b84f8be3,cgt,main,0x587d6669a2743a1d6094f150006f56f85b5aade3,100f0cd07e3d2acd7372ca823957b8e1,b4ee438ab9672093210719ae33c48f09,,e46a950edc3659e957f86de61c6e39d2d561135665e749e1cb182be3b84f8be3,101|104|107|113|114|115|120,115
e47ec8a113457aee60101c94314fc8c290ba9fb2c73d97f05baa7059d36449e2,cgt,main,0x1c36318a0b2a36636a32f9a712f5a709b4016f77,afe6b0138ed1ed1cdd1ec3e8189fcbef,c289edf8b62bc5ddba707c96e85c16f0,,e47ec8a113457aee60101c94314fc8c290ba9fb2c73d97f05baa7059d36449e2,,
e48fb744be3a10e7efcedfca6b7722c01ccd341d3516886b06fbd35db89e5c2e,cgt,main,0x3268ecb4fcba1ca9f43da8ed05ffc80382cef1da,7c3b91a25cea155a2f62aac1e143aec0,00364ae0a2e7984d9c4fee504e990858,,e48fb744be3a10e7efcedfca6b7722c01ccd341d3516886b06fbd35db89e5c2e,107,
e4f97640c86443fbcca582f6e0b9f2b6240508d50f11a4af58febaff02c751a6,cgt,main,0x7a8bbfcccb6b80579d5965aa8d4a4b2294ac166e,87955a5cc7fad1891bddaa4d2de408e3,5ac076ce71fa797d0c4e065e7010c8ba,,e4f97640c86443fbcca582f6e0b9f2b6240508d50f11a4af58febaff02c751a6,103|104|107|113|115|120|128|135,103
e50fb3862d15f530c1c800f98fe73e1f64fc1c6a989b66363259fe4df42a1d04,cgt,main,0xecae6888e3ea6a2a8dbf95500a1f74dd27c3b54e,713f260cf58ec4cad8ea303d809e63e4,bd9b302101ebd8a2c0c1769b3866189d,,e50fb3862d15f530c1c800f98fe73e1f64fc1c6a989b66363259fe4df42a1d04,101|104|107|113|115|120,101|113|120
e52a006a8c1feaa5f80d903ae1df4315b0edc67c91ea4f3c29240eaad9b9c237,cgt,main,0xca6bea8e144b0a6aebbb412e6ad0e7ff1959235e,7616783836f56ffb659b90984c9f031c,0f9dc2e8e2aabc749e1e5353ac89ce59,,e52a006a8c1feaa5f80d903ae1df4315b0edc67c91ea4f3c29240eaad9b9c237,103|104|107|113|115|120|128|135,103
e545faca11a05b984e47b48dba696c3dd88c47a5f57c0df17112b39ec091a04e,cgt,main,0x39cfd754c85023648bf003bea2dd498c5612abfa,a5dffbcbb0ac2413b38068faf0aedef8,1ca15fea6ac35c9153d504529ab73260,,e545faca11a05b984e47b48dba696c3dd88c47a5f57c0df17112b39ec091a04e,104,104
e557f93d31d4f789072219a0acbd85a6a84623f2b7402335591de7207b3b8d00,cgt,main,0xbf9dd0174741283fdb6e581e9f9ff770bcafd604,e2de1fea6825e364d436b7e36d0be4b8,5439c3c5e30f1472137be43af4645614,,e557f93d31d4f789072219a0acbd85a6a84623f2b7402335591de7207b3b8d00,104|107|113|114|115|120,
e57afc308ed704e1838f772f45f1243904b25fbab6707c45fb4b38b3d2922717,cgt,main,0x50cb0011a52a8415deae370301d78369e6089fa2,da35e5f9ec39c9f2aac09d8ce7cf19bc,5f51a86535de6297f5dfc83e5ec50444,,e57afc308ed704e1838f772f45f1243904b25fbab6707c45fb4b38b3d2922717,101|104|107|113|114|115|120,
e5975904288805ee587b5a14da0b3345ea2d1c72e63b22034bc9280d661e3b50,cgt,main,0xb104df39250112eda59b27f5db7013c7ee132d50,8c4aba83df9426ed2186bfe5af9ba2fa,303ec79742badae7b7af0e7f2776dc28,,e5975904288805ee587b5a14da0b3345ea2d1c72e63b22034bc9280d661e3b50,103|104|107|113|115|120|128|135,103
e59d2fc9589600347ca0f9bbe4eb16a86f0abc9e9773a3d165866026f8b89ee9,cgt,main,0xf77ac34cd0ed42f2b5d8cfcf4fa0f4bb1b80b9d8,ec87b752e04fd0144a018f29da0aaf59,2443493d3e5afddd495e3178333893bb,,e59d2fc9589600347ca0f9bbe4eb16a86f0abc9e9773a3d165866026f8b89ee9,101|104|107|113|114|115|120,101|113|114
e59e3e838bbb2a905bc480af38b41432940e0d533653c8a5d89f9091f2548e47,cgt,main,0x491559dd3dfdbca13edc74569e86c8a0d517975b,b8da685bbc95c861b928901da7d35b24,9042adce5628dd64a24e50cc5eab160b,,e59e3e838bbb2a905bc480af38b41432940e0d533653c8a5d89f9091f2548e47,103|104|107|113|115|120|128|135,103
e5a5fc37483997f5f94beba86eddb8b695bb1a96dd4f91684da8a9a5942e5862,cgt,main,0x41f2d5040726c5328f8366f17041ec012ac8f338,bd20222a3d5f724e9be839e6eebccefd,fb85b2eab43dabc2e5630a1ef1da2877,,e5a5fc37483997f5f94beba86eddb8b695bb1a96dd4f91684da8a9a5942e5862,101|104|107|113|114|115|120,101|104|114
e5b8fc8e34b0386f69be39eda0e0aede2ad6600a7444fa41622f685815e1f9d5,cgt,main,0x34f940a0311f6f6015fee8ddc1e2eb7985202690,8fc113186a09064e4759fd7e779e69b4,b8804bba47d3b4706564a530fe267eb8,,e5b8fc8e34b0386f69be39eda0e0aede2ad6600a7444fa41622f685815e1f9d5,103|104|107|113|115|120|128|135,103
e5dd75897268f38a3b56868078d27b2b7ccf9d9e5dbe595ca6236f971322c6b9,cgt,main,0x33098a5e8f5e932831434748cdad425487b9aaf1,60891d17bfc3484b56a64f70fb439413,d823f67d7e7d0f06050e0f45cf699891,,e5dd75897268f38a3b56868078d27b2b7ccf9d9e5dbe595ca6236f971322c6b9,101|104|107|113|114|115|120,107
e5fc751cd53d1918fef20d38adc0e4d4aa35878efea175286f03e41a920b9348,cgt,main,0x4ab2e8b268ae0d5daca0bfe8dccfe674c07c7b9d,ee891504cb9a2c2fe74d4a9c0d969dc3,268e4ba28d85ab98ebe8d023e810ce32,,e5fc751cd53d1918fef20d38adc0e4d4aa35878efea175286f03e41a920b9348,115,
e60076e73d10f4f256c4ed7b7ae620e7d87638891a3c074471f076b0ffbf4bcc,cgt,main,0xab5c8051b9a1df1aab0149f8b0630848b7ecabf6,680cb7287fbbce32ab0359862354e5ce,d8752659b559d439789b289b59a16e2e,,e60076e73d10f4f256c4ed7b7ae620e7d87638891a3c074471f076b0ffbf4bcc,101|104|107|113|114|115|120,
e61155d64bc33f54d0a44f7c99901c02575479966e5e65c168f5192005af9bff,cgt,main,0x437cf0bf53634e3dfa5e3eaff3104004d50fb532,d93f3a78dba4dd0159c168f93280de9f,207d21e72e40ed86e416a1904ccffd75,,e61155d64bc33f54d0a44f7c99901c02575479966e5e65c168f5192005af9bff,114,
e635dc032eb359691e26db3209c233d78eb56e315745c5a9d22f6fcd248137ba,cgt,main,0x3b5f11dbac1476af17957c6e5991f21c826743dd,30ac5c24fe997cd94c31300bbb293efe,aa7ec19e1d7df6413cecd2c52a548157,,e635dc032eb359691e26db3209c233d78eb56e315745c5a9d22f6fcd248137ba,103|104|107|113|115|120|128|135,103
e67c551fd48b2f84ceb5e8d3a8ae89e0e1b69c4d644248ba1adb426403465568,cgt,main,0x09515cb5e3acaef239ab83d78b2f3e3764fcab9b,2d077a948823a947d4b2bc3a4a22c0eb,99f1962000914d5a249cfd68e52c2929,,e67c551fd48b2f84ceb5e8d3a8ae89e0e1b69c4d644248ba1adb426403465568,101|104|107|113|114|115|120,101|104|114
e68f4ec4d6ee88bfb338ff82fe2672023d6516419fd5299cad22814758670614,cgt,main,0x0de2ad05856f8f5bfd8284d540a5d8c3aec4dc9a,55eb03c1684a5b44bb0904ff803671f0,68cbdc9ddd83b9aa90f049b9edf9a8c7,,e68f4ec4d6ee88bfb338ff82fe2672023d6516419fd5299cad22814758670614,103|104|107|113|115|120|128|135,103
e6951067ab7bedd010877d86cefa2f1a89b4bbc5bf50a95afbb1b07daf366015,cgt,main,0xbfb0cfd13dbb56c2dbf69eae33255f0ef1fc7955,64ba2185b708a59d037c0ffa5235f81e,2cae8f78ff23e3fbd89b26545e8a8dbb,,e6951067ab7bedd010877d86cefa2f1a89b4bbc5bf50a95afbb1b07daf366015,101|104|107|113|114|115|120,101|113|114
e6f2c3c826e3f625921656ffac72ada6a995b5400c7ba56c1caab0d1a5525594,cgt,main,0x949bed886c739f1a3273629b3320db0c5024c719,6e4a348771e8ee303f77989eb2faf42e,1a4c01882f9a758b4433db9560203d32,,e6f2c3c826e3f625921656ffac72ada6a995b5400c7ba56c1caab0d1a5525594,101|104|107|113|114|115|120,101|107
e7410beba815325490675076aac03e4aaaf8063616480631e418771d0a5b642c,cgt,,,2e4cee6f0b395a73318606f43605c401,38d89b52b2dd73b20720479afbba27f3,,e7410beba815325490675076aac03e4aaaf8063616480631e418771d0a5b642c,115,
e75217dfd5e6d4ebbbe2862e8ad2cc92dae9d03e51603cc0e407518afcd9a674,cgt,main,0xf2b8e10e7b230cc55040a7a90be75c933719c507,9a607d27149954ed8c83ade19b0d32f5,8c42a12b18a0e2896d2be1b912a23cfd,,e75217dfd5e6d4ebbbe2862e8ad2cc92dae9d03e51603cc0e407518afcd9a674,101|104|113|114|115|120,101|104|114|120
e78836f81a70eae6c49b7be4e0bbe2b52f44c816db1994ead080cccccb8d35f0,cgt,main,0xbe181da06d93867af0a3ffadcebe345ec35dae4e,c9b3063d284ccc3f8063fbd15c1fb2a7,3085099a03145cea212dbca48f4130b8,,e78836f81a70eae6c49b7be4e0bbe2b52f44c816db1994ead080cccccb8d35f0,101|104|107|113|114|115|120,101|104|114
e7e0b19045be0689c647ec595463481a96a468f518f3e55247e7b5d48ef5d591,cgt,main,0x0cbe050f75bc8f8c2d6c0d249fea125fd6e1acc9,57ed68fcea210b028d7bc1d5c5fdd27c,51dc5794c06c504c19b49a1be4a245c1,,e7e0b19045be0689c647ec595463481a96a468f518f3e55247e7b5d48ef5d591,104,104
e7e51e8a2b4f4fb78376223921a0585de13ebf165fdaa2ea3ad1070bc618e79c,cgt,main,0x43bbc7fafb860d974037b8f7dd06b6f6fe799b3e,87339e9a272074365376aa83118adcdd,fbd6eb0355ad0da43da8ea0857b702ae,,e7e51e8a2b4f4fb78376223921a0585de13ebf165fdaa2ea3ad1070bc618e79c,101|104|107|113|114|115|120,101|104|114
e7e5d74e80133a65fda0d0c83906cbb8b10797ac0702e958edcd0c7e44d1e51e,cgt,main,0xc825aa83f12e4d225ea1f21511a68e7aa78a002f,d0d4114f13b9419f2bc2d26340cdae99,b8a626201458caefb0df9b54d697ec50,,e7e5d74e80133a65fda0d0c83906cbb8b10797ac0702e958edcd0c7e44d1e51e,101,101
e8082cf960739e36e91a9f018b1edd7f5b92b914fbb3f86a221722a773a64664,cgt,main,0x9d81adbad5dc8c4d474e080466d4741bec89df62,7735cce0dbef521d668bdb9fb672f4fc,58f1adfd127de32fb071737d0d606a3f,,e8082cf960739e36e91a9f018b1edd7f5b92b914fbb3f86a221722a773a64664,115,
e81c56164eb84018c1b7727bd878d2cc33f1d1009a39f1376fd35063299e8809,cgt,main,0xe82f0742a71a02b9e9ffc142fdcb6eb1ed06fb87,11300c07d9dd1c4298ff8d866b44f323,20635df9318889815cc862cd3f28e647,,e81c56164eb84018c1b7727bd878d2cc33f1d1009a39f1376fd35063299e8809,104,104
e8396f0f563a328532d00efe4c0c69619aeee067d7597c8ff27440c8ba245498,cgt,main,0xe386b139ed3715ca4b18fd52671bdcea1cdfe4b1,f3acfe0c17e459a5764ae91ebbfcc8e7,3b924b37d2096303dc31a62bf3ec8d7d,,e8396f0f563a328532d00efe4c0c69619aeee067d7597c8ff27440c8ba245498,103|104|107|113|115|120|128|135,103|107
e84333254af51429204df1fb33294814e02f71c395f622f07367886af3c0e6b6,cgt,main,0xd20e5bab91720217637847365bf5932fe85f6fd3,bb55c16082d1f339cabfe9b2f4c95ed9,32e7d8d3f82c4db0f5d631db142c0a22,,e84333254af51429204df1fb33294814e02f71c395f622f07367886af3c0e6b6,103|104|107|113|115|120|128|135,103
e88adff444db63b039d20389c4a037b7003f76e3642a81bef00440d974f24a97,cgt,main,0xfdf4411669fc6e8951a6ae987307d7582fda7a05,1116bba5e6da997d25070f30218c7f47,fda4b2e1d7a44b4589a39dc899f5054d,,e88adff444db63b039d20389c4a037b7003f76e3642a81bef00440d974f24a97,103|104|107|113|115|120|128|135,103
e8a65a090712513f6bd5829e9cae4bbfe4b87cad3dac3f11225649b715318f63,cgt,main,0x9d5bdaa9d82782c03402dd5c675ae3e45b3102e2,1c8a5ca1dcfa3e5d5b9a66ebafac6e41,aed73fc3dc8531037a0bda7b73e04898,,e8a65a090712513f6bd5829e9cae4bbfe4b87cad3dac3f11225649b715318f63,101|104|107|113|114|115|120,101|104|114
e911cc55722570ab7fa04724ac1ae5fdea773a1bd7aaf7944cd7d6112f9fce3e,cgt,main,0x01617196358c14628d032f9c5f7188f2fbcafd78,97eaf8041830194d98cd43b78abf67de,0e3c2c5b684ced1bfad553575a95d6d8,,e911cc55722570ab7fa04724ac1ae5fdea773a1bd7aaf7944cd7d6112f9fce3e,103|104|107|113|115|120|128|135,103
e91905cca4f1ef8c51d7850cb4ed50eb064d37c1b183475e0eca5c7f8c86615c,cgt,main,0x7be25071cc1dd10d8b0fff2390c015354425eea0,b8e8ad7d4e6111ee2d63bc04397fc521,b8dd2bd6adee79475d8e8a4652ebe9aa,,e91905cca4f1ef8c51d7850cb4ed50eb064d37c1b183475e0eca5c7f8c86615c,104,104
e96aab0419f00bb84b0a8f0646d45ba6bf90094ec203e93f73649420ab8fe524,cgt,main,0xad2b1feb2153cd5a6b8a5f37a820ba013a89cabf,c93aee01830b398721851d7946d0c5ce,db3ac2ad085211e015061683f112e3cb,,e96aab0419f00bb84b0a8f0646d45ba6bf90094ec203e93f73649420ab8fe524,101|107|113|114|115|120,101|113
e97eb83705d32eed1824451c3fe87a7b53bbc22d236fa52e921d86daf03a78a5,cgt,main,0x310b15ad0a8b282ee8011d91c79feba80cb179c8,3502c9e33a5e4bdba5aeb80d07daab1f,b831c3163ef424878cb50133b1edb6f4,,e97eb83705d32eed1824451c3fe87a7b53bbc22d236fa52e921d86daf03a78a5,101,101
e98d32ea6275714b033f1b550d7a91492c7af86e63bd6ac611551f74c4512fe9,cgt,main,0xa83c4a6d0418074655bdbe74fed8435c46c19f66,7ddb75f56aad6d86a958e595bfba6baa,e6a24f007e472449679fac89b55c8624,,e98d32ea6275714b033f1b550d7a91492c7af86e63bd6ac611551f74c4512fe9,101|104|107|113|114|115|120,101|104|114
e99f307cfca8ed8d8eb9edb43bbb39d2f0cca68a34f923e46c23e8282122fa6f,cgt,,,a544bf8f3626f4f9afb593ddc18d9a4e,,,e99f307cfca8ed8d8eb9edb43bbb39d2f0cca68a34f923e46c23e8282122fa6f,120,120
e9a352c15b9b9973291a01f74a586909c131fb5373ba2a1bd18018b1588087c8,cgt,main,0x09f0aaabe4df881797698af29477a65ac9a302d1,a267e3fe90980173a9e7ce7599674bb1,38a15622d9677803b2cafd0c056eaf88,,e9a352c15b9b9973291a01f74a586909c131fb5373ba2a1bd18018b1588087c8,101|104|107|113|114|115|120,101|104|114
e9b44fda9ebdbc09e4aa5f6b6b5238c65a9620f3f39daa621bb3571eb354ad70,cgt,main,0x3e72548c1535beadcdf084ec13fd7850c49050ed,267fb85aaf45c21b93f4d1c829299181,8dad6e9e9f72b38520ef3ff9120a4505,,e9b44fda9ebdbc09e4aa5f6b6b5238c65a9620f3f39daa621bb3571eb354ad70,101|104|107|113|114|115|120,
e9bc0ac27e269822d34e7a71210023802ff46f9f0b86ee824bdd33a535de0bfc,cgt,main,0x5a609ce4b74fea5a4647fba3e3343ca850c5b049,5253b476b26008752d4329bf92c86ce5,49a1f4264075a20c318151316c2a959d,,e9bc0ac27e269822d34e7a71210023802ff46f9f0b86ee824bdd33a535de0bfc,113,
e9c14bca44141705d86780bc5c7e0b599f9f04a9d71d72ad4606cdab1792aa6e,cgt,main,0x39139b54e733d01fd0b46fdb32cf45e08696541c,885342ebeb01e87a644d8e1fd0e2c718,4b39b69b846ca92327cc83f401d56743,,e9c14bca44141705d86780bc5c7e0b599f9f04a9d71d72ad4606cdab1792aa6e,103|104|107|113|115|120|128|135,103
e9c2352f3c24eb8e8f74b6dbf9e0012818162345759e774057c5dc158830ba00,cgt,main,0x7bb936f496884c52d21df7b9b93bed14d7c24a3c,88f0a6d4ee3240f75fafc2f28fc060ae,51972ad1ebe8946ae69d51376d1897d6,,e9c2352f3c24eb8e8f74b6dbf9e0012818162345759e774057c5dc158830ba00,120,120
e9da53291a83da63801b2924e4c2fb3d5da52a7d24fbc56c45e1975d302a5e62,cgt,main,0xa9fa83d31ff1cfd14b7f9d17f02e48dcfd9cb0cb,6d8af95764c976f88728716c5d232e86,b88b7a60a6876576c03f78e793f523b9,,e9da53291a83da63801b2924e4c2fb3d5da52a7d24fbc56c45e1975d302a5e62,101|104|107|113|114|115|120,101|104|114|120
e9f0748c7bb26f8ced49232608d667183aa1f4af314b28b911d5e1b8a738e7d8,cgt,main,0x168296bb09e24a88805cb9c33356536b980d3fc5,2465db7b2d9454999cb3858ab36212b9,e795dff78b7217e6b22ec9621e527b55,,e9f0748c7bb26f8ced49232608d667183aa1f4af314b28b911d5e1b8a738e7d8,101|104|107|113|114|115|120,
e9f3dfd1180706b6583c12d30777cd3d5a1cddad3517f0da533b1b43c1f6f65f,cgt,main,0x479bed65685b0672ec2ff8b0a8fbe06b4ce0a710,e1c4a4e49714c8eb7586fcc3109f5bb7,4d4e29e14a50d26394528b6b7bed4481,,e9f3dfd1180706b6583c12d30777cd3d5a1cddad3517f0da533b1b43c1f6f65f,101|104|113|114|115|120,101|113
ea122c7df1c7515dc05e57fa65291be225da96392e06a766a3a7213241e89789,cgt,main,0x6f4024e5549bfda253d0997adb228bfeaac9b204,b2906d889c6b1eea1a1547be48f9cbeb,ba186a7c1fa30cbc2569c82a39c09b3d,,ea122c7df1c7515dc05e57fa65291be225da96392e06a766a3a7213241e89789,101|104|107|113|114|115|120,
ea1d5794e550d93ea729c4823ced9954d4e80920a8ab89c22fe76cec98ed3a47,cgt,main,0xbad9b65cfb0c2e89bc9543b86849780baa52c605,4258e2550a04a766f7f7eb943a93e3fc,3a2894a9dc83fe996e3686756eca91b4,,ea1d5794e550d93ea729c4823ced9954d4e80920a8ab89c22fe76cec98ed3a47,103|104|107|113|115|120|128|135,103
ea23f14315a4fcbf727d05fe8335e24203342d6e363ac0139ac1f6705d81751b,cgt,main,0xc726ac92955fc07ad09c5af4827418f581e37017,a0bfb28d546a8e1cbdd417a2d59f9d19,7c5dc3927f5996dce7076b8baf469f3c,,ea23f14315a4fcbf727d05fe8335e24203342d6e363ac0139ac1f6705d81751b,101|104|107|113|114|115|120,101|104|120
ea3ea29aea92471a1113614c8616631887055e6d5df3e16f51b385d94fac7d14,cgt,main,0x5bdf79f1e7431edb75537d23d3b404ef86f44316,8cb02441bef8b6140f5271f48e46252e,19bb6732e0b1d943f19fc2586635120d,,ea3ea29aea92471a1113614c8616631887055e6d5df3e16f51b385d94fac7d14,101|104|107|113|114|115|120,101
ea721b2a3f0dfa356eb24d0c76582834cb11664e261dc427d4aa8ede5225eedc,cgt,main,0x8f13a1d43408b6434dd10e161361386f3952d665,dc8ac8ecb743263c5296ee82ffee9ca2,afe75f9d6568c96e4ea1c07f745e138c,,ea721b2a3f0dfa356eb24d0c76582834cb11664e261dc427d4aa8ede5225eedc,101|104|107|113|114|115|120,101|104|114
ea7d511279c7cb86d803cb245135e507405bde7cf21eb1ef3b87947952b40a41,cgt,main,0x282eaf0c93b535731c1a2ef26a568e6131980c4a,ac061b8c5e29170d5edc88f3e36f9eed,3530a2555373d402f28e2a727a046d8d,,ea7d511279c7cb86d803cb245135e507405bde7cf21eb1ef3b87947952b40a41,103|104|107|113|115|120|128|135,
eac464217703f2a1b267fccccafecccf82bebca4b3b88aa2779b04c70ad96161,cgt,main,0xd1c37dffd4ef36867c5bd7e59566358ea3d21e63,d5067f9c14397d3e67ea9c4d7c0625cc,6fccb1a80f92a3b0a7f7e9ef9c61c719,,eac464217703f2a1b267fccccafecccf82bebca4b3b88aa2779b04c70ad96161,101|104|113|114|115|120,101|113
eae2352e90eda9cbb1beb749462d7e3af7f79385e94737ff7795c52dc1277341,cgt,main,0x582b2489710a4189ad558b6958641789587fcc27,ee0295e358d18a6d0be3e580a3831ba1,c941b462c85d1016bcbd06af7f9174b1,,eae2352e90eda9cbb1beb749462d7e3af7f79385e94737ff7795c52dc1277341,104,104
eaec8395caca921013e53264c97641447698eea912dd19039d6da32c2a326c35,cgt,main,0x787c2fffb74f559219836a77fad6181f808b6f73,2678ce80b3fa755e9714fb5959b60899,7bf5f72bf2d6c12693d17e1837a003a2,,eaec8395caca921013e53264c97641447698eea912dd19039d6da32c2a326c35,103|104|107|113|115|120|128|135,103
eb04cef08cdddee4f09d3b6f9e1293eece8503f9b6155a85e6b7b9aba70d080f,cgt,main,0x859495380ab8d65b4dd17dba7bec3f74db35146c,63bbf05aaeaf52927182d23202d55126,088ff8aa59c4213f29e87c7fed6c4fe7,,eb04cef08cdddee4f09d3b6f9e1293eece8503f9b6155a85e6b7b9aba70d080f,101|104|107|113|114|115|120,
ebaf478b6e2b59bcc6ab12bd031443dda2746f5d22eb4bdef19163e30ef4c5f3,cgt,main,0xa5629861c9c345f50221996ef852fd9665eb1c05,5cdb428109be92c01d1bd3f1a775b8c9,c761ed25e30626edc7d0d710b55d5e46,,ebaf478b6e2b59bcc6ab12bd031443dda2746f5d22eb4bdef19163e30ef4c5f3,107,
ebd284394ffb10f93ef7cea9066df2b1f1db0bfdf77ec7986dc8e9e2216304f8,cgt,main,0xa87c3ec87eb802aad080df0adb331e504d327e5d,4e628612cd39ed39e7200c4da9859c4b,8e9a510b59270b86a8b3474afcbc2c6d,,ebd284394ffb10f93ef7cea9066df2b1f1db0bfdf77ec7986dc8e9e2216304f8,103|104|107|113|115|120|128|135,103
ebe83ece65ba61b41bb2546aa608461c7e3b8950a14710216e600e3636edff5f,cgt,main,0xdb1c55f6926e7d847ddf8678905ad871a68199d2,1f2b998b20a56a4eabf4833a06de31dd,ea12ab817dec245266985d7236d607d4,,ebe83ece65ba61b41bb2546aa608461c7e3b8950a14710216e600e3636edff5f,104,104
ebf92de2ed2c812be34b95a958e328c84872afdabd1e48976b562d8761c9ae8a,cgt,main,0x8c0a599d3ff4d3344cb93ae49247c11b645c5e44,ac8e7f3206bf7cddc4cc75ad16baedfd,7a07c19d5ea1a9a432167fe927f61583,,ebf92de2ed2c812be34b95a958e328c84872afdabd1e48976b562d8761c9ae8a,101|104|107|113|114|115|120,113
ebfdf780954aa350762a34a3c534ce8915f7d2485cefae7b701fab5e0609b065,cgt,main,0x2a106e06cd26fad93f732daa4218fce4eac6d6d8,8a8dbac5ac55af3c594cb5d17bc90484,70fca9c6994138db0696da8e450a672d,,ebfdf780954aa350762a34a3c534ce8915f7d2485cefae7b701fab5e0609b065,101|104|113|114|115|120,101
ec051e4b76d410c5bd4f3f02381bc9ee50b718547509adde0f2cf5c6db9f7503,cgt,main,0xb20bb2780a6ae9e399e805ce4f60321245f7a0db,a3fb5cddb9bc474fae74381d7983eeeb,725d14071b12497bd227b1652aa7e8e4,,ec051e4b76d410c5bd4f3f02381bc9ee50b718547509adde0f2cf5c6db9f7503,101|104|107|113|114|115|120,101
ec32b0d9d06d3e3219429c28e1317d0f9f660d329fea2d819f667b7a3d261387,cgt,main,0xefe2481c6801ae124925db7fabcba71dc6da4cba,1eaa1d73de822cef9ffc1cd038ab9601,c75e4563e7864f6b8e14679c95a3fe7f,,ec32b0d9d06d3e3219429c28e1317d0f9f660d329fea2d819f667b7a3d261387,120,120
ec588974f2c3e31351907115826dcd95f2a484f2990bf2c14b6a52ffd4c8a83a,cgt,main,0x3e84512f277a5081b9209831c51bce665035d9db,bd51c17ede8d20f0fb30abe389fa5937,bcf409129f49f6b4d9383565b920b1fc,,ec588974f2c3e31351907115826dcd95f2a484f2990bf2c14b6a52ffd4c8a83a,101|104|107|113|114|115|120,101|104|114|120
ec5a3ce3b9a538b949452b85d2310f04f0a058f31dfd7d1977147f0045ea6545,cgt,main,0xaed5a41450b38fc0ea0f6f203a985653fe187d9c,549909adbaab8281b8a5d0ee8ead6de5,c62adce0d14c004a4337b46b5fc30f01,,ec5a3ce3b9a538b949452b85d2310f04f0a058f31dfd7d1977147f0045ea6545,101|104|107|113|114|115|120,101|113|120
ec7bd3d85b45e8ce3d2b6539c9f76819e41103fbe27c2fc2ad986029af6e9ec8,cgt,main,0xcf31dd376d15db527375b8c2b24e0ef45bcf71b6,7192f1070e3abacffde56434211842c9,ebba626d459efc31cd57ce5bb8c43e7b,,ec7bd3d85b45e8ce3d2b6539c9f76819e41103fbe27c2fc2ad986029af6e9ec8,101|104|107|113|114|115|120,101
ec962cd4a43c40670c0e5695f1aa8c269a63ba1a3db97e380ea12a50edf0d97a,cgt,main,0x2931b36154a10bde01373af56623705d128155b5,b6ef94a134764b07539d69b59bbe0024,cad0d3a8e767746b568a810df5be55a5,,ec962cd4a43c40670c0e5695f1aa8c269a63ba1a3db97e380ea12a50edf0d97a,120,120
eca7f52fa3dd3ad2fdfd1cdea540e8f72903fca09e553336e258c8b15e7ed90e,cgt,main,0xc6b330df38d6ef288c953f1f2835723531073ce2,9938880da4f6372f5276ae07245fb3e6,8b195ceefb5c8af6f0fe0200a16b18ec,,eca7f52fa3dd3ad2fdfd1cdea540e8f72903fca09e553336e258c8b15e7ed90e,103|104|107|113|115|120|128|135,103
ecb6b80fe6eb961438970cda9cfa37d17dd6fa914394869593dcc2245e78c7d7,cgt,main,0xa35fc4d3ea15e0d9272dc181ee1c2761d5d0cabd,1be5f4e0a7b77fe3af501c2bd64cc0e9,deee34ee65993093d16fb7a4c767aea9,,ecb6b80fe6eb961438970cda9cfa37d17dd6fa914394869593dcc2245e78c7d7,101|104|107|113|114|115|120,
ecb7401214fee5d639a5f5a00f63e9aa640ed715be4eb829cf19e15ba17d5456,cgt,main,0x354b10083a2d6b8bd18ddd390fac7bcdede8a839,3da833c6e1e48b16235e14839da72cec,4bd0352a6de64ab65ad7e8e61cf88124,,ecb7401214fee5d639a5f5a00f63e9aa640ed715be4eb829cf19e15ba17d5456,101|104|113|114|115|120,101
ecd5243cf74d1205dfdee1a1e8f92309b77853f05268b4741dc5f79a999a8428,cgt,main,0x07a64cf812844b2a3af03006ba9356c64da96ce2,9fe0ba07737f9261467c1b8cd9b7ab01,d6edc3e50ce6a874c8fe7407abba7671,,ecd5243cf74d1205dfdee1a1e8f92309b77853f05268b4741dc5f79a999a8428,114,
ecdb627ced07c90a370d361136c86bcfe991d198bba717e63132c91b026b20e9,cgt,main,0x258d778e4771893758dfd3e7dd1678229320eeb5,25472c4c6115d4b88a038c31a624ba1b,a68fa7fb89a2bb2212a1f8a933d63116,,ecdb627ced07c90a370d361136c86bcfe991d198bba717e63132c91b026b20e9,101|104|107|113|114|115|120,101|104|114
ece0a68fd6e5cdcef3d2c502ec12551e3b10b418bfc9c831c4732bdc8b74e32c,cgt,main,0x5a437d94843541d5cb83221a4a4b253de30b97b7,86f3f8f974686c544d350b39be07e14e,7e9d33c2274948997ad20e1907dd00cf,,ece0a68fd6e5cdcef3d2c502ec12551e3b10b418bfc9c831c4732bdc8b74e32c,101|104|107|113|114|115|120,101|104|114
ece0aed6ce475212585ade8507567024d069df7d39d831c1bb896b799117bf9a,cgt,main,0xed1a5a5a71859c5eab160d4c9e1eb0d185f925e3,425a4c1e4d69b918ae09212d7204b6d8,2f6f0fb7bf55b4df65ca871b217d45a0,,ece0aed6ce475212585ade8507567024d069df7d39d831c1bb896b799117bf9a,103|104|107|113|115|120|128|135,103
ece2af0e26713e7dd7e0ef16f1232495b681d00b48d54b74b0c995b5986d7c77,cgt,main,0x244c8c078368a47ab3343927edb6f78fbdc93524,2304b8e28433eaecf48803334fc7616d,196dd8343ae8747cacab7e37dca6a9a6,,ece2af0e26713e7dd7e0ef16f1232495b681d00b48d54b74b0c995b5986d7c77,,
ece91dcbc48d31af11ef90352443e02937d3da0e553a6cd272c835abd064e2f3,cgt,main,0x841ffaba4532c83907b45fc05984eef8cc3474bc,6281eafc1086b508d75db5ee61812130,0358b98b675f1be7f2fe59888f56dfe9,,ece91dcbc48d31af11ef90352443e02937d3da0e553a6cd272c835abd064e2f3,101|104|113|114|115|120,101|113|114|120
eced5a1d33fb6ddeffb8502a2d7eb55135f41cfa72fe7a675d3787c3d1993ed7,cgt,main,0x8105cac7ae60fa550c58dfd1999ea7c34827802c,3442257e78b5d61c5e2cdb1422f9fc03,832681b19f76ce20d80f8b68201f7197,,eced5a1d33fb6ddeffb8502a2d7eb55135f41cfa72fe7a675d3787c3d1993ed7,114,
ecfb7b67a3638a422e6cc58447b41cd00cb41aa6719cea8e55e4cb8f4a2c4ae9,cgt,main,0x129acbb3ad1a3ad13fec0fc7ca26811a487e14c9,299275dc4b0266ee954d49c7bd1e77c5,54842076ee28a3181db4b470a80bfac3,,ecfb7b67a3638a422e6cc58447b41cd00cb41aa6719cea8e55e4cb8f4a2c4ae9,103|104|107|113|115|120|128|135,103
ed1d5bc947074bd3eb5ae1a90d6dc659177888010497fa0a144479e9e28c439e,cgt,main,0x14b233a46cd4bdfdb7ca29aa0fd2406f667f8ff6,0f13212dcb22c774d8a57d78f7e1bb2f,f7bcf47f6f3ed9437b424541964f26fd,,ed1d5bc947074bd3eb5ae1a90d6dc659177888010497fa0a144479e9e28c439e,103|104|107|113|115|120|128|135,
ed24d520af157918e269795b7bac145102eab4bc113bb2a4747d981e204c5f3e,cgt,main,0x5d356ebdaed2798547889ffa12fc587347e5ad89,6b9ffc7d976ac730f72845487d61f6ee,100890627630fc9844b522cce38822e2,,ed24d520af157918e269795b7bac145102eab4bc113bb2a4747d981e204c5f3e,103|104|107|113|115|120|128|135,103
ed3331a94991ed53c20c719302b914c8c5f61d49c3007661577923e46edc854a,cgt,main,0x9ae98746eb8a0aeee5ff2b6b15875313a986f103,8a8c4b125f822df299103fb85e6c92ef,bbfe9f9fd59a60bea8325caf9ce8a6c6,,ed3331a94991ed53c20c719302b914c8c5f61d49c3007661577923e46edc854a,101|103|104|107|114|115|120|128|135,103|114
ed3f4e1ccfdc0c8e7962443cf3167d34ed3ece640fc1892373bd697263063141,cgt,main,0xc90233644d2eeb37a7ec641072c85ad272ef2feb,1773a516df3b41d753bf9c41837b1a36,811a84b778fe4208c816b88f201ee6f9,,ed3f4e1ccfdc0c8e7962443cf3167d34ed3ece640fc1892373bd697263063141,101|104|107|113|114|115|120,101|104|113|114
ed9942082e0088aef5c31d1d8cca8e4a20b6a5094e8770d9cbc0b5e0202a6f91,cgt,main,0x27218c41e1054dc0484acd2ad35def0ffd17782a,58337d6985a609faeb291b1ac19f5984,67375ce074bba8d52a52c5912a73469f,,ed9942082e0088aef5c31d1d8cca8e4a20b6a5094e8770d9cbc0b5e0202a6f91,103|104|107|113|115|120|128|135,103
ede98f18404910f61c78c0480403fd621352cef9959bef5b7d17108c2e18c0a1,cgt,main,0x51036b0029e95ecbce4784df0a87987d1092ec7d,ba03d83d98f89b8043fa0069514d8267,baf55bcc9726bd639ab86a1fd28d9f17,,ede98f18404910f61c78c0480403fd621352cef9959bef5b7d17108c2e18c0a1,103|104|107|113|115|120|128|135,103
edecef74e34301e58c3b20dd7193d22dda243bb965404e4372c02c2a69b5c3fa,cgt,main,0x7bc51b19abe2cfb15d58f845dad027feab01bfa0,3b4d6e767815111cabf60a748749d70e,700611ffdeac68beec52f1f00402b9be,,edecef74e34301e58c3b20dd7193d22dda243bb965404e4372c02c2a69b5c3fa,107,
ee1ce04b1f34e3a00217c545ac25d1a555ffea6a7912329dce363c182dcb5394,cgt,main,0x0f822ae3fc6e3305b33f95d905c9967bae244d82,b6fb43759dada161b359793a477db8f2,22894990dd59eda6099a69cc39d0188a,,ee1ce04b1f34e3a00217c545ac25d1a555ffea6a7912329dce363c182dcb5394,114,114
ee91ac43aa63d6c38682f62a94e67eb47db3639b630f0ccdded5ec9371c74e75,cgt,main,0x3bb3354f82654dd609300e92c92cf2c7c1bf3171,221707dee4a15b88cb6811a66be8d50c,8d7e8472d82ff2dea056e32732d2aab2,,ee91ac43aa63d6c38682f62a94e67eb47db3639b630f0ccdded5ec9371c74e75,115,
eeace34326358fcde2fc94cc1a64c99fa96c4a0f4e2a372f6e2bc96fe3960f09,cgt,main,0xc7696b27830dd8aa4823a1cba8440c27c36adec4,a8475165eb895ad6f1224c0e53bb9088,b1ca13e2d0e54b9bd9c8d8f14da897d8,,eeace34326358fcde2fc94cc1a64c99fa96c4a0f4e2a372f6e2bc96fe3960f09,101|104|107|113|114|115|120,101|114
eebb7f40a053b89860b50e8957026739e77f256ab2b8475545da9e7ea11951f2,cgt,main,0xc80defd365fbac2dffeddfcb091b99afea6f8408,d89664995e149c013202675c8fe69008,3f61cad53ec8bc40040a50fec76b5154,,eebb7f40a053b89860b50e8957026739e77f256ab2b8475545da9e7ea11951f2,104,104
eec4d571c8dbce2146ddcc490f995456d33fe3d05337581b993c4b6820869afc,cgt,main,0x52d2e0f9b01101a59b38a3d05c80b7618aeed984,1c4a88cc4cf916c433b0224d7606789b,11949730d44c55add53c6cb78bd7c31a,,eec4d571c8dbce2146ddcc490f995456d33fe3d05337581b993c4b6820869afc,104,104
ef312c07d119128891a69437f87f9dcc5a2ca3e8ad1f9682b5ca88348670f578,cgt,main,0x9aaf2034b8eb1496aef7ffbd0b5acd20c8ea802e,f05aa037ad2f14cff1029f5591ff5353,a4bdb420a1c1576e6892d1191d3b24bf,,ef312c07d119128891a69437f87f9dcc5a2ca3e8ad1f9682b5ca88348670f578,101|104|107|113|114|115|120,101|104|114
ef3bc135765281e9b5e882c5fd8205ae0a248d8662901b6ea115722b09989fb4,cgt,main,0x22164e957ac4c0cb0f19c49b05e627675436dfe1,e18821f777f2df36aa7d18204c91b5b6,aae2e5286ab5865ed497690a6d66ca1c,,ef3bc135765281e9b5e882c5fd8205ae0a248d8662901b6ea115722b09989fb4,103|104|107|113|115|120|128|135,103
ef3c98239219c48e66241ef504dac432a473f3d9484214aaafa8181bb0d6e1cd,cgt,main,0x4290563c2d7c255b5eec87f2d3bd10389f991d68,e8ab5cde2c3fab8f710d1461a3220b20,0f353792b73cdec5c7443584312825f1,,ef3c98239219c48e66241ef504dac432a473f3d9484214aaafa8181bb0d6e1cd,103|104|107|113|115|120|128|135,103|120
ef4cbbe26d8abbd9184e0bd1b786b15b663bbd5d255e55dcf75c5c241715f621,cgt,main,0x3d10bacf143389411b25fc3027cf3fcd9b2007d4,08ed86785ca3f3e071061bad2880acc6,d7851be14cfb88688ce9a5c7607241d3,,ef4cbbe26d8abbd9184e0bd1b786b15b663bbd5d255e55dcf75c5c241715f621,101|104|107|113|114|115|120,104|114
ef64872626ddc48111ea8d7e9f689034c3dc3df03fc73b4cd6e2d99e5ec17ce2,cgt,main,0x08f3ff89773a9cdf85e8709afa83e780d6c1231b,0bbdaf4fd33403edd12906703546c11c,5327b5f3f80f976039dd528448253a55,,ef64872626ddc48111ea8d7e9f689034c3dc3df03fc73b4cd6e2d99e5ec17ce2,101|104|107|113|114|115|120,101|113|114
ef8be54c95894f426eed85b004620b725430125e9e90c549af5aa426d2767fdc,cgt,main,0xad87e48d553c2308dccab428537f6d0809593ba4,f312d86da17a4a1b56bd1eeb4b2ee9ef,ff78bd26b3c28ea4355323522962715f,,ef8be54c95894f426eed85b004620b725430125e9e90c549af5aa426d2767fdc,101|104|107|113|114|115|120,101|104|114
efbfe702b7d5c93d94451e4a80fcff103bc596f3adb6f552de1bc9c2836fa6a3,cgt,main,0x0763312005ddcc51f88e2518049635a1748c90a5,fb671c7a4b8ee227f33d5ed45f7af755,6b76b2d7dfe3b7cce8207cab1b94d9e3,,efbfe702b7d5c93d94451e4a80fcff103bc596f3adb6f552de1bc9c2836fa6a3,114,114
f02cc867ec0aba0142f39a0b84cfb2d656190f809834d1859db41a391c7fa7ac,cgt,main,0x516d81a212ad95e6fc9eaa586b7e12e58d5129a9,d012f20f787d5fd9bbda97c0104c85a1,2278cf7869ad04d505c64e06680a84df,,f02cc867ec0aba0142f39a0b84cfb2d656190f809834d1859db41a391c7fa7ac,107,107
f0589b03de08c8b7fbf66d2cf915997e110c87f4db13d63ef7b01f8124b5f182,cgt,main,0x7afc2b1a1be58e3a6f3b974b9e71e99b5a417c80,36ef6f8d16f27b443340bc05ca36f5b0,d09afd83768fcaa124dbe94539f09fca,,f0589b03de08c8b7fbf66d2cf915997e110c87f4db13d63ef7b01f8124b5f182,114,
f07524a08f7de60c127acde5d467e14925770ace12564f4dabd433d1907efedd,cgt,main,0x022de2e28a61f9d197f8966dd0fc8f7ddf70f2dc,f48ab32c63185b1a4df2499c1ba1825e,5dfcbfe613635c84115fc8034590176d,,f07524a08f7de60c127acde5d467e14925770ace12564f4dabd433d1907efedd,101|104|107|113|114|115|120,101|113|114|120
f07ea89fe3a1dfd0a3744e4b4dd52fe96cd7ec6ff914d224bd95d33423b9c40e,cgt,main,0x5ba708a7d74e3f87b719c234231548d3de0cabad,968f4ebfd37315991ffe49cace64a806,2c47564eb4036c7b4db3fe837ecd02b8,,f07ea89fe3a1dfd0a3744e4b4dd52fe96cd7ec6ff914d224bd95d33423b9c40e,114,114
f0d1b37f5175ed192633d23259619e4436318b3a9deb3970ec303c2b9cf4fc20,cgt,main,0x286e052bc8250250566683424001ee5224867d91,1e2420df786eed40affa4b40d047ad39,32dff4223389067c3d9d91346c566e98,,f0d1b37f5175ed192633d23259619e4436318b3a9deb3970ec303c2b9cf4fc20,103|104|107|113|115|120|128|135,103
f0d813ef9b8b61eef43ae1cc874980631316aeae6de89e96a55d26ed2b247406,cgt,main,0xeb927a56588d17d551e72ef0a2be460a4ddb7060,e24908ee9cd438914b83d76396bf010c,142ea524dd80c3e1b54d183b8264fd85,,f0d813ef9b8b61eef43ae1cc874980631316aeae6de89e96a55d26ed2b247406,114,114
f0ea73ea809e59b3168bc7d742ea0f82c84175292d9d3cd3d2b929194f20e65f,cgt,main,0x985509582b2c38010bfaa3c8d2be60022d3d00da,3f848e80b6de9199a5a79fc954115b40,74c25fc30eabf7ec2f93fc8d67ed7aaf,,f0ea73ea809e59b3168bc7d742ea0f82c84175292d9d3cd3d2b929194f20e65f,101|104|107|113|114|115|120,
f10d1b0f35d70eaa08a4f48137db4730249044c3805711bdb4cf183c20fc9e67,cgt,main,0x554712b13067f5a0e067d368cd2a67a2ab7acf78,1314bb715ad83b5037fc586ac0e80b07,d8af598d755408bf224053889f84ae0b,,f10d1b0f35d70eaa08a4f48137db4730249044c3805711bdb4cf183c20fc9e67,107,
f133860c1b269d02aa67eee1be0b1c534b5ce56c331b797b14f9fb478bf98030,cgt,main,0xf9e03d5e3d86277574cfd5f7e842f213cf88945f,ee060f0f688d5cdd8ff57899a39de677,77f4def4dea56f458b07df0274ba891d,,f133860c1b269d02aa67eee1be0b1c534b5ce56c331b797b14f9fb478bf98030,101|107|113|114|115|120,101
f145cd2dd33e9f377e3ef83b402f2adb8c8acc76f7169e0f0e2d9745a354e785,cgt,main,0x4aea7cf559f67cedcad07e12ae6bc00f07e8cf65,a9811986b1d8b9db07a89908d044021b,589aeaad61efd2d75465b9b04927999a,,f145cd2dd33e9f377e3ef83b402f2adb8c8acc76f7169e0f0e2d9745a354e785,103|104|107|113|115|120|128|135,103|120
f1767e0c8a82994dcd49e4537114cb9c4b85ed70087d0ffd5d7950d6646482ad,cgt,main,0x49516fe7bdc54b29a7f95ff55fdd38d9228e55af,4699faee039911bff8444b8c21b6411c,eaaf123d24606fbc730c578633be3a04,,f1767e0c8a82994dcd49e4537114cb9c4b85ed70087d0ffd5d7950d6646482ad,103|104|107|113|115|120|128|135,103
f1c778f78acb3ccdf6c098fc16857a2daed75ec6e5440a3d9f169b1bd4565ab3,cgt,main,0xb4e7fc7f59c2ec07aee08c46241d7b47de4cec06,d98145518b0560793cee5e34d586c90f,5284fb7f835a2e8927f50c625d11328e,,f1c778f78acb3ccdf6c098fc16857a2daed75ec6e5440a3d9f169b1bd4565ab3,101|104|113|114|115|120,101
f1cb99fbcf2d80a38430afdeefddd37ca75868df3c915463fc9f65f596d31ade,cgt,main,0x8d80de8a78198396329dfa769ad54d24bf90e7aa,0da2a2588d461302580128daae441038,6236db09b7bedac3784f47b36260c852,,f1cb99fbcf2d80a38430afdeefddd37ca75868df3c915463fc9f65f596d31ade,103|104|107|113|115|120|128|135,103
f1d0fb37cd788f9c7e2a761889a3908de16a2d697bab95e0894f8cd20de8fff1,cgt,main,0xbedb3a6957a892c6fe6419d80691647380717e1b,40f93ff47978c6212ca6e242cd122a14,6d270984f8db52d69ce99655a6dbbe47,,f1d0fb37cd788f9c7e2a761889a3908de16a2d697bab95e0894f8cd20de8fff1,,
f1fac88d37ff5b96aaedb1a2411b4145b6a2dd6b2acd28b85b2a707ec44b38db,cgt,main,0x6b63ea3612dde97082aab468157950f927618d31,9ec07ca83a4fc31f602c62c9890c89c5,dcf930ea320ccd0227ed6b6fe023ed47,,f1fac88d37ff5b96aaedb1a2411b4145b6a2dd6b2acd28b85b2a707ec44b38db,101|104|107|113|114|115|120,101
f203e0ff3d3d1c06a8ad38758b46ff7f2335cd9b5c2618946fb971d67dc05a43,cgt,main,0xd32c26b14030c724c0118576308ea2fb3300d10f,b0d0815af3f7770b7b41db2bdbcba7e0,4cfb5f0f891a1a7eb83f46e7cf871813,,f203e0ff3d3d1c06a8ad38758b46ff7f2335cd9b5c2618946fb971d67dc05a43,103|104|107|113|115|120|128|135,103
f20d7e322fb7a9affaeca7af9fe5ae4e23c83dffd17cd62419786aa81bae9ee0,cgt,main,0x4f634dc221ad8c1b65c23f2782f209fda5712fc2,acc526fd795e0bdf36bd3953043c7e3c,d33c51bc43621df008da372679012306,,f20d7e322fb7a9affaeca7af9fe5ae4e23c83dffd17cd62419786aa81bae9ee0,101|104|107|113|114|115|120,101|113|120
f23cc3b0e9c448935ca82945f24f62f193dd3589acbbd7b079c6fb1eafdf2f5f,cgt,main,0xc6e3358d02d95415585f1f41920dab82cb85ceb0,8fb72706794e335b3b00710b66637d25,0523b8d0b64f2de0ce73edd53bc32e8e,,f23cc3b0e9c448935ca82945f24f62f193dd3589acbbd7b079c6fb1eafdf2f5f,101|104|113|114|115|120,101|113
f2466f2782fb254e3eac70886aaff725f0b58f21d6ff02583520379260a6f169,cgt,main,0x8a772004af0b8fca5e7093c6f277ba7b0e8fa97a,090e94018fba75f06cd76e281d3ff9d3,e425128355962025b79d51db90afeb45,,f2466f2782fb254e3eac70886aaff725f0b58f21d6ff02583520379260a6f169,101|104|107|113|114|115|120,
f25a4116690521f85131a4f8afb846b9918609e85c6e0a4a50a56067cd6a08ba,cgt,main,0x62451d37ca2ec1f0499996bc3c7e2baf258e9729,a634b71d3786f66fab8cee2efd6962cc,a1745b2ed419fcb3ee06cc524067a3ea,,f25a4116690521f85131a4f8afb846b9918609e85c6e0a4a50a56067cd6a08ba,103|104|107|113|115|120|128|135,103
f294c9183be96a16eff451822fcba93170fd01746b467aecc0a330966118720e,cgt,main,0x038cf0fe8b400538211b0cdc2dbf4e9a8a36bda4,9940c70940a72bef1a011277af41d6ac,73d2d361015ef9883aaf97e6cc48ba2e,,f294c9183be96a16eff451822fcba93170fd01746b467aecc0a330966118720e,113,113
f2a61846d6724a72c948481089efe80595c2d87818d7ea2a8c3c4d651540c44a,cgt,main,0x49f053b866c33185fa1151e71fc80d5fe6b08a92,695ad1e4a0c9f704ce2617fd8d2fa748,ce4347850f04a249017c9c0416721525,,f2a61846d6724a72c948481089efe80595c2d87818d7ea2a8c3c4d651540c44a,101|104|107|113|114|115|120,101|104|114
f2c7e1b1b2fa56d10b660a51d5e26669143758ccf5e162407914420d24b49bf8,cgt,main,0xa395480a4a90c7066c8ddb5db83e2718e750641c,75d052c11eca88c9905e24171fa0ca74,26604c0d533bbf4baeb51cb5f3f4daf2,,f2c7e1b1b2fa56d10b660a51d5e26669143758ccf5e162407914420d24b49bf8,107,
f2e3fcbe9541fe7856f14f7c98bd83a9a09678a2fd5043a2fe858b387cba1072,cgt,main,0x18a672e11d637fffadccc99b152f4895da069601,bfbf02b2696c058529aed44cbb83fdfc,1446f4bdfaebc596a3524bd5b68409ff,,f2e3fcbe9541fe7856f14f7c98bd83a9a09678a2fd5043a2fe858b387cba1072,103|104|107|113|115|120|128|135,103|120
f306b78dd2589748299443f8728bb4fc090dc4f92a82c1d9e26f4e58d4e646f8,cgt,main,0x5da6f5621c6f5c8b8f09e2a6d62a9ed544cbe37c,e7fc4a52177c3b57a4b1c250154afd80,0890da89e2d0ae2781c1a31e13248e8c,,f306b78dd2589748299443f8728bb4fc090dc4f92a82c1d9e26f4e58d4e646f8,103|104|107|113|115|120|128|135,103
f333809ea79f8a068660bb919c48cf3ce17e17b67289778795ac008263367541,cgt,main,0x1492cdd605d91658f228eab14d8444b60e6da8df,9d7b32a54a0a5366464315cac2f68819,3c2992ac51a8500cc85c005a1b23efd8,,f333809ea79f8a068660bb919c48cf3ce17e17b67289778795ac008263367541,101|104|107|113|114|115|120,101|104|114
f336085d02f379cb022a1dbd69c63644d07e8993850e1f61c23cae94429f5873,cgt,main,0xc5c5aa3f03523c3e5442cd6bc41076cb194e4d11,3af009846ff4a753c10583885ee96e60,8f00371979e254fb099ae53fa42d68d9,,f336085d02f379cb022a1dbd69c63644d07e8993850e1f61c23cae94429f5873,120,120
f3541f057bf16e43a0558a49cd0e17538fff09b77bbe4eedae5dc55c32ab7079,cgt,main,0xef6ad5b5e389b3676ca1c666d88821d4d5cad2ae,706fae0a69b4b48591e3c31e9b1b48a7,d8ed09a2ba911ddacfce90d370032e18,,f3541f057bf16e43a0558a49cd0e17538fff09b77bbe4eedae5dc55c32ab7079,114,114
f3852bdf3e196135ec10bb5e35b5ed19cbb64c160b03eb9c8cfc5e8543a0bd46,cgt,main,0xd2f7bba33a3b81792c0f9cc2de6d9266002a5591,41bfd36a6a90d92611f04b54c493ae8e,b409c9aa78f2c538323347c67b05cfa2,,f3852bdf3e196135ec10bb5e35b5ed19cbb64c160b03eb9c8cfc5e8543a0bd46,101|104|107|113|114|115|120,107|113|114
f39c56c0da1f9e716d35fd27ce854883d95ec342301d13abccc2271dcadf04e1,cgt,main,0x7c21d723af0f4594d4f8821aa16bc27c8ea6cec7,c2a2f94542d21ae7e49ee34e1447fb03,f99fff18c3559619286c24899194e5e4,,f39c56c0da1f9e716d35fd27ce854883d95ec342301d13abccc2271dcadf04e1,103|104|107|113|115|120|128|135,
f3cc724450abd4bf25a53b5468536b6b7d219f106e3e1578155fb78d76e265a4,cgt,main,0xfb6916095ca1df60bb79ce92ce3ea74c37c5d359,e3dbe460b9f58f4f55f39e9a474ee90a,acc6341004bd31d4f359479ecb8d54ed,,f3cc724450abd4bf25a53b5468536b6b7d219f106e3e1578155fb78d76e265a4,103|104|107|113|115|120|128|135,103|104|107
f3ee284effeb1102802a486c552f951c2359c93f3a907f831c5d87741bb0ab60,cgt,main,0x6f28b146804dba2d6f944c03528a8fdbc673df2c,b907163e042c02a54db05c51ba5ab1a3,fa547ffe2c0290e7e294dafedec97582,,f3ee284effeb1102802a486c552f951c2359c93f3a907f831c5d87741bb0ab60,104|115,104|115
f3f28a3fc61183d1d385a77a7cce6bd9800301a48a6c6c46ba0abe51f69021d6,cgt,main,0x55190829f2b43323b61421b36d6bd1c5b85d1297,d3e6175283c06fda0909de14cdbb2c73,a14c69e530432891921dbe11dd8d6da4,,f3f28a3fc61183d1d385a77a7cce6bd9800301a48a6c6c46ba0abe51f69021d6,103|104|107|113|115|120|128|135,103|104
f42454d330169b8eb8d363a63f305fa9111612fe8b4f5bda91ef48bb3fdd11e5,cgt,main,0x845f74aac51148bdd4ef6aed29822940c025a3a2,c4ee5018ebc1ffd02e2642154115e7e2,c6da87fc142881a60c5388a29eea24dc,,f42454d330169b8eb8d363a63f305fa9111612fe8b4f5bda91ef48bb3fdd11e5,101|104|107|113|114|115|120,107
f435b5d0dc0900a160fb3dc9feb8cdcf0a5dba76e54e23ce230b76a06ccd59b4,cgt,main,0x44691b39d1a75dc4e0a0346cbb15e310e6ed1e86,0cc4c592b92092b1742fdde65b9780f1,b4c7e61153bf7ba64fd729105e930b79,,f435b5d0dc0900a160fb3dc9feb8cdcf0a5dba76e54e23ce230b76a06ccd59b4,101|104|107|113|114|115|120,101|113|114
f44bf78c0e4a35f71bd156eb3fd7e7b9e5071f4261b9d9892b51c78807711015,cgt,main,0x3b95e7496f55ecfd4d6db009879e3a8ce684940b,4f8d96c128aa1182ef79f5671a927b66,c6a64d870fae7936c7cae5149624908e,,f44bf78c0e4a35f71bd156eb3fd7e7b9e5071f4261b9d9892b51c78807711015,103|104|113|115|120|128|135,103
f485182ccb784d4a454b89f0b700e3ea1dd565a413e5f503fc63f3150c6108fb,cgt,main,0xd35e6f3b26f8992a7f023ad878e13a82dded2232,f004524597e5dc5d336381a7eacb01f9,b9f6a00815b31b1f1916b2c46e19e0b9,,f485182ccb784d4a454b89f0b700e3ea1dd565a413e5f503fc63f3150c6108fb,101|104|107|113|114|115|120,101|113|114
f48d5c493cbd0fa3cc6e91a47346bca616fda544274b585b2491bc41a50cc561,cgt,main,0x80ddae5251047d6ceb29765f38fed1c0013004b7,dae57f51349206ef8bae2e7019e69d0c,0418c2ccecb11e015753062d6a5e0f18,,f48d5c493cbd0fa3cc6e91a47346bca616fda544274b585b2491bc41a50cc561,101|104|107|113|114|115|120,101|113|120
f4c7f08c40cfced2c8ff29e8f9fdcee2e182489795d27f37497dba26e223ae6e,cgt,main,0xbeac5df5f1c56f949852c8589314036042c1d603,f056c1f7002b10e0d520304aefd39424,ae7a45f81d87012c205039d92f314558,,f4c7f08c40cfced2c8ff29e8f9fdcee2e182489795d27f37497dba26e223ae6e,101|104|107|113|114|115|120,
f4e53aecbb0d25584b8531a0d2e2bed25fea00827a429dfe75bbbe5dc8164814,cgt,main,0x56609c7dcb32cbedf7c5896cbb29b227bf4ec6a1,69908e45a73080ba33be1184dab4f672,38c7aa8d1f400638a339785e27133adb,,f4e53aecbb0d25584b8531a0d2e2bed25fea00827a429dfe75bbbe5dc8164814,,
f528b4da186b1b5bb71bbe4870480086e3b3b5c0dcad33e9e96c2ba9f09fee50,cgt,,,cec6663f2e7d2dd5d5e9ad785e6edb42,eab4a4b042af00e99973675b19a6ecbd,,f528b4da186b1b5bb71bbe4870480086e3b3b5c0dcad33e9e96c2ba9f09fee50,101,
f5347b49c38e5550e0cf5baff3eca59a2debb160ee3dbc6756c140c97f509f35,cgt,main,0xdcf14a9cba1d5ee6d4671c20c559373f331910ea,9f3ef53a92e963bf21df9392d746eebf,5fe282c71c0b29c6b9af6c97b1c7b31f,,f5347b49c38e5550e0cf5baff3eca59a2debb160ee3dbc6756c140c97f509f35,101|104|107|113|114|115|120,101|104|114|120
f548bd13f7b27f85894fd193a719add149f73819cc4d2d65a9c69d841f4b8c89,cgt,main,0x14ba17c52e4c2ccbb95de1d2bfff002398f515a7,69f5d01515293cd54cf9d095afe396d5,46d5ebd8211b67a5616658ada345805f,,f548bd13f7b27f85894fd193a719add149f73819cc4d2d65a9c69d841f4b8c89,101|104|113|114|115|120,101|113
f56c5158c6efe71f654d57fef45c81661e9a289902282abecdaf5e45d5c81eef,cgt,main,0xbd367c347fc8e0a9b2da08717bcc22bb3fd878eb,31bcbf929fe7b85962fdedd8cf3868cc,79f244e7b5a0384b4aa0a3c12e8b9803,,f56c5158c6efe71f654d57fef45c81661e9a289902282abecdaf5e45d5c81eef,114,
f57d83380b90f71ed695e65e11606d159e1a025acab56040ea6bf68e7acc63f4,cgt,main,0xfaf4a5fbf621b049215c19a73babd0b94fd9155f,d0e92e1c7b371e7d061d56959ac31c8f,23bdfeb9a3482f6e6dfaa6a23d8939e5,,f57d83380b90f71ed695e65e11606d159e1a025acab56040ea6bf68e7acc63f4,114,114
f598ed415662f3d687f7144d473e34d8e3c8e37d2a7ad636d2e43a2badf139d7,cgt,main,0xb694a9ee2eed5dc6d58599a25874abda504fa60a,459431204ea9ba9d654946bad6f44977,b2a1dd21f7a560ba5f593fa3abdaef08,,f598ed415662f3d687f7144d473e34d8e3c8e37d2a7ad636d2e43a2badf139d7,103|104|107|113|115|120|128|135,103
f5df12446e1db52c63359d3fc68d695d0ef9c6c160a6b3b9ce172202a5cf6741,cgt,,,99c05ea922d2740818591bd530238be6,67a624a006ae70c1f1212c698421868e,,f5df12446e1db52c63359d3fc68d695d0ef9c6c160a6b3b9ce172202a5cf6741,113,
f61302f93c4affa6b2607aaaea599ef09604cbf787d2fcb1fb1b3e62ba166cf2,cgt,main,0x460dc8b70a189bee176d22d3f0272d171bd4c5ed,e522b1ebd3e369ccceadeba0e102a34f,b8e1e4edcc0ae72faf5f3db66df391ed,,f61302f93c4affa6b2607aaaea599ef09604cbf787d2fcb1fb1b3e62ba166cf2,101|104|113|114|115|120,101
f62b0207e265f7443c5ce10f48cb4a3224a33ff36174ef71022beb671c8de84e,cgt,main,0xaa12936a79848938770bdbc5da0d49fe986678cc,8ba3bf20b2b7831017cd6a351a9bb8e7,a33a0bdec580b76dba8257b33fc5af34,,f62b0207e265f7443c5ce10f48cb4a3224a33ff36174ef71022beb671c8de84e,107,
f6478cb3aaf85647045a9009b5b5f7891bd270893deac3d3f7f6128931bdb918,cgt,main,0x7bf673fd8ff38eb8bf3c3e3a864d4bca40778c25,7dd6906cf3f5c5447070daa151548d2d,469c2aa718cd325de2a7ceb368aebe73,,f6478cb3aaf85647045a9009b5b5f7891bd270893deac3d3f7f6128931bdb918,,
f6547879945425a8f9edee4de67205815f4114a85a9f50840b8cea81981815a6,cgt,main,0x82c7a0c5e9c8c435df21e00eecea76106054fbf8,27a7807152b381128ae7c1445616bdf7,b459152f5b848c1d156b77715555f7dd,,f6547879945425a8f9edee4de67205815f4114a85a9f50840b8cea81981815a6,114,
f65ad68c3e33951c1204c7eea6a1c995ce2db26d8353e089cd1cc46aa1be4fc6,cgt,main,0x558aac46e98bccd0362301e24fd8d18433444fab,ca65f9adc860fe9026ab1d47de861707,79dded9e1f2f2ea2a1142d9ea9097e2c,,f65ad68c3e33951c1204c7eea6a1c995ce2db26d8353e089cd1cc46aa1be4fc6,120,120
f66fd54b525ced990b6d3eb174015971bd628d8436535d1f6c649e5536f4c3dc,cgt,main,0x621c1528829b70bfe6df7fa82251ed7271ab8104,43fa2b9c954bcd930d9aee6eb0b35277,b8d9ca9e65c4f71b723ed64e9162b1ec,,f66fd54b525ced990b6d3eb174015971bd628d8436535d1f6c649e5536f4c3dc,,
f693459e5e875871433b0c7107351628890bb3328224f59684d4b24e786bf549,cgt,main,0x37c50fd444edfaab330436d686d7c64618bf2f4d,a0d1a168a8d3715a523c9b548ff4e968,0ae80137862942bbd2a75f1a6f8faf45,,f693459e5e875871433b0c7107351628890bb3328224f59684d4b24e786bf549,114,114
f6e9c2760a5cd0d1374bfa0fe5129be4a82f6258c84715dd711ae276bdb43380,cgt,main,0x68a93cb6c0f92e56fa19cd78d4d670f3ea3d5020,f64d980f45b2976c4c6492ddf7f6d9fe,6045c3fd67cd4318cd4eb53f4d270f0d,,f6e9c2760a5cd0d1374bfa0fe5129be4a82f6258c84715dd711ae276bdb43380,107,
f7025ae295637394adf75e8a835d06fa044dfc0ab96839b44fef4446ca5dcf20,cgt,main,0xa96f7d29dc792359b1ce24c7c54230882dee1be2,36c783690dff2a0ddfcb618d0442c9cb,f35a1aa2726681106523760988e63a27,,f7025ae295637394adf75e8a835d06fa044dfc0ab96839b44fef4446ca5dcf20,101|104|107|113|114|115|120,101|107
f7236a4960651e25ce98506023418fdbd5f9a031b2f8e70e206fcd493f9106e1,cgt,main,0xe5544a2a5fa9b175da60d8eec67add5582bb31b0,c9c8010c9965d82aa9e202aeb129a9a0,5d8a94b9cc5e7b69fd230612cb7b0af6,,f7236a4960651e25ce98506023418fdbd5f9a031b2f8e70e206fcd493f9106e1,101|104|107|113|114|115|120,101
f7288e4ba284aad7116920fe8be86e53d3d06c7b59952cb08a316baa1321b732,cgt,main,0x6c5208924c5b302f756a79776a8b2918a041ad4d,ef710831e4ddcfe31ea6a15919d8234f,f0f2b6f7d8a7365d004b285133466f0e,,f7288e4ba284aad7116920fe8be86e53d3d06c7b59952cb08a316baa1321b732,103|104|107|113|115|120|128|135,103
f77cbcc6f6acc8414034417a105c95bbe333b40a0da9fe1b084d517664434426,cgt,main,0xef76eea079039a9e702e83cdb5427cc77265ec78,67e04962cc4143ecefb2c032162cf329,6fdba7f6c91e926f6bd3745205ec0e82,,f77cbcc6f6acc8414034417a105c95bbe333b40a0da9fe1b084d517664434426,101|104|107|113|114|115|120,101
f7dce21e401cc5347e3550d340f13d92628547afc62c6fbdc01d3d7c8823b989,cgt,,,b6a452e3cacb8ec4b367904189c7aeac,0a785675e44c165392d6a3bec5e438ab,,f7dce21e401cc5347e3550d340f13d92628547afc62c6fbdc01d3d7c8823b989,101,101
f7fb7b0449a253d2c4fc5f4472eb5ba8936429241de746e841d03ddc91575cb9,cgt,main,0x0821f459bfbe966bb93ad220ece6e1bdfcadeab3,2225b2f43ef913002b6e609a974664d7,3ab12539423268ef8fd694e600ecd593,,f7fb7b0449a253d2c4fc5f4472eb5ba8936429241de746e841d03ddc91575cb9,,
f82ddf0348f0f46e9ac0369e2f5ba34c8bc824446a1cf7e92a18d599fcc64007,cgt,main,0xe9ef26c4e9761e2305f455a0e0d4cd286e2d13a1,01667df169bb4ef515a725a2284daf21,20c2269b2fdc5065aefc6376054a67ae,,f82ddf0348f0f46e9ac0369e2f5ba34c8bc824446a1cf7e92a18d599fcc64007,103|104|107|113|115|120|128|135,103
f83108ea07230d44be6b51830842545a9e0c800a3e81a2aac6be657357b89a4d,cgt,main,0xa7fa7588cd7ebf3d0e128f07da7406dd74e241df,1e2ddf73d6da70943b35a8325d163533,f1c94bc0dc674145a766af022e109805,,f83108ea07230d44be6b51830842545a9e0c800a3e81a2aac6be657357b89a4d,103|104|107|113|115|120|128|135,103|120
f8487cca53b4b6a546e68b3eac30988a2a961df791994a127227a3b8641cee28,cgt,,,5a5c144c7e2e706c4a80ccfa7487ef45,a2d2f6c07a256dc7cc313d8e031f84fa,,f8487cca53b4b6a546e68b3eac30988a2a961df791994a127227a3b8641cee28,128,
f856a727e29ce0ec33184bcbbbee38a5a61b6fcc7e45dcc6367a1caf6c909779,cgt,main,0x7f30b108768dae75bfe036c94b207dc53f12ca6f,4a6b252453cbf11021c5df88b7e03f30,b1407ec13abe70a67910570b617ade7f,,f856a727e29ce0ec33184bcbbbee38a5a61b6fcc7e45dcc6367a1caf6c909779,103|104|107|113|115|120|128|135,120
f864dd3f1d848c7843d71771d9e172e1406335210fe8c3190f7978e0cf06f638,cgt,main,0xcaef67f72114b4d2b4f43e7407455285b7de8de5,2d0651fffedd177447433d53c9cfc096,e214fe7700c5732928437612287fd7b7,,f864dd3f1d848c7843d71771d9e172e1406335210fe8c3190f7978e0cf06f638,103|104|107|113|115|120|128|135,103
f90620aba08aa51d08ac51b1664c3b77889caac09fbe7624d2e549b558b2b2ea,cgt,main,0xfe9c69945687539fabbf531133838d9cce522a76,90f72e7120351a8752a8da30397aa35e,6e7c7db087b6df28af12f3911a4dfa1f,,f90620aba08aa51d08ac51b1664c3b77889caac09fbe7624d2e549b558b2b2ea,101|104|107|113|114|115|120,101|104|114
f91fbeed5c07fa17d295f8f62c937fb065776269d2eba59d1096f12d20c867b4,cgt,main,0xfa7b9770ca4cb04296cac84f37736d4041251cdf,790cbdb8e138e1c6337161c35f79196c,058aacc8991e103f987cdea53d4c8b3b,,f91fbeed5c07fa17d295f8f62c937fb065776269d2eba59d1096f12d20c867b4,101|104|107|113|114|115|120,101
f93cfc2aa3a898fced764eef0af8e035f6fc4aa79af9976687379ab3136c3510,cgt,main,0x0f598112679b78e17a4a9febc83703710d33489c,2d3c9203ccbe4fe65fb8655ba9732c33,116371fe5c7ba1a9efa4df85b56ed5a2,,f93cfc2aa3a898fced764eef0af8e035f6fc4aa79af9976687379ab3136c3510,103|104|107|113|115|120|128|135,103
f94da665e9e94f14b47cc23a4cd0e004d9dc829b174c486305110ef7f738527e,cgt,main,0x1ca43a170bad619322e6f54d46b57e504db663aa,2ad05c190de138723a226c5053f8115b,f3530aefa1fc160ce483d80186873425,,f94da665e9e94f14b47cc23a4cd0e004d9dc829b174c486305110ef7f738527e,104,104
f9793c932d2f8e1de8003a20b126873a951781905f1453ab234ce7737544a700,cgt,main,0x2880163d22b8742a8736b21ae9f8b7f239a22243,539baeb749e62ad567f9f8c3c29bd0e7,880aa68bc268528f4ac4b0064c02102b,,f9793c932d2f8e1de8003a20b126873a951781905f1453ab234ce7737544a700,114,114
f9893cb93a5bbfd77837012a342b24a5129d1835b8d1ec45f4d74ed16083f322,cgt,main,0x7c4a690585ffe89c01aebfce188b9bec8def9e8d,8952ed9bb3295a6f3757f2115cf5c967,6e6b174282e369633fae36da0303459c,,f9893cb93a5bbfd77837012a342b24a5129d1835b8d1ec45f4d74ed16083f322,101|104|107|113|114|115|120,101|104|114|120
f9b11b9b5b91ce7c521dc32ba5c55fe1c2d241a0384c38218b1021a1880f6d09,cgt,main,0xd361e374be9e3907fceac60c6ea5cbdce89fc9ae,f31012133bb0038c043aa38877a3ff16,5c7a0235736cdf928a405058aad583d4,,f9b11b9b5b91ce7c521dc32ba5c55fe1c2d241a0384c38218b1021a1880f6d09,101|104|107|113|114|115|120,101|104|114|120
f9e1c9da829a3d3046dfbeae6e1db2cbb8db818727f47f9772e3ed7b6a4dd94c,cgt,main,0x9ab2b9bd7c70ba12757eadcda5a9626ac247fadf,5bae45adba71366e61733a3408c8506d,838f9abd87c0d35a962ea1f71f2e4909,,f9e1c9da829a3d3046dfbeae6e1db2cbb8db818727f47f9772e3ed7b6a4dd94c,101|104|113|114|115|120,101|113|114
f9ef65823387fbf2d9ddb59130e1b287853cdc8a648b95c4c86efc9004f952ac,cgt,main,0x07536201e0c4c7751c9cfed79f1bf5dba4772c9e,10accbad50022e7d3a9b46ee74824086,6263f080e5a349e9f813644e1e2e18b5,,f9ef65823387fbf2d9ddb59130e1b287853cdc8a648b95c4c86efc9004f952ac,101|104|107|113|114|115|120,
f9f7b8ec7b1145993b0232f836c2849e3b0dbfd26ef756decc20df52b8bd61c5,cgt,main,0x9047ef7c3d52956dd0909c1c1e011e986ce60691,d241eccc11cbdd4ca7ea040e673a7dda,b54da5b877700a32b9e1334453a94983,,f9f7b8ec7b1145993b0232f836c2849e3b0dbfd26ef756decc20df52b8bd61c5,101|104|113|114|115|120,101
fa18bcc143ac40fd4ad62b2d94aa7925cbe57831f8bc8ee37e3e680f7de5a396,cgt,main,0x49b84450a9a56081ce570920aa578c35e0b2461f,3ea75788d9818a1f3f620d23614649ce,5a4131be77e24d835d4d46af8ac0564c,,fa18bcc143ac40fd4ad62b2d94aa7925cbe57831f8bc8ee37e3e680f7de5a396,113,113
fa6fd8a38726f7c0055e106428bfc78fc936190bcdc5a3b169b03a4c25f09c62,cgt,main,0xf9dd354be4a35ba3f44f8b51564e9d5110b16357,471c0166725cb607adeb15922f96115b,fbcfa8b250d7c8fea5a134ea4dbc630f,,fa6fd8a38726f7c0055e106428bfc78fc936190bcdc5a3b169b03a4c25f09c62,,
fa9297df64b5ec8f5ac5b172909001b320bb35e91c6675202283478da8aca205,cgt,main,0x599a4b8188676224d4c9b393b947e332b60b15e3,c3e8537d6e00c37e376d5028e6174eba,622bd25ac1c034438b5977d9211e94da,,fa9297df64b5ec8f5ac5b172909001b320bb35e91c6675202283478da8aca205,104,104
fad05da0561e5768a5433d54c3a7400ef469a0985b72a9822f264c5c8848af7a,cgt,main,0x6439e643dc316ac4108ebdc6c364a65994b6b1ff,e9e71e17d725f92003104052af9469a7,4aa907ecda96ce2987d00793bce47a22,,fad05da0561e5768a5433d54c3a7400ef469a0985b72a9822f264c5c8848af7a,101|104|107|113|114|115|120,101
fae28fe18e93565bdb64fb35e2998bf834949ab44e59848a036106151a00d575,cgt,main,0xc7f4ade4874e06a20fab9c5dc4f1dd8b6d85faf2,a58aa3f434da41a98bae74b08bbde672,28140ff92f5545747ae87013000af3ce,,fae28fe18e93565bdb64fb35e2998bf834949ab44e59848a036106151a00d575,104,104
fae364a3703d39bdc55e610c151b20ae682af97ed5de96e78c4512d79c00e8e0,cgt,main,0xbca230c0b76993bc21b67640d420fe9d8bc931aa,d588d2e2d58c0ef4b8f16d2458f5b513,c5c66e79397e743a081d5291dba83afc,,fae364a3703d39bdc55e610c151b20ae682af97ed5de96e78c4512d79c00e8e0,103|104|107|113|115|120|128|135,
fb03e2cf9f19557ebed9b98ba4108579b7e861dc49aba559b8f8558d6562ec31,cgt,main,0x6b1fb08639acec6ed415bacab6453b523aec7d4b,c682e9073dc9385afa9415c3ff5406bc,c3c5a7d630045c132cb334e0ca629e8a,,fb03e2cf9f19557ebed9b98ba4108579b7e861dc49aba559b8f8558d6562ec31,113,113
fb088793e2fdc1489ccd308cf92748b76dd2ba3efe1a5f2d82c7fdd6594ad8f6,cgt,main,0xab7689c7be6d9b5428d6bf4c536dc699fc919260,e9f370f54cd2f08c5f5628269a25f69a,341028d751ccd37edd281f8e24985e48,,fb088793e2fdc1489ccd308cf92748b76dd2ba3efe1a5f2d82c7fdd6594ad8f6,101|104|107|113|114|115|120,101|104|114
fb1860d844e32c7d2b2ba8376677c5df7298109a4e63665c073fdc3b6524d8b3,cgt,main,0x748defc02aa6221ae4db129bbe7e6a97537a6f45,dc36ffff91e94031c9ea56b5cada0b2b,8cf1952a2ec93e6f7b1a4a5af6fc59f7,,fb1860d844e32c7d2b2ba8376677c5df7298109a4e63665c073fdc3b6524d8b3,101|104|107|113|114|115|120,101|104|114|120
fb7cb917dd7dd949ed5ae9e1056b0bf65bdacd30e083c41582fbd3604aa1a89e,cgt,main,0x29b77fa51f36991f99bbeb702471b7227510d05a,1408be62ea45f45bdeb69d352671b49a,7ead7b8b3a3d7cda19224a7cbaa0088a,,fb7cb917dd7dd949ed5ae9e1056b0bf65bdacd30e083c41582fbd3604aa1a89e,103|104|107|113|115|120|128|135,103
fbd76e578f63df801311b3fa4bb153daf342f2892bbceb86f7d7cd9d1cc02ad8,cgt,main,0x1c98eea5fe5e15d77feeabc0dfcfad32314fd481,39de2e80015ebb5cea122fcd02b29d76,dea4c09b6e5da4cad76201f4d498b554,,fbd76e578f63df801311b3fa4bb153daf342f2892bbceb86f7d7cd9d1cc02ad8,101,101
fc086cf23fec0e32563f30a570276b7bfaca935b01b97c1d3da9c1002cdb79f0,cgt,main,0x0f4cafdce3737601c598bcfd4bbd69f75786ba40,2aaf1df62017cfbb02fca7601f1f74f9,a88916b5f2d38b4fb26d52fb054bc86f,,fc086cf23fec0e32563f30a570276b7bfaca935b01b97c1d3da9c1002cdb79f0,103|104|107|113|115|120|128|135,103
fc3c757b1388100e4138bb543c92bfaace9d5fb1f66ff6571abfc0eaff638a09,cgt,main,0x3076d20cef23cf934fc6f857eb97e2baa63fc9fb,38adc2151542536a64b5979a7c2a71d3,efa6ef4f8387b068ef6501dafd904c10,,fc3c757b1388100e4138bb543c92bfaace9d5fb1f66ff6571abfc0eaff638a09,103|104|107|113|115|120|128|135,103
fc51229d6f3f5b5b9f18369058687943dfde289232d887e1967089617fd54d50,cgt,main,0x1dea4ca1ca2a2c946b233a227883ef6846cf17d5,ae95b01721a3e2cebe840a1d14a2f5b3,4ea5805158499a8545bfdb636b602ccd,,fc51229d6f3f5b5b9f18369058687943dfde289232d887e1967089617fd54d50,101|104|113|114|115|120,101
fc7d27d375e0b2e81f0f22046b24c67f5465f6f3e59477ba57f50dd2507fe127,cgt,main,0xac1ff2cdb6e88138d78f0ed39a4bfa1dad9d27aa,180a558c68b3d2c3163021360202dc67,b57d7b9d6a51f84bac2f88a17a4f4508,,fc7d27d375e0b2e81f0f22046b24c67f5465f6f3e59477ba57f50dd2507fe127,101|104|107|113|114|115|120,120
fca3504263a5b10a8d0d534138f4f34fdb84190fca543d25c125303f36833674,cgt,main,0x723dff0e27cc38b80556f5e05dfdbdcb721654d7,54410f6c94661fd67787501603fef93e,2ec0e500a3231ed336dd1bc43a489e16,,fca3504263a5b10a8d0d534138f4f34fdb84190fca543d25c125303f36833674,101|104|107|113|114|115|120,101|104|113|114|120
fcb704a4c4fc2fc73273eb13f8e496b2340f921749d999c1b0f2b8b3e72801cc,cgt,main,0xa35e3e419ae0031460af1e7a1386cb8f0d7d0efb,1c0c1ef08c576bbe09b39201e8e23c02,ce1d7135eb258fdff7543a9dd592d55d,,fcb704a4c4fc2fc73273eb13f8e496b2340f921749d999c1b0f2b8b3e72801cc,103|104|107|113|115|120|128|135,103
fcbbebba4b9c9da5fe4ee792b41604542abb5e76580323c3fead82c4d440cba1,cgt,main,0x62ca898dd70d4ad44552f9a9027ee45bd7a47ce0,cda2fd3b42f727e75b0ac495d9adf86f,b4060e76d710bd24dc4e0f647616a17f,,fcbbebba4b9c9da5fe4ee792b41604542abb5e76580323c3fead82c4d440cba1,101|104|113|114|115|120,101|113
fce7b6efdaf04b9763e1ec903ef15a8a3e15a282e7684a171bd5457b491e3389,cgt,main,0x352f448408b612bbac57d81c785f839e0c386698,f7e00837e94083684dfd41e808c6bde1,4b9cc0e3bc1f81e37566ee09dda627c3,,fce7b6efdaf04b9763e1ec903ef15a8a3e15a282e7684a171bd5457b491e3389,101|104|107|113|114|115|120,101|113|114|120
fd06864a6adf4419eaa35f7376ed1263c2c0d2cc543a94369627b7a1b8a8d042,cgt,main,0x50f7da5ecd7838b1f5a4813cdfb59d7d502dce44,2f9a5af9ce939c7cc9aebaafdbe9cee3,dc6b7c37e8b39a9ccd65b26652c77234,,fd06864a6adf4419eaa35f7376ed1263c2c0d2cc543a94369627b7a1b8a8d042,101|104|107|113|114|115|120,
fd3e1967b96133d6e07cae0cb5102bfac8f28a8968d74ea82ef8e224383a5490,cgt,main,0x362bb67f7fdbdd0dbba4bce16da6a284cf484ed6,3930225aaa164ffc63d74917e05acf53,9369763969bb54020c47e2bbf409ff9d,,fd3e1967b96133d6e07cae0cb5102bfac8f28a8968d74ea82ef8e224383a5490,101|104|113|114|115|120,101|104|113|114|120
fd74ff7bae5d97feeb28af0772aa026a51a35e3f5d2c0d28af613c01f436a849,cgt,,,787c8729a3ac8a0168db7f3f0f7b1c16,549011e20db07a38e0d1023eb30d4662,,fd74ff7bae5d97feeb28af0772aa026a51a35e3f5d2c0d28af613c01f436a849,101,
fd7b91bf52d2570fc7cf3fc6a804d69115f800760ed226bdd7f4d8309b14ab51,cgt,main,0x4aac9f93f325035527633e4598c469dea47baa8a,6a881a53116e217542f854de4f22361c,b72c70d19ecae57533b8e5d5c88edc43,,fd7b91bf52d2570fc7cf3fc6a804d69115f800760ed226bdd7f4d8309b14ab51,101|104|107|114|115|120,101|114|120
fd7f959b4f34a0a972502f9cbae65e1c98df8c048a63accedbbc42c9ac3475e9,cgt,main,0x9cb8921aa376219950ba134c15d8f5ee2769c599,33cf32e32acbeab98346bc2c88c5f41c,d93e45f4e367ef8c9a0370b7ab8331c6,,fd7f959b4f34a0a972502f9cbae65e1c98df8c048a63accedbbc42c9ac3475e9,103|104|107|113|115|120|128|135,
fdb550b02c876709b2bc2021f64b4f0d8cfecb1eea206fcea3b28c3ecd1aaaf3,cgt,main,0xe894d54dca59cb53fe9cbc5155093605c7068220,39f4945c4a85c4b2713b0ebadd852bc7,6735b5abd118589bd8042f05c844891f,,fdb550b02c876709b2bc2021f64b4f0d8cfecb1eea206fcea3b28c3ecd1aaaf3,104,104
fdd07096a6f0ff11d1e861b1d61ac1d1b2fdbf6f1e930df2dea12e03466848c2,cgt,main,0x3616f0d3d088e488c291e82a1762a7591661e639,164a5962c8355d967cd19813e722d07c,f2aacdd406845a9a88f61f3024c7cc23,,fdd07096a6f0ff11d1e861b1d61ac1d1b2fdbf6f1e930df2dea12e03466848c2,101|104|107|113|114|115|120,101
fe25449fffbd65ddb4bc235d6f828329c16ff96464258284d0981b34f72cd67d,cgt,main,0x02dbe2f315e059743376abcd22ab4908ea9fb02d,082ed06bf6717496a1c3f250c29f47a8,c9557d6e376b2e1ac97a5cb0e07b56aa,,fe25449fffbd65ddb4bc235d6f828329c16ff96464258284d0981b34f72cd67d,104,104
fe2c05e5f7dde04b036c829e60dc6d33755c112d87f7c804e639ce9941a21f24,cgt,main,0x5d951e9377ec3383808d842fb37182c1363ca34b,98fc8d4e83df0e4730403d44e93efbbb,82daa3e83b4a17ee06cfbc497d4b08a3,,fe2c05e5f7dde04b036c829e60dc6d33755c112d87f7c804e639ce9941a21f24,101|104|107|113|114|115|120,
fe47875582f50fe8731ca24efefa2d45c9a2872163edc56cd17c7037bd38f623,cgt,main,0x25dab234f1a0368656846412fa0c33a978315c07,bc550142685940cdc1c2406a2d65b35b,212c608c20cddbc60fe3ee96d11fcbb0,,fe47875582f50fe8731ca24efefa2d45c9a2872163edc56cd17c7037bd38f623,120,120
fe7697d57164dea154903cb4ba0abe272b6a16281b38f390880a57079e4abe7f,cgt,main,0xe736091fc36f1ad476f5e4e03e4425940822d3ba,adb369ca115a76609d06f2bb024f23aa,730d872ffb99cab4409953fca63986b9,,fe7697d57164dea154903cb4ba0abe272b6a16281b38f390880a57079e4abe7f,101|104|113|114|115|120,101|113|114
fe79c99cc623bc60f12bb8bce2482f20a8c621ca5559dc845d1a59552bd12085,cgt,main,0xebde1cfefbdf9eae2eea69a145ddb82cb71e7651,addbefae338158c3b73a706ddae430f3,ea8afbbd0ce389ae3aa812a05acd666f,,fe79c99cc623bc60f12bb8bce2482f20a8c621ca5559dc845d1a59552bd12085,114,
fe85dfebd36aba890e91eb8f2d32995a4217062706281dced427b78193702a69,cgt,main,0x07307d0b136a79bac718f43388aed706389c4588,04eec819216e40f1a8855363d928329a,67f45cfd8c7f18b9e0a9b0ddcb8fc4e6,,fe85dfebd36aba890e91eb8f2d32995a4217062706281dced427b78193702a69,104|114|115|120,
fe8a6b284708508bad0069c24f2c52cb7f2ce08f91e9754202e3439fb9404ce9,cgt,main,0x320274f5dd332cc3b617b360e8554d95a0b96978,0dfb0801d20ce94318e68be1cf933409,e271c753b0ce7dd65f0747f744d17fda,,fe8a6b284708508bad0069c24f2c52cb7f2ce08f91e9754202e3439fb9404ce9,103|104|107|113|115|120|128|135,103
fec4e7c3712df402f98d998a170b3e0eef9b8dc5709815180b5986afdc73385a,cgt,main,0x3efd578b271d034a69499e4a2d933c631d44b9ad,6af107d6afb354839bcb2a8559df2a74,8f3d9c6dbc1d5e7255f2888354423f93,,fec4e7c3712df402f98d998a170b3e0eef9b8dc5709815180b5986afdc73385a,101|104|107|113|114|115|120,101
fecf6d0e58003103a89ef5b0d38d702d6d64ccee6f43e8a5d55e0fb6b084755f,cgt,main,0xa7ca36f7273d4d38fc2aec5a454c497f86728a7a,d1ea57b2b059f4d088cf5f5372892a74,82cf59d9ea2b688839471c108af2f0ab,,fecf6d0e58003103a89ef5b0d38d702d6d64ccee6f43e8a5d55e0fb6b084755f,101,101
fed93dd081275db6f506dcdc7c27229d6ac5fe5d8b1e489f5478a12d76a26c33,cgt,main,0xc03281af336e2c25b41ff893a0e6ce1a932b23af,9ddf79a4c56b14f5c6395403545e40f1,3215572c57ab106361f47e1ed272c12e,,fed93dd081275db6f506dcdc7c27229d6ac5fe5d8b1e489f5478a12d76a26c33,103,103
fedb8114c0f6ace6e8c1e862da59fee444f93e7af8b8bdaa0982143e50870182,cgt,main,0xa714169549d0624d32bce5dccba358d36350358f,bbffa674dbc63ccb201a0293908c829e,97794e9add6039dd8187731956c7c300,,fedb8114c0f6ace6e8c1e862da59fee444f93e7af8b8bdaa0982143e50870182,,
feec22f77b2ccedbc5da73fe6a7e86738c7ab06381ad35cce7af479db01268ba,cgt,main,0xd43cbd8a74535327a8a196ea36cd44fc799ca289,04ccd032a3694026acf8a9ee952a612f,8006fc439d7f835a669b9c94ac1673c4,,feec22f77b2ccedbc5da73fe6a7e86738c7ab06381ad35cce7af479db01268ba,101|104|107|113|114|115|120,101
ff4f46439a36e19e1505eba9a8050e228ba65495c88f93fae85c20400f6d2c71,cgt,main,0xf048bf43b31a10768ea29b4bdbb90b9bc7f6d7af,d2886b860fd7324febea1648418cd929,8da6babce60e03723eab1f18db717cb6,,ff4f46439a36e19e1505eba9a8050e228ba65495c88f93fae85c20400f6d2c71,120,120
ff507f6771d9ee9d808130dd32bcec663d08c66e21f4cbe9819b46654d1f898c,cgt,main,0x3730117f77ac04eec364bf72a656010fa4703d76,3d4f36a3b4216f45ab5c52c85d771543,2ac48df5c55b13687dedf5c23096ed46,,ff507f6771d9ee9d808130dd32bcec663d08c66e21f4cbe9819b46654d1f898c,104,104
ff5136a0b7dc5eb71e4d150f38aebf4c9742ad680d57ee020a44617b2305b3bd,cgt,main,0x941d225236464a25eb18076df7da6a91d0f95e9e,6eeb66dcfc5b87716428d59d979b36be,5fd40163d06a775b8c1a982ac5e3320c,,ff5136a0b7dc5eb71e4d150f38aebf4c9742ad680d57ee020a44617b2305b3bd,107,107
ff7bfa885e30a530e2c3042bf0d41985edb979e1b414ce33a23ec8f4d528afcd,cgt,main,0x91a57b2f6fa86b373bce5716eb26c81cbb004223,498b4a56b1cb250fd13712c7de20fafb,3ec721ca7948c8506ef90e8cd2e97d3f,,ff7bfa885e30a530e2c3042bf0d41985edb979e1b414ce33a23ec8f4d528afcd,103|104|107|113|115|120|128|135,103|120
ffc1bf35b0cdc7ba59ff7abae41989fa6bbde7833b6acd46ecfdd619f649e11a,cgt,main,0x1f31d1168efe4bd22d00d31fc425e5bcb54c75e7,1e5fc13a47c58222d4a8fba8c3e8c0e4,3907e7e3f5241839395c2da3e2d542c5,,ffc1bf35b0cdc7ba59ff7abae41989fa6bbde7833b6acd46ecfdd619f649e11a,103|104|107|113|115|120|128|135,103|120
ffde28f0b85a146b26944711e9407133c284dec5c3d49cb4a757e1140b832a05,cgt,main,0xe63760e74ffd44ce7abdb7ca2e7fa01b357df460,f61fac552c6e03be98edb04175985c50,1b02fa471b014c6f51a1a2ddd08ada4d,,ffde28f0b85a146b26944711e9407133c284dec5c3d49cb4a757e1140b832a05,107,
ffea01e5d7e341ff48d30450b50ff605870ca15e8ff6a0c1dad7ba59add1f6a0,cgt,main,0x05cd27a978fc9f9919a5f4c5c03e5947ed7d4c4d,f0b2ecce11f8ed9349d718fda851fb1d,9c0f655ca689e84a7683db4ec7849723,,ffea01e5d7e341ff48d30450b50ff605870ca15e8ff6a0c1dad7ba59add1f6a0,115,
fffd7be5c307d6e7d5e1488aa2f2323d54fdefccb2c2256a35036f405ab16b23,cgt,main,0x9758da9b4d001ed2d0df46d25069edf53750767a,b79b9bcba1bde5a328533d2e12ec934e,b7f686f5753c1b6860b27046c6e40009,,fffd7be5c307d6e7d5e1488aa2f2323d54fdefccb2c2256a35036f405ab16b23,101|104|107|113|114|115|120,101|104|114
018d34a1748961afaeea92ee027d57e52446d28a21e7511b3d5fb19df7486f84,dappscan,,,,,Chainsulting-SPICE/Migration_KochabOptimism,018d34a1748961afaeea92ee027d57e52446d28a21e7511b3d5fb19df7486f84,103,103
02cf5eae7c3e228773370005ecd8c592e8a006c8c245b56772d7e9d64a7ec795,dappscan,,,,,Runtime_Vеrification-Element_Finance_Governance_Security_Audit_Report/TestTreasury,02cf5eae7c3e228773370005ecd8c592e8a006c8c245b56772d7e9d64a7ec795,104,104
02ddeb6bbdab249501eeaed403239d0393fa511f55ec823455dfa8aa0a64949f,dappscan,,,,,PeckShield-Venus/ComptrollerScenarioG2,02ddeb6bbdab249501eeaed403239d0393fa511f55ec823455dfa8aa0a64949f,135,135
02f05cb5286b230dad0c555ebbc21a40ff314baf7fe6c1f2da051cc5b512cc29,dappscan,,,,,Chainsecurity-Primitive_Finance__Core_engine_smart_contracts/TestReplicationMath,02f05cb5286b230dad0c555ebbc21a40ff314baf7fe6c1f2da051cc5b512cc29,101,101
05186aa533951e46c949b5d5b2495692e5110eea7f70fedb7bfd7259c5d29eda,dappscan,,,,,consensys-AragonOS_and_Aragon_Apps/UnsafeAragonAppMock,05186aa533951e46c949b5d5b2495692e5110eea7f70fedb7bfd7259c5d29eda,135,135
052a3d36b477c310ee78688de3ed0345bedc976b997735ae3937678f04ee6253,dappscan,,,,,Trail_of_Bits-FraxFinance/CurveAMO_V2,052a3d36b477c310ee78688de3ed0345bedc976b997735ae3937678f04ee6253,101|104|128,101|104|128
05b609bf4f4d738f2e8a6b4bec4b85ada5b18ba642e3869138f08d3f4626cac5,dappscan,,,,,PeckShield-Atlantis/ComptrollerG2,05b609bf4f4d738f2e8a6b4bec4b85ada5b18ba642e3869138f08d3f4626cac5,107,107
061bfa9d80d079c659526f45911ff8e117b4bf8b2fecaf20b0bddf36d9179520,dappscan,,,,,Chainsulting-SPICE/OwnerRelayOnEthereum,061bfa9d80d079c659526f45911ff8e117b4bf8b2fecaf20b0bddf36d9179520,103,103
06433ff1e9350b485218ac9eec852919b0da1b69c5df1ed1f11187e8f40e75e2,dappscan,,,,,consensys-Balancer_Finance/BFactory,06433ff1e9350b485218ac9eec852919b0da1b69c5df1ed1f11187e8f40e75e2,101,101
06630c84333802a29ce1ba54b069c891116868f19e065e53f96e2bbfd58a7154,dappscan,,,,,consensys-AragonOS_and_Aragon_Apps/VaultMock,06630c84333802a29ce1ba54b069c891116868f19e065e53f96e2bbfd58a7154,135,135
08a62c8496b37b599f521d70c904112f21d73e25193d252c276cf3a4e8b1cb6b,dappscan,,,,,consensys-Skale_Network/TokenLaunchManager,08a62c8496b37b599f521d70c904112f21d73e25193d252c276cf3a4e8b1cb6b,135,135
08f3e864d5f35136573b4546a40cf828c3f65a1775022ddb570e2f358fe242d5,dappscan,,,,,Chainsulting-UNILAYERX/WhitelistCrowdsaleImpl,08f3e864d5f35136573b4546a40cf828c3f65a1775022ddb570e2f358fe242d5,103,103
096689e71ea7397cfd4353a38bab65b1d82ddc7f78bf8b1197586c8cc803d673,dappscan,,,,,Chainsulting-SPICE/Migration_MenkentOptimism,096689e71ea7397cfd4353a38bab65b1d82ddc7f78bf8b1197586c8cc803d673,103,103
0adff8e9d990f58669721cc09fb5c6d552ffe6c9be7137716d634248ce89c402,dappscan,,,,,PeckShield-LensProtocol/FollowNFT,0adff8e9d990f58669721cc09fb5c6d552ffe6c9be7137716d634248ce89c402,103,103
0b479c87ed2adfe5dddce3e546aa1a46dd06fdbd04abdc6707ead7aa34e504fe,dappscan,,,,,consensys-ENS_Permanent_Registrar/StablePriceOracle,0b479c87ed2adfe5dddce3e546aa1a46dd06fdbd04abdc6707ead7aa34e504fe,101,101
0b7f3cc06daccb428c7985b907a24b9f31afa54c4e27662325545eacffcf5752,dappscan,,,,,consensys-DeFi_Saver/KyberWrapperV3,0b7f3cc06daccb428c7985b907a24b9f31afa54c4e27662325545eacffcf5752,101,101
0c2c6ae366c498f55fecab50e3ea72b7104df29ae7220bcb81625fab5f04133e,dappscan,,,,,PeckShield-Venus/VAIControllerScenario,0c2c6ae366c498f55fecab50e3ea72b7104df29ae7220bcb81625fab5f04133e,135,135
0cfd18b302b6031a018969315ed83b124c459a502a85e168746f4122dffc093d,dappscan,,,,,Runtime_Vеrification-Element_Finance_Governance_Security_Audit_Report/MockHistoryTracker,0cfd18b302b6031a018969315ed83b124c459a502a85e168746f4122dffc093d,101|128,101|128
0e3a483af295b64b171cdb4d266511158234d6e28497a12cb02d9059eca33b27,dappscan,,,,,Trail_of_Bits-setprotocol/ETHDaiRebalancingManager,0e3a483af295b64b171cdb4d266511158234d6e28497a12cb02d9059eca33b27,101,101
0e6de19ebd78166cde3dd84512d6719b5ee3788d9fa00226788d7eca2370a54e,dappscan,,,,,Chainsulting-SPICE/CollateralManager,0e6de19ebd78166cde3dd84512d6719b5ee3788d9fa00226788d7eca2370a54e,103,103
10a538372e8d07b3f659c715309becdecd6b07c128e15570501a42755a3ba38f,dappscan,,,,,Chainsulting-UNILAYERX/PausableMock,10a538372e8d07b3f659c715309becdecd6b07c128e15570501a42755a3ba38f,103,103
123f1fe005ca120d27a4830a330816d78fb6ecd871c4c41da642638b68b8a496,dappscan,,,,,consensys-OmiseGo_MoreVP/SpyPlasmaFrameworkForExitGame,123f1fe005ca120d27a4830a330816d78fb6ecd871c4c41da642638b68b8a496,135,135
123f415ca5f032fbcf62c6936a4b6b74b85c0d1d3ca594c41493b0c4b447edfe,dappscan,,,,,Trail_of_Bits-BalancerCore/BFactory,123f415ca5f032fbcf62c6936a4b6b74b85c0d1d3ca594c41493b0c4b447edfe,101,101
126a7567b5d15f2b7b6e9c65e839ca20cb56d3b221938f9b8e11fcdd6bd328ed,dappscan,,,,,openzeppelin-EtherCamp_ProjectKudos_public_code/ProjectKudos,126a7567b5d15f2b7b6e9c65e839ca20cb56d3b221938f9b8e11fcdd6bd328ed,135,135
1282de71af8d13e7bd0d78460efaff123467b4d8e80ac1eddcd3a0d7e71057fd,dappscan,,,,,Chainsulting-SPICE/ExchangeCircuitBreaker,1282de71af8d13e7bd0d78460efaff123467b4d8e80ac1eddcd3a0d7e71057fd,103,103
13ccf6b131d392bb013b2dd67333e790e57ba0e319f38079a054e7abb9c32d31,dappscan,,,,,consensys-Skale_Network/NodesMock,13ccf6b131d392bb013b2dd67333e790e57ba0e319f38079a054e7abb9c32d31,135,135
148a142b2b7e99421cd4083fd8275045dafa6abcba980ee26b0519d237dea058,dappscan,,,,,consensys-Balancer_Finance/TMath,148a142b2b7e99421cd4083fd8275045dafa6abcba980ee26b0519d237dea058,101,101
154e61b84cf8054d67c0da0a1dc1d7decfc5897955e004eafe86320ddbea8f2e,dappscan,,,,,PeckShield-Atlantis/ComptrollerG7,154e61b84cf8054d67c0da0a1dc1d7decfc5897955e004eafe86320ddbea8f2e,107,107
15f0783a5510809f6461e367b3bd41d14f10ff223557340fb69e224e21066f16,dappscan,,,,,Chainsulting-SPICE/Migration_Hamal,15f0783a5510809f6461e367b3bd41d14f10ff223557340fb69e224e21066f16,103,103
16a135e19038d98dcfa0227132031c0071fd4fcfba9af8f7da9209c0974d2912,dappscan,,,,,PeckShield-Atlantis/ABep20Harness,16a135e19038d98dcfa0227132031c0071fd4fcfba9af8f7da9209c0974d2912,107,107
17226dd85586d31feed4a16dfc649801ce24731f8d78e915b2858169a5d20e8d,dappscan,,,,,Trail_of_Bits-FraxFinance/PIDController,17226dd85586d31feed4a16dfc649801ce24731f8d78e915b2858169a5d20e8d,104|128,104|128
180874a40e162226bdc12c352ea70bdf5eafad07042c9b83b02409647c9c1b4b,dappscan,,,,,Chainsulting-SPICE/Migration_Algol,180874a40e162226bdc12c352ea70bdf5eafad07042c9b83b02409647c9c1b4b,103,103
183065474197429ddd0bdb5e1a597e422f4b8ba01b862cc832685efb86b2f705,dappscan,,,,,Trail_of_Bits-Opyn-Gamma-Protocol/FixedPointInt256Tester,183065474197429ddd0bdb5e1a597e422f4b8ba01b862cc832685efb86b2f705,101,101
186a898ca1048b1b551bbcd64b8e555c99633eb43215fc2334540c4bb938a99d,dappscan,,,,,PeckShield-Rikkei/DAIInterestRateModel,186a898ca1048b1b551bbcd64b8e555c99633eb43215fc2334540c4bb938a99d,107|135,107|135
191fa8243554180d59a733e99f5fe3fe60c3ee54b169b375ec732fec6ff9ce60,dappscan,,,,,PeckShield-Pandora/PandoBox,191fa8243554180d59a733e99f5fe3fe60c3ee54b169b375ec732fec6ff9ce60,120,120
19a5333fd5930885a881f702262955d6bcd2674ff3d15ee39a01b9cfdee52cd7,dappscan,,,,,PeckShield-Atlantis/ABNB,19a5333fd5930885a881f702262955d6bcd2674ff3d15ee39a01b9cfdee52cd7,107,107
1b5b37e9466b65406d97d5d272c28f0dcdedb0c77b1f32e4203ded7fd015eae4,dappscan,,,,,PeckShield-Atlantis/ComptrollerG3,1b5b37e9466b65406d97d5d272c28f0dcdedb0c77b1f32e4203ded7fd015eae4,107,107
1bbc72fe7b26a751ca74d4772c3a2f851cc0d863483535e1721e1e5143a6c0c0,dappscan,,,,,consensys-Rocketpool/RocketNodeStaking,1bbc72fe7b26a751ca74d4772c3a2f851cc0d863483535e1721e1e5143a6c0c0,104|114,104|114
1c8425446496466e15ef75147934e0b5d4f9feac58996db30b7a672118650d5f,dappscan,,,,,Chainsulting-SPICE/ImportableRewardEscrowV2,1c8425446496466e15ef75147934e0b5d4f9feac58996db30b7a672118650d5f,103,103
1ce32e85f6b9026487c7b10d8b8a1980fd86dfd56fdcc975f7fe8a6e45e2de00,dappscan,,,,,PepperSec-POA-DPOS/RandomAuRa,1ce32e85f6b9026487c7b10d8b8a1980fd86dfd56fdcc975f7fe8a6e45e2de00,135,135
1f7dd2181fcd92ea5fc8dfc65b25868ba6f7535e359f5e813c730a22f75ce092,dappscan,,,,,Chainsulting-SPICE/Migration_AlpheratzOptimism,1f7dd2181fcd92ea5fc8dfc65b25868ba6f7535e359f5e813c730a22f75ce092,103,103
210b856fcef472ae36628e0cf019b5ac7d8e7aca8a7467655fe3cec73a768741,dappscan,,,,,PeckShield-Atlantis/ComptrollerHarness,210b856fcef472ae36628e0cf019b5ac7d8e7aca8a7467655fe3cec73a768741,107,107
22ac7bb39d809bec15423037b08f31d1891a8469c1987f92315fccb7d3dcf81c,dappscan,,,,,openzeppelin-Opyn_Gamma_Protocol/PayableProxyController,22ac7bb39d809bec15423037b08f31d1891a8469c1987f92315fccb7d3dcf81c,107,107
231af6d43fe8053a4564fbe89419db335261f1b6d0bc7659ee6417e43fab864d,dappscan,,,,,Chainsulting-SPICE/SynthRedeemer,231af6d43fe8053a4564fbe89419db335261f1b6d0bc7659ee6417e43fab864d,103,103
23b3b45665ae53be391dc046bc0454aa7b1a2e9a4979c9f2cb9198fe56efabc7,dappscan,,,,,PeckShield-Rikkei/RRifiLikeDelegate,23b3b45665ae53be391dc046bc0454aa7b1a2e9a4979c9f2cb9198fe56efabc7,107|135,107|135
23dd5d0344fae40eadaefc79d17b71f282c0eec7b35ece37fe1d0abc3b85c230,dappscan,,,,,openzeppelin-Decentraland_MANA_Token/BurnableToken,23dd5d0344fae40eadaefc79d17b71f282c0eec7b35ece37fe1d0abc3b85c230,114,114
2434214a1e08465393663f2ec9bb7148483ddd7021b2357d81471522921d057c,dappscan,,,,,PeckShield-TranchessV2/FundV3,2434214a1e08465393663f2ec9bb7148483ddd7021b2357d81471522921d057c,135,135
24490f1aafb1b37e36fade174ecd2afa0757d4586a4f2148369582af388f6bcb,dappscan,,,,,PeckShield-Atlantis/AtlantisPriceOracle,24490f1aafb1b37e36fade174ecd2afa0757d4586a4f2148369582af388f6bcb,107,107
246326c2e6de663bec0922fcdb3f4bfc51d48b749b6054457547743d6556334c,dappscan,,,,,Chainsulting-UNILAYERX/IndividuallyCappedCrowdsaleImpl,246326c2e6de663bec0922fcdb3f4bfc51d48b749b6054457547743d6556334c,103,103
24e6bb3bc2b16f60a967bb4ea6cd048cd8abb64c411705a45f63b27154330728,dappscan,,,,,PeckShield-dodo/DODO,24e6bb3bc2b16f60a967bb4ea6cd048cd8abb64c411705a45f63b27154330728,101,101
252a155015d40bfb4cc3f293c583b0c6b79682e81784773cd06ec4f51d837fa6,dappscan,,,,,ConsenSys_Diligence-MCDEX_Mai_Protocol_V2/ChainlinkAdapter,252a155015d40bfb4cc3f293c583b0c6b79682e81784773cd06ec4f51d837fa6,101,101
255d2100d10c024f4d4420787d9a61bf6eb411866c864a914491675f697112a4,dappscan,,,,,PeckShield-OneSwap/OneSwapBuyback,255d2100d10c024f4d4420787d9a61bf6eb411866c864a914491675f697112a4,135,135
257e638240d6403245b096046a96b1236bd2f2a3838852818c37f244a0048434,dappscan,,,,,PeckShield-OpenLeverage1.0/UpgradeLPoolV2,257e638240d6403245b096046a96b1236bd2f2a3838852818c37f244a0048434,107,107
2648c5d2658d9ca9808711ca6ed0c22f1997ba6426b2a5ef439eabfa69f133f0,dappscan,,,,,Trail_of_Bits-UniswapV3Core/UniswapV3Pool,2648c5d2658d9ca9808711ca6ed0c22f1997ba6426b2a5ef439eabfa69f133f0,104|114|128,104|114|128
2731ab75f01b895ba0644d3d2092a484aad5d075243a82584fc05c3df8f24510,dappscan,,,,,Trail_of_Bits-OriginDollar/ChainlinkOracle,2731ab75f01b895ba0644d3d2092a484aad5d075243a82584fc05c3df8f24510,135,135
27a57615d6c90bd28c63bcacb0014ba6a63f669f2d033b3926d0e9959faabb56,dappscan,,,,,PeckShield-Atlantis/ADaiDelegate,27a57615d6c90bd28c63bcacb0014ba6a63f669f2d033b3926d0e9959faabb56,107,107
28f49a16e47788900da297b001c3975ea596776c346c7051f3fc8de6a4c82e2b,dappscan,,,,,consensys-Skale_Network/SkaleManager,28f49a16e47788900da297b001c3975ea596776c346c7051f3fc8de6a4c82e2b,128|135,128|135
2cf71dcac99b520f4d8e41dbb17456af6a10bda615063db99b5a21a10b083e71,dappscan,,,,,Chainsulting-SPICE/Migration_MizarOptimism,2cf71dcac99b520f4d8e41dbb17456af6a10bda615063db99b5a21a10b083e71,103,103
2d0e91e92a0ed0cb16b370665d9a51a861a5784affc4180211cc30bff8914eb6,dappscan,,,,,Runtime_Vеrification-GnosisSafe/SocialRecoveryModule,2d0e91e92a0ed0cb16b370665d9a51a861a5784affc4180211cc30bff8914eb6,101|114,101|114
2d242abec3ac7c37ad94e4789fee83d281a42f014a032e68a48d8d7e244320b2,dappscan,,,,,Chainsulting-UNILAYERX/SignatureBouncerMock,2d242abec3ac7c37ad94e4789fee83d281a42f014a032e68a48d8d7e244320b2,103,103
2daf18c9ba78829893d75f35d2f92db84eeedc7f504f27b5a14a56cbb89c1693,dappscan,,,,,PeckShield-Atlantis/ComptrollerG4,2daf18c9ba78829893d75f35d2f92db84eeedc7f504f27b5a14a56cbb89c1693,107,107
2df59e57a6d02a86fef95cf0e4312aa967d02cbccd0a10ac7775447f54c3a4c1,dappscan,,,,,Trail_of_Bits-Liquity/EchidnaTester,2df59e57a6d02a86fef95cf0e4312aa967d02cbccd0a10ac7775447f54c3a4c1,104|107|113|135,104|107|113|135
2f24627c7a3f5abcf1170bb275596aa8dabf985b3f47fb055059e8172b59988b,dappscan,,,,,Coinbae-Barnbridge_Vault/CommunityVault,2f24627c7a3f5abcf1170bb275596aa8dabf985b3f47fb055059e8172b59988b,103|107,103|107
2f251345aa44512d38db0f7002bde9f658f0e2bad0cc933577147e5854a04614,dappscan,,,,,PeckShield-Tranchessv1.0/LiquidityStaking,2f251345aa44512d38db0f7002bde9f658f0e2bad0cc933577147e5854a04614,107,107
300960bdbbf3944de6420fe91992ecbfa92438aac896112de1d8a44d88a6a499,dappscan,,,,,consensys-Zer0_zBanc/TestDynamicLiquidTokenConverterFactory,300960bdbbf3944de6420fe91992ecbfa92438aac896112de1d8a44d88a6a499,107|114|135,107|114|135
30d0c99ce3fe8e1757be7392ba02ccaac534a3b41c9ff35a00005c9b65411463,dappscan,,,,,Chainsulting-UNILAYERX/RolesMock,30d0c99ce3fe8e1757be7392ba02ccaac534a3b41c9ff35a00005c9b65411463,103,103
31f93f3942b86cafd2d029146d5469b1a8e2ac56bba44a878033bbde3d86514a,dappscan,,,,,Trail_of_Bits-OriginDollar/OpenUniswapOracle,31f93f3942b86cafd2d029146d5469b1a8e2ac56bba44a878033bbde3d86514a,135,135
32f5404aefcedd093e2d5fbc7745a4833b467edad71aaf2452770058e91adb71,dappscan,,,,,Chainsulting-UNILAYERX/ERC721MintableBurnableImpl,32f5404aefcedd093e2d5fbc7745a4833b467edad71aaf2452770058e91adb71,103,103
33b23ea01d7a2d467aff03b3a7f0043d3f995aab8c22b405c240f8b14728aaac,dappscan,,,,,PeckShield-Rikkei/CointrollerHarness,33b23ea01d7a2d467aff03b3a7f0043d3f995aab8c22b405c240f8b14728aaac,107|135,107|135
3474c5c9f58e90e1f264fbd03240eff352e32639730dc352f2e333b017607ab2,dappscan,,,,,Trail_of_Bits-Primitive/MockEngine,3474c5c9f58e90e1f264fbd03240eff352e32639730dc352f2e333b017607ab2,101|104|114,101|104|114
347f9c28eaabcc9ccf2eeb75f21c8b0669e7bc41d42ad63e4aaab1f377b03614,dappscan,,,,,Trail_of_Bits-UniswapV3Core/MockTimeUniswapV3PoolDeployer,347f9c28eaabcc9ccf2eeb75f21c8b0669e7bc41d42ad63e4aaab1f377b03614,104|114|128,104|114|128
34c32b6b44c1392b44215061ea64950315e45e3797f821d26feb5913e5bea447,dappscan,,,,,consensys-OmiseGo_MoreVP/TxFinalizationVerifier,34c32b6b44c1392b44215061ea64950315e45e3797f821d26feb5913e5bea447,135,135
353f13ee03ce9b0d67fece0ec0afcf7f44b609ddfa5546bce89d058f0832cdcd,dappscan,,,,,PepperSec-POA-Network-Wizard/DutchCrowdsaleIdx,353f13ee03ce9b0d67fece0ec0afcf7f44b609ddfa5546bce89d058f0832cdcd,101,101
358f61364a124220151f5cd1ee2275a12cf180f5e76306a4b85c1db3973962aa,dappscan,,,,,consensys-AragonOS_and_Aragon_Apps/LifecycleMock,358f61364a124220151f5cd1ee2275a12cf180f5e76306a4b85c1db3973962aa,135,135
35ee9b8e83528c334fb51e66c12d85c972f5f9a800e884e5671ce9c9bd85e983,dappscan,,,,,PeckShield-Pandora/DataStorage,35ee9b8e83528c334fb51e66c12d85c972f5f9a800e884e5671ce9c9bd85e983,120,120
3694e38af262d082e6ae62484a193d258426448b578b6c76c90f4ffce4e2dc6e,dappscan,,,,,PeckShield-Atlantis/ABep20DelegatorCertora,3694e38af262d082e6ae62484a193d258426448b578b6c76c90f4ffce4e2dc6e,107,107
37a7e4d6fa01ebaebaf9e15c5e40058cf8b9b7d4209229516a6073d25f96bf88,dappscan,,,,,Trail_of_Bits-FraxFinance/Stake_FRAX_FXS,37a7e4d6fa01ebaebaf9e15c5e40058cf8b9b7d4209229516a6073d25f96bf88,104|128,104|128
37bb6f27f3aacf59b8c2b975ec014c57637c667d1079f77cdb00fa4555d40ff2,dappscan,,,,,PeckShield-Rikkei/Maximillion,37bb6f27f3aacf59b8c2b975ec014c57637c667d1079f77cdb00fa4555d40ff2,107|135,107|135
389f7159d3b4c7431eded1d14b97edd4a644ad9a66b2920fc76caa00260be6bd,dappscan,,,,,PeckShield-ShibaNova/ShibaRouter,389f7159d3b4c7431eded1d14b97edd4a644ad9a66b2920fc76caa00260be6bd,135,135
38c12ff03898e97bf7d591cdf022d91f042c1a68dfa4af50039b18b9f8694110,dappscan,,,,,PeckShield-AaveV3/MockPool,38c12ff03898e97bf7d591cdf022d91f042c1a68dfa4af50039b18b9f8694110,101|107,101|107
396d2271b03ab886782c36125c6c7dfec3c6f60b4cc92a8fef003337d85b0e7c,dappscan,,,,,consensys-AragonOS_and_Aragon_Apps/KernelOverloadMock,396d2271b03ab886782c36125c6c7dfec3c6f60b4cc92a8fef003337d85b0e7c,135,135
3a397347134cab4062e5dc3755f87c3c97fe2e63fd2b39f726ec5ac354672f5d,dappscan,,,,,PeckShield-Hegic_HardCore_Beta/HegicOperationalTreasury,3a397347134cab4062e5dc3755f87c3c97fe2e63fd2b39f726ec5ac354672f5d,101,101
3aee087f77a74ee0bca4546bce69db8f8050d5b3b0c004ba039cb083fe66ac30,dappscan,,,,,PeckShield-Venus/Comptroller,3aee087f77a74ee0bca4546bce69db8f8050d5b3b0c004ba039cb083fe66ac30,135,135
3bc30336cede9c1b5745b06b590d2b83af0e948b81967c067827d37315fac5fb,dappscan,,,,,Chainsulting-SPICE/Migration_SaiphOptimism,3bc30336cede9c1b5745b06b590d2b83af0e948b81967c067827d37315fac5fb,103,103
3bfc03235d584c6870bdcca525f47ce6617329dff42037c3119d885388e7fdbe,dappscan,,,,,Trail_of_Bits-setprotocol/BTCETHRebalancingManager,3bfc03235d584c6870bdcca525f47ce6617329dff42037c3119d885388e7fdbe,101,101
3c60ecec4047c2eaad9fed71f4d89a835c5b72679eb078dabca92e0a51aec5d9,dappscan,,,,,Trail_of_Bits-FraxFinance/UniLPToSushiLPMigrator,3c60ecec4047c2eaad9fed71f4d89a835c5b72679eb078dabca92e0a51aec5d9,104|128,104|128
3cfd41c055853bd4a3e1159936e2748d0078ed77774688e58403bc71b5c38d9e,dappscan,,,,,consensys-AragonOS_and_Aragon_Apps/EVMScriptExecutorMock,3cfd41c055853bd4a3e1159936e2748d0078ed77774688e58403bc71b5c38d9e,135,135
3d367e3969821782a738a0bce36160a6f5e3ceeced7642e3aa1eae66d49d3b51,dappscan,,,,,PeckShield-LuckyToken/LuckyToken,3d367e3969821782a738a0bce36160a6f5e3ceeced7642e3aa1eae66d49d3b51,135,135
3d8033d1db7341cfd729b4928926fe818696e3353268fef2a8a4c5949fc95ef7,dappscan,,,,,consensys-Amp/FlexaCollateralManager,3d8033d1db7341cfd729b4928926fe818696e3353268fef2a8a4c5949fc95ef7,128,128
3da1a3f219f8c74a9d1802f47dbf1c9c6a9a7d11c2b950fa0b4b0db7020e71c4,dappscan,,,,,Trail_of_Bits-Opyn-Gamma-Protocol/TradeCallee,3da1a3f219f8c74a9d1802f47dbf1c9c6a9a7d11c2b950fa0b4b0db7020e71c4,115,115
3dd77bca2e10f0e9d21219ee0c35c49faa48bb5588a82bc58b8f801806d571ce,dappscan,,,,,PeckShield-AaveV3/EModeLogic,3dd77bca2e10f0e9d21219ee0c35c49faa48bb5588a82bc58b8f801806d571ce,101,101
3e302bd67fc9c2e0416febe370c7096b261d8b62436c8b9c5ebf1420ca75a125,dappscan,,,,,Chainsulting-SPICE/TestableDebtCache,3e302bd67fc9c2e0416febe370c7096b261d8b62436c8b9c5ebf1420ca75a125,103,103
3f287e5d11b38022fe9625418749a16f07c01460f404275664a395a9d1a173bc,dappscan,,,,,QuillAudits-SushiSwap-BentoBox/LendingPair,3f287e5d11b38022fe9625418749a16f07c01460f404275664a395a9d1a173bc,104,104
4168041d0164ebd35292b04f10e767a6d13fe2f73c0f97e0a434d69adf695266,dappscan,,,,,PeckShield-Venus/VDaiDelegate,4168041d0164ebd35292b04f10e767a6d13fe2f73c0f97e0a434d69adf695266,135,135
4181c3b3c9d112d74f0b9a8489273e1af900fceea9dbb3354cd5a6f4c7311630,dappscan,,,,,Chainsulting-UNILAYERX/ERC721PausableMock,4181c3b3c9d112d74f0b9a8489273e1af900fceea9dbb3354cd5a6f4c7311630,103,103
41bf1b68c871f121a0e4ba91eebbacd0f0d7540a40d3f750e4316c4f1fe6fa96,dappscan,,,,,consensys-Skale_Network/Bounty,41bf1b68c871f121a0e4ba91eebbacd0f0d7540a40d3f750e4316c4f1fe6fa96,135,135
42c4d9c798216391b6ff77b8558d8ee0311dd5e32e7ebd04140cd7e921a33309,dappscan,,,,,Trail_of_Bits-FraxFinance/FraxBondIssuerOld,42c4d9c798216391b6ff77b8558d8ee0311dd5e32e7ebd04140cd7e921a33309,104|128,104|128
44631924df5a0ea80fd55d01e4ffc796533bb62a896433a0b78fa984ae18c3c9,dappscan,,,,,consensys-DeFi_Saver/ZrxAllowlist,44631924df5a0ea80fd55d01e4ffc796533bb62a896433a0b78fa984ae18c3c9,135,135
44cbdfdeb45bca8475ae6b6835819d2eff599a769029edfbcda4f49846119ae4,dappscan,,,,,Trail_of_Bits-FraxFinance/InvestorAMO_V2_non_proxy,44cbdfdeb45bca8475ae6b6835819d2eff599a769029edfbcda4f49846119ae4,104|128,104|128
457940d4f2052793f257b8fd3b20743f478a3627e7f39d9cf4173c8e22741a82,dappscan,,,,,Chainsulting-SPICE/Migration_Rasalhague,457940d4f2052793f257b8fd3b20743f478a3627e7f39d9cf4173c8e22741a82,103,103
45f610136f963c7432ddb393998b6758e38c786690deaf7faec66d3655324cb6,dappscan,,,,,PeckShield-IronLend/RErc20Delegate,45f610136f963c7432ddb393998b6758e38c786690deaf7faec66d3655324cb6,135,135
460943bb68fa46d6e88f31d8f0e8208a36e92689ef2745e8fe5db64f03c8a8f8,dappscan,,,,,Chainsulting-UNILAYERX/PausableCrowdsaleImpl,460943bb68fa46d6e88f31d8f0e8208a36e92689ef2745e8fe5db64f03c8a8f8,103,103
46218aabf68a85e45d81750ea6d369a8c404a98ae389d6347c447cc5cd862a4a,dappscan,,,,,PeckShield-Atlantis/Maximillion,46218aabf68a85e45d81750ea6d369a8c404a98ae389d6347c447cc5cd862a4a,107,107
475e4ed67ae438b3a1993493fdf4e4e848346efd2a377f04d682aa16e3bc423f,dappscan,,,,,Trail_of_Bits-FraxFinance/PoolvAMM_USDC,475e4ed67ae438b3a1993493fdf4e4e848346efd2a377f04d682aa16e3bc423f,104|128,104|128
481787cd4b23b04af510803c2a96018f94ee5d84db4160108d7064c1eb4de5b4,dappscan,,,,,PeckShield-Atlantis/AtlantisChainlinkOracle,481787cd4b23b04af510803c2a96018f94ee5d84db4160108d7064c1eb4de5b4,107,107
48fc633702df25755c6b766fae178f9ef42ca5fbcf06fb1d7faf3dec859daf0e,dappscan,,,,,Trail_of_Bits-OriginDollar/Governor,48fc633702df25755c6b766fae178f9ef42ca5fbcf06fb1d7faf3dec859daf0e,104,104
4a36c3e238af4913e211f2f8a2312eb3f51d787d4a29646a098939f18ba7bdcf,dappscan,,,,,PeckShield-Venus/VenusPriceOracle,4a36c3e238af4913e211f2f8a2312eb3f51d787d4a29646a098939f18ba7bdcf,135,135
4a39c3c6721f8dd3414f6b6b0d8372c2e96c12cde28143a78e0f2571093acd2e,dappscan,,,,,Trail_of_Bits-CompliFi/VaultFactory,4a39c3c6721f8dd3414f6b6b0d8372c2e96c12cde28143a78e0f2571093acd2e,114,114
4a9b0a0dba4f2c77c1b0a350c2bfe9b5010fdf47bdeed18c28c035bc6c726f57,dappscan,,,,,consensys-AragonOS_and_Aragon_Apps/KernelDepositableMock,4a9b0a0dba4f2c77c1b0a350c2bfe9b5010fdf47bdeed18c28c035bc6c726f57,135,135
4b36539b3f381a5d73ee6af45002d49415c5655336b6c41f211978f18a636df3,dappscan,,,,,Chainsulting-SPICE/TestablePerpsV2Market,4b36539b3f381a5d73ee6af45002d49415c5655336b6c41f211978f18a636df3,103,103
4c40bf3467e7a505eb9fefce875b9b459324ad95bbda2a10ca7fbb61d2f8c054,dappscan,,,,,BlockSec-blocksec_multichain_vemult_v1.0_signed/ve,4c40bf3467e7a505eb9fefce875b9b459324ad95bbda2a10ca7fbb61d2f8c054,104|107,104|107
4c6bf2b198f72458db3c89c12ec490fc190e0bad781684486d1d99020a9dc612,dappscan,,,,,Chainsulting-SPICE/FakeTradingRewards,4c6bf2b198f72458db3c89c12ec490fc190e0bad781684486d1d99020a9dc612,103,103
4c7621ae57e284a6ec04e50b791be5f1f4898720d2170b1dce9748f4cd02ecc4,dappscan,,,,,consensys-ENS_Permanent_Registrar/ETHRegistrarController,4c7621ae57e284a6ec04e50b791be5f1f4898720d2170b1dce9748f4cd02ecc4,104|114,104|114
4ef2055b0dcf0c8eca0f840e6865c58a3e9aeb05b3ea77845d54fb094c201c75,dappscan,,,,,Hacken-Tenderize/Matic,4ef2055b0dcf0c8eca0f840e6865c58a3e9aeb05b3ea77845d54fb094c201c75,104|135,104|135
4f0e60e11c76ee527c4385804125213fc814a6032071d3f949b6dd51fc539b14,dappscan,,,,,PeckShield-Convex_Frax/StakingProxyUniV3,4f0e60e11c76ee527c4385804125213fc814a6032071d3f949b6dd51fc539b14,107,107
4fcddedeb8aa08b4ab4b55651396372c2bb6122e88636f9228f95bcd059258dc,dappscan,,,,,Runtime_Vеrification-GnosisSafe/GnosisSafe,4fcddedeb8aa08b4ab4b55651396372c2bb6122e88636f9228f95bcd059258dc,101|107|114,101|107|114
504203e1912d562ee6dc52494994ffcb4eb2d982a598c5e7c8c1cfc716da7554,dappscan,,,,,PeckShield-Pandora/NFTRouter,504203e1912d562ee6dc52494994ffcb4eb2d982a598c5e7c8c1cfc716da7554,120,120
520496d08180a497bc3b3c993d64ce04e7883607b25d6880cec3fed118017419,dappscan,,,,,PeckShield-Rikkei/RBinanceHarness,520496d08180a497bc3b3c993d64ce04e7883607b25d6880cec3fed118017419,107|135,107|135
524be9079b12808bbe2c1c303d6be388b1f3bf37fdeaa219718ef2b22737d54e,dappscan,,,,,Chainsulting-FIN/FinToken,524be9079b12808bbe2c1c303d6be388b1f3bf37fdeaa219718ef2b22737d54e,101|103,101|103
52870883139de6cdaf479dd447088a8ab6ea29ab13f35f9c31c71df56c33e1af,dappscan,,,,,Trail_of_Bits-UniswapV3Core/MockTimeUniswapV3Pool,52870883139de6cdaf479dd447088a8ab6ea29ab13f35f9c31c71df56c33e1af,104|114|128,104|114|128
533e0038e114abd6d7b2761d447a5bbb7f2303edd7dc62b22b736cc649d0a318,dappscan,,,,,consensys-Zer0_zAuction/zAuction,533e0038e114abd6d7b2761d447a5bbb7f2303edd7dc62b22b736cc649d0a318,114|135,114|135
53aa69537b2ac41523670a2f7f174a340107a100c3917cde967ee6eda4143efb,dappscan,,,,,Chainsulting-UNILAYERX/ERC20MintableMock,53aa69537b2ac41523670a2f7f174a340107a100c3917cde967ee6eda4143efb,103,103
55d5a5023a6a5bb2f6087dc31ab2cc4c8c42e430d9ae8175d1400c542eab1c65,dappscan,,,,,PeckShield-Atlantis/ComptrollerG6,55d5a5023a6a5bb2f6087dc31ab2cc4c8c42e430d9ae8175d1400c542eab1c65,107,107
56098cbe962a62c9b956aee5b885acd3f83b47e999dfe2def0361b5f8738115b,dappscan,,,,,Chainsulting-SPICE/Migration_Alpheratz,56098cbe962a62c9b956aee5b885acd3f83b47e999dfe2def0361b5f8738115b,103,103
5611047ec4d0f44b4a95732e295f77dffdd3cf8b733871ef4f46b0fe969f4749,dappscan,,,,,consensys-Gamma/HypervisorFactory,5611047ec4d0f44b4a95732e295f77dffdd3cf8b733871ef4f46b0fe969f4749,107|135,107|135
569eca834f66d78f41615ebfe29cc736d1bc617a2e4d911c9bf35be2c1c21e89,dappscan,,,,,Hacken-thrivecoin/ThriveCoinERC20Token,569eca834f66d78f41615ebfe29cc736d1bc617a2e4d911c9bf35be2c1c21e89,103,103
5734bd42ce48f7cb1f31dae224cd7a985ff80947ec932b7ccd011603cb7af578,dappscan,,,,,Chainsulting-UNILAYERX/ERC20Capped,5734bd42ce48f7cb1f31dae224cd7a985ff80947ec932b7ccd011603cb7af578,103,103
5734d31932cdff65f976d742def80fdcf2054060006063d9f48ab803dd3902a4,dappscan,,,,,consensys-DeFi_Saver/DFSSell,5734d31932cdff65f976d742def80fdcf2054060006063d9f48ab803dd3902a4,135,135
57a3fdb91b21516b97232c6d2178ee1e7bd870174141ad0f6ae0ca6a7d8b25df,dappscan,,,,,openzeppelin-OpenBazaar’s_Escrow/Escrow_v1_0,57a3fdb91b21516b97232c6d2178ee1e7bd870174141ad0f6ae0ca6a7d8b25df,135,135
57dd0b5f0d5cfbca9674c731fe6c71ff7e5476cb58ab2aac0e1bf88781b0791f,dappscan,,,,,Trail_of_Bits-BalancerCore/TMath,57dd0b5f0d5cfbca9674c731fe6c71ff7e5476cb58ab2aac0e1bf88781b0791f,101,101
58465d91640cef97c1a75b0765888fd617d2699c92435c88cf8a900901a4f448,dappscan,,,,,Trail_of_Bits-setprotocol/WhiteList,58465d91640cef97c1a75b0765888fd617d2699c92435c88cf8a900901a4f448,101,101
5a9eb4e80cf72cc17c51e3218cd5b6e62722764ea011a8c5fc01716df1a4870b,dappscan,,,,,consensys-AragonOS_and_Aragon_Apps/AppStubDepositable,5a9eb4e80cf72cc17c51e3218cd5b6e62722764ea011a8c5fc01716df1a4870b,135,135
5b8bfad8b86465f08e124118af4b81f9d81efeef9961c9229545654b3bf5a663,dappscan,,,,,Runtime_Vеrification-Element_Finance_Governance_Security_Audit_Report/LockingVault,5b8bfad8b86465f08e124118af4b81f9d81efeef9961c9229545654b3bf5a663,101|128,101|128
5ba39f415b8a7bac2e02d7d53ce3579977063453f72ef1ff1a629696b008c87a,dappscan,,,,,Chainsulting-SPICE/PerpsV2Settings,5ba39f415b8a7bac2e02d7d53ce3579977063453f72ef1ff1a629696b008c87a,103,103
5bd90f74621965a7c563095f039e9ad6e31c4f31d2a36d626674cba0167229e9,dappscan,,,,,Chainsulting-SPICE/Migration_Mirzam,5bd90f74621965a7c563095f039e9ad6e31c4f31d2a36d626674cba0167229e9,103,103
5d0f6b58d059e2464ada02aba3548fa3a16fddb16add641ecbe352ab0ea6624d,dappscan,,,,,consensys-Brickblock/ExchangeRateProvider,5d0f6b58d059e2464ada02aba3548fa3a16fddb16add641ecbe352ab0ea6624d,135,135
5dddc466cc4416e3262992bfaff9e7acd8b030e825d43cabe4cdf4879d19d6a4,dappscan,,,,,PeckShield-Atlantis/SimplePriceOracle,5dddc466cc4416e3262992bfaff9e7acd8b030e825d43cabe4cdf4879d19d6a4,107,107
5f0385b174285b492b5b2a6f794fc3b9bf84ae6f2779552ef5ff8da29cc681b1,dappscan,,,,,QuillAudits-SpiritSwap-SpiritSwap/SpiritRouter,5f0385b174285b492b5b2a6f794fc3b9bf84ae6f2779552ef5ff8da29cc681b1,135,135
6120e6c0aedf5d7c4bfe053bc2e851ef58ec19de4336ebbb9077d054d3a4f9da,dappscan,,,,,PeckShield-LensProtocol/MockLensHubV2,6120e6c0aedf5d7c4bfe053bc2e851ef58ec19de4336ebbb9077d054d3a4f9da,103,103
6337b1816981ceb962eeb1aceaad5260ec6ee844fcc73bbc15a25a2657a24a16,dappscan,,,,,PeckShield-Rikkei/RBep20Harness,6337b1816981ceb962eeb1aceaad5260ec6ee844fcc73bbc15a25a2657a24a16,107|135,107|135
639a61de455c10ef1e4a532b35e7a7fcd986949d99161ebe5489390586a7b33d,dappscan,,,,,PeckShield-LuckyChip/MasterChef,639a61de455c10ef1e4a532b35e7a7fcd986949d99161ebe5489390586a7b33d,135,135
63a76f6bfd156ac8f828bebd951cc71b4463c28b9a82a3486e44b4f1ab6afa0c,dappscan,,,,,Chainsulting-SPICE/Migration_Mizar,63a76f6bfd156ac8f828bebd951cc71b4463c28b9a82a3486e44b4f1ab6afa0c,103,103
63d067a34f1932efdf55ddf8d6072c890dcc1de4c915d9b7930ecefc3c54ddea,dappscan,,,,,openzeppelin-1inch_Fixed_Rate_Swap/FixedRateSwap,63d067a34f1932efdf55ddf8d6072c890dcc1de4c915d9b7930ecefc3c54ddea,101,101
65195990374ddde1d1099de401586aed990c52d69d5251645f96454602270f0f,dappscan,,,,,Chainsulting-SPICE/Migration_MirzamOptimism,65195990374ddde1d1099de401586aed990c52d69d5251645f96454602270f0f,103,103
6564edfcf651d7615b03e84651f6447a33c0693c5dd1c6406b25b27cf4df6e36,dappscan,,,,,openzeppelin-Tally_SafeGuard_Audit/Registry,6564edfcf651d7615b03e84651f6447a33c0693c5dd1c6406b25b27cf4df6e36,135,135
658df57942bb8cd2febd1b517264ac20493c1acb9f72e6e3e37fa6232cae6f57,dappscan,,,,,QuillAudits-B-Cube-B-Cube/Treasury,658df57942bb8cd2febd1b517264ac20493c1acb9f72e6e3e37fa6232cae6f57,101,101
6671110f2c29d91af639f661d9e03f08c5030ea226a884533eb6dab1f1947aaa,dappscan,,,,,consensys-AragonOS_and_Aragon_Apps/TimeHelpersMock,6671110f2c29d91af639f661d9e03f08c5030ea226a884533eb6dab1f1947aaa,135,135
669fe451ab72c499ecd0e1a5eb555f985997f5481cfa2488fe1b9fd7351bae9d,dappscan,,,,,consensys-Zer0_zBanc/ConverterUpgrader,669fe451ab72c499ecd0e1a5eb555f985997f5481cfa2488fe1b9fd7351bae9d,107|114,107|114
66b8ceb6f3e8c160726d33ace13696be87cb3dc8c681595466b880947917c9f9,dappscan,,,,,Runtime_Vеrification-GnosisSafe/DailyLimitModule,66b8ceb6f3e8c160726d33ace13696be87cb3dc8c681595466b880947917c9f9,101|114,101|114
66f2e3a778f920698e0bd7c55d43a4a80281e147f209d86d15a7f2eba5972e20,dappscan,,,,,PepperSec-POA-Network-Bridge/HomeBridgeNativeToErc,66f2e3a778f920698e0bd7c55d43a4a80281e147f209d86d15a7f2eba5972e20,113,113
6787a45ae7031b433dd091bbebcacfebfe9b5b77441629f05582c36a6cfcb7fa,dappscan,,,,,PeckShield-Atlantis/ComptrollerCertora,6787a45ae7031b433dd091bbebcacfebfe9b5b77441629f05582c36a6cfcb7fa,107,107
67ea1f011595f113c250353f1b6f4c8c755d22ff481fbbd1e51a1703e4b7771d,dappscan,,,,,PeckShield-Atlantis/ABNBHarness,67ea1f011595f113c250353f1b6f4c8c755d22ff481fbbd1e51a1703e4b7771d,107,107
680537e8210b134220bfce26e0d7cfb752142f175ed5b30e58189049950077c3,dappscan,,,,,Trail_of_Bits-YieldProtocol/TestERC20,680537e8210b134220bfce26e0d7cfb752142f175ed5b30e58189049950077c3,114,114
6a81883c9cf89ad27e4ee755aafcbb865f3f76a3e1d6daed64553cac7c669015,dappscan,,,,,BlockSec-blocksec_impossible_finance_swap_v1.2/ImpossibleWrapperFactory,6a81883c9cf89ad27e4ee755aafcbb865f3f76a3e1d6daed64553cac7c669015,107|114,107|114
6aefa246c429419084654c99a29860b05cc751b1342a8e1dcdca4240e8fcf183,dappscan,,,,,Trail_of_Bits-FraxFinance/FraxLendingAMO,6aefa246c429419084654c99a29860b05cc751b1342a8e1dcdca4240e8fcf183,104|128,104|128
6b8d18c4f7ff6bf84bfd7b24cbe8adc72591df25350964c4c5b61f33c03c554d,dappscan,,,,,Chainsecurity-Primitive_Finance__Core_engine_smart_contracts/TestGetRiskyGivenStable,6b8d18c4f7ff6bf84bfd7b24cbe8adc72591df25350964c4c5b61f33c03c554d,101,101
6bf009e264167278db4d18a92dc2dae6bd44e053c7cefb2309101919fee608df,dappscan,,,,,consensys-DeFi_Saver/FLAaveV2,6bf009e264167278db4d18a92dc2dae6bd44e053c7cefb2309101919fee608df,107,107
6bf03f21bf34c5d88a354686f49097074b4405b232c4b8afd47c90d924a83c8e,dappscan,,,,,Chainsecurity-Primitive_Finance__Core_engine_smart_contracts/TestGetStableGivenRisky,6bf03f21bf34c5d88a354686f49097074b4405b232c4b8afd47c90d924a83c8e,101,101
6bf50407f84245ade7111cadd9fab400008d808929e525756c4b37989a449f4e,dappscan,,,,,consensys-AragonOS_and_Aragon_Apps/AppProxyPinnedStorageMock,6bf50407f84245ade7111cadd9fab400008d808929e525756c4b37989a449f4e,135,135
6c519b465e47b2fb42059783c631424cb9570fbabb7bd909c76fb756e2020c6f,dappscan,,,,,Chainsulting-SPICE/Migration_MirachOptimism,6c519b465e47b2fb42059783c631424cb9570fbabb7bd909c76fb756e2020c6f,103,103
6d8158e9c36a91eb51253a4003dfaddce5d38cba4125776cc6d84c0134a24cd9,dappscan,,,,,PeckShield-IronLend/IronController,6d8158e9c36a91eb51253a4003dfaddce5d38cba4125776cc6d84c0134a24cd9,135,135
6db1e846a19f8f94450442b58107c5938fb75397f3d058e5705549688d101fc7,dappscan,,,,,PeckShield-AaveV3/AaveProtocolDataProvider,6db1e846a19f8f94450442b58107c5938fb75397f3d058e5705549688d101fc7,101,101
6e0c8641e6ffbd217ee9b48a6d94ca57c62cc8b01bcf9d6c81d7b54fe1bbb55d,dappscan,,,,,PeckShield-Atlantis/Comptroller,6e0c8641e6ffbd217ee9b48a6d94ca57c62cc8b01bcf9d6c81d7b54fe1bbb55d,107,107
6e4f0874d4249d0370b37d1f51645ff0a727aac325ca4c09aa1d0f06044178e5,dappscan,,,,,Runtime_Vеrification-GnosisSafe/StateChannelModule,6e4f0874d4249d0370b37d1f51645ff0a727aac325ca4c09aa1d0f06044178e5,101|114,101|114
6ff73aaa01a14c53d64d0ab7f4de13b3197ef54ec53868a0c23d088b0c52adf1,dappscan,,,,,Trail_of_Bits-Primitive/PrimitiveFactory,6ff73aaa01a14c53d64d0ab7f4de13b3197ef54ec53868a0c23d088b0c52adf1,101|104|114,101|104|114
71a0759045ce1ac26f30e9249809c7fae3dbc4fe0c2b0a05cd1e924c76d0e4e9,dappscan,,,,,consensys-AragonOS_and_Aragon_Apps/AppStubConditionalRecovery,71a0759045ce1ac26f30e9249809c7fae3dbc4fe0c2b0a05cd1e924c76d0e4e9,135,135
7258015f4cdd5bdc6e698a878d384bf6d00166e6d3e9438465015cecd5284ae5,dappscan,,,,,consensys-DeFi_Saver/DFSBuy,7258015f4cdd5bdc6e698a878d384bf6d00166e6d3e9438465015cecd5284ae5,135,135
725d9c023cd11657b2a2f67ec981ce1556991a9d5d1218f52adc8d2df48537ff,dappscan,,,,,PeckShield-Atlantis/MaximillionCertora,725d9c023cd11657b2a2f67ec981ce1556991a9d5d1218f52adc8d2df48537ff,107,107
734fda8613f923b77720d3e5bad706cfad7331ca920e9ed57b03e8f71052ea9a,dappscan,,,,,consensys-DeFi_Saver/CompWithdraw,734fda8613f923b77720d3e5bad706cfad7331ca920e9ed57b03e8f71052ea9a,104,104
7363318654705bbf3c08c876849e66635fd428dc61b332615f4cc12578a8df47,dappscan,,,,,BlockSec-blocksec_impossible_finance_swap_v1.2/ImpossibleSwapFactory,7363318654705bbf3c08c876849e66635fd428dc61b332615f4cc12578a8df47,107|114,107|114
73c55077893d7bd6355ada400122a3780d39a9bef300488fe1135cc7cadefeed,dappscan,,,,,Trail_of_Bits-Opyn-Gamma-Protocol/MarginCalculatorHarness,73c55077893d7bd6355ada400122a3780d39a9bef300488fe1135cc7cadefeed,101,101
73d0a22cba9d1878ee548b0251c95b58aef376f42e85bc132a728b7f4983d9b6,dappscan,,,,,Trail_of_Bits-FraxFinance/InvestorAMO_V2_upgrade,73d0a22cba9d1878ee548b0251c95b58aef376f42e85bc132a728b7f4983d9b6,104|128,104|128
73dbeebc92971440c78d78dda99af3a1bc12f567ab23b4b358b8b1958389993f,dappscan,,,,,PeckShield-Atlantis/AtlantisLens,73dbeebc92971440c78d78dda99af3a1bc12f567ab23b4b358b8b1958389993f,107,107
73fbd5c0050f45ffd9c490aaf712ded4ac2b67fcc76df05b59f5286f2a4a4040,dappscan,,,,,openzeppelin-ACO_Protocol/ACOToken,73fbd5c0050f45ffd9c490aaf712ded4ac2b67fcc76df05b59f5286f2a4a4040,101|114|128|135,101|114|128|135
746cf1be1f6fcb95e7e2b52f28e1ecd07f9a708c8b6d0f79d70a9c1dd97ece68,dappscan,,,,,PeckShield-Venus/Maximillion,746cf1be1f6fcb95e7e2b52f28e1ecd07f9a708c8b6d0f79d70a9c1dd97ece68,135,135
756be1d8ee7ccc8989d28a1b43fd2e8d00c6163e1559a1ed73ffa47da26900c4,dappscan,,,,,Chainsulting-SPICE/TestableMixinResolver,756be1d8ee7ccc8989d28a1b43fd2e8d00c6163e1559a1ed73ffa47da26900c4,103,103
7632a29a6363c7473b4a6749a25b686ffd0f845c7acf54d2cdd5c293f1c28891,dappscan,,,,,PeckShield-Venus/VBNBHarness,7632a29a6363c7473b4a6749a25b686ffd0f845c7acf54d2cdd5c293f1c28891,135,135
770efd7252a75dc552c6bac2c9f96f0cef9a35665d73061a707b0636be69d713,dappscan,,,,,Trail_of_Bits-88mph/Dumper,770efd7252a75dc552c6bac2c9f96f0cef9a35665d73061a707b0636be69d713,104,104
773bc751c48fc7c7cbe7aad04cff27f44438051c40352ec8f9d054df22512a87,dappscan,,,,,Chainsulting-SPICE/CollateralEth,773bc751c48fc7c7cbe7aad04cff27f44438051c40352ec8f9d054df22512a87,103,103
782ef2e585b1c82ef0253bfc244ab5bd2b2c606bafe2abeac95d7482d375fff1,dappscan,,,,,BlockSec-blocksec_impossible_finance_swap_v1.2/ImpossibleWrappedToken,782ef2e585b1c82ef0253bfc244ab5bd2b2c606bafe2abeac95d7482d375fff1,107|114,107|114
7851977e873b4ddaa540537c637a15d846730c02fda19f879097226531da2a13,dappscan,,,,,Trail_of_Bits-FraxFinance/StakingRewardsDual,7851977e873b4ddaa540537c637a15d846730c02fda19f879097226531da2a13,104|128,104|128
78752e6c426363c3ce1aae4bd7606a0b6a6578e9cf45a375b835d90641d1fa91,dappscan,,,,,Chainsulting-SPICE/OneNetAggregatorDebtRatio,78752e6c426363c3ce1aae4bd7606a0b6a6578e9cf45a375b835d90641d1fa91,103,103
78a0f679abe462d38f61fa1b3d73f0b514af0279378a58c817122f4d1ac220c6,dappscan,,,,,consensys-OmiseGo_MoreVP/SpyErc20VaultForExitGame,78a0f679abe462d38f61fa1b3d73f0b514af0279378a58c817122f4d1ac220c6,135,135
7b2d44718eb9fbbb3f59ac905c9e93f834cf8c5aaaba4af3ca87a37073f8bd29,dappscan,,,,,openzeppelin-Origin_Dollar/OracleRouter,7b2d44718eb9fbbb3f59ac905c9e93f834cf8c5aaaba4af3ca87a37073f8bd29,101,101
7bf2dd3caed6489b59f9bd763eb2fba88e1690be6c2ed90b7287c4a7943c5fa3,dappscan,,,,,Trail_of_Bits-Opyn/CrabStrategy,7bf2dd3caed6489b59f9bd763eb2fba88e1690be6c2ed90b7287c4a7943c5fa3,114,114
7e8176cddb5638465c64932328e23af51c8b78fb020467139ba12892ded81c56,dappscan,,,,,PeckShield-dodo/TestERC20,7e8176cddb5638465c64932328e23af51c8b78fb020467139ba12892ded81c56,101,101
7e92697a344cb29f15ac1ba7acc4a0f07612f446f2e118dadaf08e9ad5ab32d5,dappscan,,,,,PeckShield-dodo/DODOEthProxy,7e92697a344cb29f15ac1ba7acc4a0f07612f446f2e118dadaf08e9ad5ab32d5,101,101
7eca1c83b404765ced14fde8895288d4ea76288a872a527bb182da3ae00a3d44,dappscan,,,,,consensys-Skale_Network/Pricing,7eca1c83b404765ced14fde8895288d4ea76288a872a527bb182da3ae00a3d44,128|135,128|135
7ed73ae6430b0664d73549ccdda24766fc98b1fb8d63c3b05a74be6150b322ac,dappscan,,,,,Chainsulting-SPICE/CollateralErc20,7ed73ae6430b0664d73549ccdda24766fc98b1fb8d63c3b05a74be6150b322ac,103,103
819bfdd80ac2c46b78d2925c3362eda15b13e63d21bf0eeb1d9964a0bbbe9dda,dappscan,,,,,PeckShield-PikaPerpV2/PikaStaking,819bfdd80ac2c46b78d2925c3362eda15b13e63d21bf0eeb1d9964a0bbbe9dda,135,135
827484ce976996c44022a6d358c316948606b4d73657befdbd5a4cef0d715069,dappscan,,,,,PeckShield-Holdefi/Holdefi,827484ce976996c44022a6d358c316948606b4d73657befdbd5a4cef0d715069,107,107
82da57d35a1d48c2da8f8f68b556a8795895c56025fdf0452b5e70b591747489,dappscan,,,,,PeckShield-Venus/VBep20,82da57d35a1d48c2da8f8f68b556a8795895c56025fdf0452b5e70b591747489,135,135
8422b104bffd0e2064e538c9d6720220f15664b2cce7b5b042de842a1c11bfa8,dappscan,,,,,PeckShield-OpenLeverage1.0/OLETokenLock,8422b104bffd0e2064e538c9d6720220f15664b2cce7b5b042de842a1c11bfa8,135,135
85ea0acfd8f155516eb38376b9e4d4284eae4e9f853fed97f4f3eac020f38d5a,dappscan,,,,,PeckShield-Rikkei/PriceOracleProxy,85ea0acfd8f155516eb38376b9e4d4284eae4e9f853fed97f4f3eac020f38d5a,107|135,107|135
870a7ab2a4723d46a6eb24563c9eda74a14fc2bcad46d92754c298ab730c6536,dappscan,,,,,consensys-Bounties_Network/BountiesMetaTxRelayer,870a7ab2a4723d46a6eb24563c9eda74a14fc2bcad46d92754c298ab730c6536,101|103,101|103
888bf73f66eb1d08fe8c8da9b9915c81e26f28de9bbe583954c323a82a8f75e8,dappscan,,,,,PeckShield-IronLend/RErc20,888bf73f66eb1d08fe8c8da9b9915c81e26f28de9bbe583954c323a82a8f75e8,135,135
888e67c9f7e9340c976804196ea2ace06987753d3dc568c6477e39c554416e29,dappscan,,,,,PeckShield-Venus/VAIController,888e67c9f7e9340c976804196ea2ace06987753d3dc568c6477e39c554416e29,135,135
895564639cdbb2755b82e70a8d199fb6b3996fffe34199305adbbdf48fcedd51,dappscan,,,,,consensys-AragonOS_and_Aragon_Apps/UpgradedKernel,895564639cdbb2755b82e70a8d199fb6b3996fffe34199305adbbdf48fcedd51,135,135
899c8a7e5c2050ba951887533cb78b2f5afb30432e55b3a4ac5cb5e6d1fa8632,dappscan,,,,,Coinspect-Liquity_Audit/EchidnaProxy,899c8a7e5c2050ba951887533cb78b2f5afb30432e55b3a4ac5cb5e6d1fa8632,101,101
89d702d015977bb6c653f6dd89b4dcf7d61c6093c8d08e845c02a137b78e677f,dappscan,,,,,consensys-Brickblock/AccessTokenUpgradeExample,89d702d015977bb6c653f6dd89b4dcf7d61c6093c8d08e845c02a137b78e677f,101|135,101|135
8a080f58bffd82a88a33f75eba49726a6c15ec26108cf533f784ae0ba5355950,dappscan,,,,,Runtime_Vеrification-Tracer_Perpetual_Pools_V2/SMAOracle,8a080f58bffd82a88a33f75eba49726a6c15ec26108cf533f784ae0ba5355950,135,135
8a42989c079d048bf19bc334ff24a53f9c6e34c36bd28a4dc904e8645160621c,dappscan,,,,,Chainsecurity-Primitive_Finance__Core_engine_smart_contracts/TestCalcInvariant,8a42989c079d048bf19bc334ff24a53f9c6e34c36bd28a4dc904e8645160621c,101,101
8a8e48dea24cc0063c0b76c174bf320143adce4fde472d249bf82d05a8270389,dappscan,,,,,PepperSec-POA-DPOS/RandomHBBFT,8a8e48dea24cc0063c0b76c174bf320143adce4fde472d249bf82d05a8270389,135,135
8c078737c7260b2c1995dbe4724b99096f60872049a37f9fa16a7ae830bf90e9,dappscan,,,,,Trail_of_Bits-SeaportProtocol/Consideration,8c078737c7260b2c1995dbe4724b99096f60872049a37f9fa16a7ae830bf90e9,101|128,101|128
8d0fa5efabf201d67f83c8933b2e4eb369df16d3fe09495d1a6e7201f4b278a0,dappscan,,,,,PeckShield-Kalmar/MasterChefGoblinConfig,8d0fa5efabf201d67f83c8933b2e4eb369df16d3fe09495d1a6e7201f4b278a0,101,101
8d943efb0d5f0a6b6d91780587efedbe3ce2dd7fff5b46d1d8a0f45f873bdc15,dappscan,,,,,consensys-AZTEC_Protocol/JoinSplit,8d943efb0d5f0a6b6d91780587efedbe3ce2dd7fff5b46d1d8a0f45f873bdc15,101,101
93d27e4f5398153d03919a69a0179934f065ae9dcc199d2ea0ad5ea17216b3e5,dappscan,,,,,PeckShield-Atlantis/ComptrollerScenarioG4,93d27e4f5398153d03919a69a0179934f065ae9dcc199d2ea0ad5ea17216b3e5,107,107
93dbfbd121ba96d6540a52a9507db79b9d9cf98a2906695007c5bd2e2189b7db,dappscan,,,,,Trail_of_Bits-FraxFinance/FXS1559_AMO,93dbfbd121ba96d6540a52a9507db79b9d9cf98a2906695007c5bd2e2189b7db,104|128,104|128
94b62b3d1fdfdf8b986e016dea1afe811a5a33fd7d5103ee55f7b587f2d4dce3,dappscan,,,,,consensys-0x_Protocol_v2/TestAssetProxyDispatcher,94b62b3d1fdfdf8b986e016dea1afe811a5a33fd7d5103ee55f7b587f2d4dce3,135,135
94e055341e26e8b9d8a3e2eb38d2c08af98729b7029aa7f3b48894ba90df6ee5,dappscan,,,,,Hacken-thrivecoin/ThriveCoinERC20TokenPolygon,94e055341e26e8b9d8a3e2eb38d2c08af98729b7029aa7f3b48894ba90df6ee5,103,103
94ee40b39c5e092a3ed5dbd915753be15f77c6a7319189f106c65c7775b345f7,dappscan,,,,,Trail_of_Bits-FraxFinance/FraxPoolInvestorForV2,94ee40b39c5e092a3ed5dbd915753be15f77c6a7319189f106c65c7775b345f7,104|128,104|128
9513ad739867d836d4a54f52c62fcce9d9353e96968e365d2c676098d00947bd,dappscan,,,,,Trail_of_Bits-Liquity/BorrowerOperationsTester,9513ad739867d836d4a54f52c62fcce9d9353e96968e365d2c676098d00947bd,107,107
95a605d283ea3fbb21982d243d16b867f768061cbb60cc60c27846f421f7e3d6,dappscan,,,,,consensys-DeFi_Saver/CompBorrow,95a605d283ea3fbb21982d243d16b867f768061cbb60cc60c27846f421f7e3d6,104,104
966be9a02e73652fd91d688b6fbda903588dedcf6f0a124c0bbbbcd5002db050,dappscan,,,,,PeckShield-Venus/VBep20Harness,966be9a02e73652fd91d688b6fbda903588dedcf6f0a124c0bbbbcd5002db050,135,135
96b47a9f136ef9243857fe553f80e3d6d7e29688f9684156e49fc05e00a15642,dappscan,,,,,PeckShield-Atlantis/ABep20ImmutableCertora,96b47a9f136ef9243857fe553f80e3d6d7e29688f9684156e49fc05e00a15642,107,107
971988c194176fede51c8a1e10ab47575655f49da9e107d3897e81d7247cc833,dappscan,,,,,PeckShield-Venus/ComptrollerG1,971988c194176fede51c8a1e10ab47575655f49da9e107d3897e81d7247cc833,135,135
97dd1283bd8bbbe95bb70c08efb3a3a741ead883f6fba2263f4fe042f11fde32,dappscan,,,,,PeckShield-Atlantis/ComptrollerScenarioG2,97dd1283bd8bbbe95bb70c08efb3a3a741ead883f6fba2263f4fe042f11fde32,107,107
97f6a6af1cf88655e724f80bc0dd2285b7f3041bf3b62514cecdc9bebc91f5dc,dappscan,,,,,Chainsulting-SPICE/NativeEtherWrapper,97f6a6af1cf88655e724f80bc0dd2285b7f3041bf3b62514cecdc9bebc91f5dc,103,103
9811492239b7e744994d5fcee34b9e825df9335f7738322607d43fb3092ae9cf,dappscan,,,,,Chainsulting-UNILAYERX/ERC20PausableMock,9811492239b7e744994d5fcee34b9e825df9335f7738322607d43fb3092ae9cf,103,103
9821bc1224ee01a6b509e4a33a78e4a508f7a3c530629b354bd1b58986db1b0d,dappscan,,,,,Trail_of_Bits-Primitive/MockFactory,9821bc1224ee01a6b509e4a33a78e4a508f7a3c530629b354bd1b58986db1b0d,101|104|114,101|104|114
9a1796e80b7a67045ef0791f7c82c541c2b83c35b50c43242a691d79ef40e31f,dappscan,,,,,Trail_of_Bits-LiquityProtocolandStabilityPoolFinalReport/StabilityPoolTester,9a1796e80b7a67045ef0791f7c82c541c2b83c35b50c43242a691d79ef40e31f,101,101
9a93cde84ce108a0c7c8b64c5138f64a33da33d383176b8c495cb928ae4cc665,dappscan,,,,,Chainsulting-SPICE/OneNetAggregatorsDEFI,9a93cde84ce108a0c7c8b64c5138f64a33da33d383176b8c495cb928ae4cc665,103,103
9b18449159512175abefb673f4482843ff79099cc5cbf4d4e19f40d0089d930a,dappscan,,,,,Chainsulting-SPICE/MintableSynthetix,9b18449159512175abefb673f4482843ff79099cc5cbf4d4e19f40d0089d930a,103,103
9bf3182b051b433780b9e6c251bb54ac441dbc04b668318104e10eac41bd2a94,dappscan,,,,,Trail_of_Bits-API3/RequesterAuthorizerWhitelisterWithTokenDeposit,9bf3182b051b433780b9e6c251bb54ac441dbc04b668318104e10eac41bd2a94,114,114
9c1673a4ad2493b3c0f953227a8a44f4636ddb58cb272f05ad3d77b0ceee1df9,dappscan,,,,,PeckShield-Venus/ComptrollerHarness,9c1673a4ad2493b3c0f953227a8a44f4636ddb58cb272f05ad3d77b0ceee1df9,135,135
9c61197d83e426087e125d03f3e085674ba40c47e73d734b4af9079c8dc7a0b3,dappscan,,,,,Hacken-Tenderize/Livepeer,9c61197d83e426087e125d03f3e085674ba40c47e73d734b4af9079c8dc7a0b3,104,104
9cc36d39f5a5a6b8e76a3f92e21e732317117d87a724e9cae737bfcf2f8627c1,dappscan,,,,,consensys-DeFi_Saver/CompPayback,9cc36d39f5a5a6b8e76a3f92e21e732317117d87a724e9cae737bfcf2f8627c1,104,104
9d62bfd12489537e59a5047667274bce5365d1db6acda22e6c6c9bb69d95c8ae,dappscan,,,,,consensys-Skale_Network/SkaleDKGTester,9d62bfd12489537e59a5047667274bce5365d1db6acda22e6c6c9bb69d95c8ae,128|135,128|135
9f2b2ed38dbf2d00f8b0e7db0f2e23f9cad146ee31554d9071c5e384dd5e29c1,dappscan,,,,,PeckShield-OneSwap/OneSwapPair,9f2b2ed38dbf2d00f8b0e7db0f2e23f9cad146ee31554d9071c5e384dd5e29c1,101,101
a009948d9d43c0fa49b7ba48d7fe2a2567612bd62d21c85cbc22e40fd953033f,dappscan,,,,,consensys-AragonOS_and_Aragon_Apps/UnsafeRepo,a009948d9d43c0fa49b7ba48d7fe2a2567612bd62d21c85cbc22e40fd953033f,135,135
a2dd9af563cd94e2446264189794ba61d9702517e33fd459b65f87f3be7ca5b9,dappscan,,,,,Trail_of_Bits-UniswapV3Core/UniswapV3PoolDeployer,a2dd9af563cd94e2446264189794ba61d9702517e33fd459b65f87f3be7ca5b9,104|114|128,104|114|128
a3c135be19e3d9e10def2b18fc990896d33444df0347aec97553b7d57962c793,dappscan,,,,,consensys-AragonOS_and_Aragon_Apps/MockScriptExecutorApp,a3c135be19e3d9e10def2b18fc990896d33444df0347aec97553b7d57962c793,135,135
a3fed9a1d893481f65e31b95975cc30c2ed40efffab5be6a6b35d56a8a42c6b1,dappscan,,,,,openzeppelin-Solo_Margin_Protocol/PayableProxyForSoloMargin,a3fed9a1d893481f65e31b95975cc30c2ed40efffab5be6a6b35d56a8a42c6b1,107,107
a4bce3bb54199b850e624780368d06f92a676ec8b899618211aa51b63ed1ed0e,dappscan,,,,,consensys-AragonOS_and_Aragon_Apps/AppStub,a4bce3bb54199b850e624780368d06f92a676ec8b899618211aa51b63ed1ed0e,135,135
a6bc3809b7bfb73ef68fac54dd1e3b891a5e51953be0458029be9ce8cd2cd2e4,dappscan,,,,,Trail_of_Bits-Opyn-Gamma-Protocol/CalculatorTester,a6bc3809b7bfb73ef68fac54dd1e3b891a5e51953be0458029be9ce8cd2cd2e4,101,101
a8f544c4e7a214e4b8a2dc91b20a51ebfc079a4746600e3c4d536b59d53cbd93,dappscan,,,,,consensys-ENS_Permanent_Registrar/SimplePriceOracle,a8f544c4e7a214e4b8a2dc91b20a51ebfc079a4746600e3c4d536b59d53cbd93,101,101
abe4a215622220eea80679ab2efc1353133b087733c722feede0b13abf578624,dappscan,,,,,PeckShield-Venus/VXvsLikeDelegate,abe4a215622220eea80679ab2efc1353133b087733c722feede0b13abf578624,135,135
acc24e4280bdde86370123283323e767bc4e4fb823a3c7fb6537d040203c346b,dappscan,,,,,PeckShield-Atlantis/ABep20,acc24e4280bdde86370123283323e767bc4e4fb823a3c7fb6537d040203c346b,107,107
adc875f392d209c4a855c502bc3e2089015361e637487eba3bf007f8ba018927,dappscan,,,,,Coinspect-Liquity_Audit/EchidnaTester,adc875f392d209c4a855c502bc3e2089015361e637487eba3bf007f8ba018927,101,101
aea748c7943df6e670eb3841706ffe3d1da31879569fb2cd50a3bf9ca6a185c0,dappscan,,,,,PeckShield-Atlantis/ComptrollerScenarioG3,aea748c7943df6e670eb3841706ffe3d1da31879569fb2cd50a3bf9ca6a185c0,107,107
aecae9ccfb8ddec39ee51d675d1fd2a5346100e2e1d23bd17a0d9ccdaedf0fa1,dappscan,,,,,Trail_of_Bits-UniswapV3Core/UniswapV3Factory,aecae9ccfb8ddec39ee51d675d1fd2a5346100e2e1d23bd17a0d9ccdaedf0fa1,104|114|128,104|114|128
af60c50d8de49c80fc95fec50822c40ac3e01ec8341127783c14538030edd4e8,dappscan,,,,,PeckShield-Venus/VenusChainlinkOracle,af60c50d8de49c80fc95fec50822c40ac3e01ec8341127783c14538030edd4e8,135,135
af70b553851f1b194a83f3aadf9f6fe362a3201a053990deeed1bedc1166b477,dappscan,,,,,consensys-DeFi_Saver/DFSExchange,af70b553851f1b194a83f3aadf9f6fe362a3201a053990deeed1bedc1166b477,135,135
afb905335cec9b9f93bdb91f607a86ae739c5f879aa5a3411271ff6db9e3f2e5,dappscan,,,,,Trail_of_Bits-FraxFinance/FraxBridge,afb905335cec9b9f93bdb91f607a86ae739c5f879aa5a3411271ff6db9e3f2e5,104|128,104|128
b0dd4f371afa3da32f1d3388b74764ff9dce7f561eb665123205e0eab239055a,dappscan,,,,,Runtime_Vеrification-stakefish_ethereum_staking_audit_report/StakefishServicesContract,b0dd4f371afa3da32f1d3388b74764ff9dce7f561eb665123205e0eab239055a,113|114,113|114
b0fdf8f19053f09fe431a9d137a27dee7c79dedeaa81659ddcd1d60d47a5c054,dappscan,,,,,Chainsulting-SPICE/Migration_NunkiOptimism,b0fdf8f19053f09fe431a9d137a27dee7c79dedeaa81659ddcd1d60d47a5c054,103,103
b18fea7b87bc4f4311915b668b42241a9aca70ce0c0f355a15257cab12440283,dappscan,,,,,consensys-Gamma/Hypervisor,b18fea7b87bc4f4311915b668b42241a9aca70ce0c0f355a15257cab12440283,107|135,107|135
b1a0061cfb7e5ef292c6bf2f3acc99d7c501974d87ace8d1ec9032ca31c91c3b,dappscan,,,,,PeckShield-Venus/ComptrollerG3,b1a0061cfb7e5ef292c6bf2f3acc99d7c501974d87ace8d1ec9032ca31c91c3b,135,135
b2982abdd54b13abaf414a0c8ed8f062dacfd312e7aaf34bdb9273ec8247fddd,dappscan,,,,,consensys-DeFi_Saver/ZeroxWrapper,b2982abdd54b13abaf414a0c8ed8f062dacfd312e7aaf34bdb9273ec8247fddd,101,101
b29dfd9ab82676d236b2df61350c83ffb65968f0d59bf7e0863e07fe9ad51807,dappscan,,,,,consensys-Rocketpool/RocketDepositPool,b29dfd9ab82676d236b2df61350c83ffb65968f0d59bf7e0863e07fe9ad51807,128,128
b31e3d72d8133cb70a2701ebef1fe3f4cae64886fe0b7e4ca9f341829fc15691,dappscan,,,,,Trail_of_Bits-dharma-smartwallet/DharmaSmartWalletFactoryV1,b31e3d72d8133cb70a2701ebef1fe3f4cae64886fe0b7e4ca9f341829fc15691,128,128
b5171872ef926b8074e83245aac514542053d728eda0e2d18ba953d84ea8b87d,dappscan,,,,,PeckShield-Venus/SimplePriceOracle,b5171872ef926b8074e83245aac514542053d728eda0e2d18ba953d84ea8b87d,135,135
b528a6b4596dba30f53c76f4553e8ee78a81ce70b44b8881492030b318509de4,dappscan,,,,,openzeppelin-Solo_Margin_Protocol/TestCallee,b528a6b4596dba30f53c76f4553e8ee78a81ce70b44b8881492030b318509de4,107,107
b52c534fff51a2cd05935f9fbcbb81bed604a31e882f3e15dacdcc6b65b42046,dappscan,,,,,PeckShield-ShibaNova/MasterShiba,b52c534fff51a2cd05935f9fbcbb81bed604a31e882f3e15dacdcc6b65b42046,107,107
b586e39eab5d4487b5455de0e169545c4b1742de8e54266db183f36ff74d4236,dappscan,,,,,Trail_of_Bits-TokenCard/Wallet,b586e39eab5d4487b5455de0e169545c4b1742de8e54266db183f36ff74d4236,101|135,101|135
b5e2a1209458371f636ab387baa228c9ad1243483d4f33f17dc423fc8df21999,dappscan,,,,,Runtime_Vеrification-stakefish_ethereum_staking_audit_report/StakefishServicesContractFactory,b5e2a1209458371f636ab387baa228c9ad1243483d4f33f17dc423fc8df21999,113|114,113|114
b633cb4d4e8930425d633bef805e0f9a07b6c64d9c7bd9708f6c9b375e98fbe5,dappscan,,,,,PeckShield-Atlantis/FixedPriceOracle,b633cb4d4e8930425d633bef805e0f9a07b6c64d9c7bd9708f6c9b375e98fbe5,107|135,107|135
b73774586eabeb8b078ddf8f50afba51002e37242f47f9b5265448203da917cb,dappscan,,,,,Chainsulting-SPICE/SynthetixBridgeToBase,b73774586eabeb8b078ddf8f50afba51002e37242f47f9b5265448203da917cb,103,103
b73e2337a0f8e8e53a059184a8501ba5bc0cfa7d6e2ae6040071fac451e6ee62,dappscan,,,,,PeckShield-VeChain/VVET9,b73e2337a0f8e8e53a059184a8501ba5bc0cfa7d6e2ae6040071fac451e6ee62,101|114|135,101|114|135
b87ec1d14174fc60fd972b20dbf29b7dca1891d0afb645c3804dc98520b33381,dappscan,,,,,PeckShield-Atlantis/ABep20DelegateCertora,b87ec1d14174fc60fd972b20dbf29b7dca1891d0afb645c3804dc98520b33381,107,107
b8b96a66a09212d346882fbe08f6bd7fbce82d120d064ea5c9572998f79ca65a,dappscan,,,,,Ackee_Blockchain-Zunami_protocol/Zunami,b8b96a66a09212d346882fbe08f6bd7fbce82d120d064ea5c9572998f79ca65a,135,135
bbefb6b06abc6b9c917984095c2cd1b929120b8682a859c8d6f5642a4c8c92db,dappscan,,,,,PeckShield-Holdefi/HoldefiSettings,bbefb6b06abc6b9c917984095c2cd1b929120b8682a859c8d6f5642a4c8c92db,135,135
bc265cdb1dd785db64bf8cb6c840b996067f0070876d0d5c0bf7f66e9a4b6484,dappscan,,,,,QuillAudits-1inch-Farming/FarmingPool,bc265cdb1dd785db64bf8cb6c840b996067f0070876d0d5c0bf7f66e9a4b6484,101,101
bc308641b73f17881ccd1361d6ed2155fb39d7d6d0e1887c83bed7eed367b83f,dappscan,,,,,consensys-0x_Protocol_v2/Exchange,bc308641b73f17881ccd1361d6ed2155fb39d7d6d0e1887c83bed7eed367b83f,135,135
bc7e2e41aa737966a933c0ee8220390fcd0b317296d56bdbd9b6e2872cc147a7,dappscan,,,,,Hacken-SpaceDoge/SpaceDogeCoin,bc7e2e41aa737966a933c0ee8220390fcd0b317296d56bdbd9b6e2872cc147a7,135,135
bf20604e7448cc305a1c58a543463816d159688551ea458d7d6e5671822e4cee,dappscan,,,,,Hacken-QANplatform/QANX,bf20604e7448cc305a1c58a543463816d159688551ea458d7d6e5671822e4cee,103,103
bf42acbc6b2cf26fd700d5401504c77d78549a913493ebe3391bb4ff320880f2,dappscan,,,,,consensys-AragonOS_and_Aragon_Apps/InitializableStorageMock,bf42acbc6b2cf26fd700d5401504c77d78549a913493ebe3391bb4ff320880f2,135,135
c1bcc5b1496fa601f605696446e03fb09148ea5d5f49a9a0d57eb39aa1c90fb6,dappscan,,,,,PeckShield-Rikkei/MaximillionCertora,c1bcc5b1496fa601f605696446e03fb09148ea5d5f49a9a0d57eb39aa1c90fb6,107|135,107|135
c29eccc2fb9eebf97c4bbd9f6b6b616c08f8530debb4dd00fa5b0eee1163acdd,dappscan,,,,,Runtime_Vеrification-GnosisSafe/WhitelistModule,c29eccc2fb9eebf97c4bbd9f6b6b616c08f8530debb4dd00fa5b0eee1163acdd,101|114,101|114
c2fa2a409584da3356ffc2184804c395e29aaeb693f79ffa62b3b59d76c76914,dappscan,,,,,PeckShield-AaveV3/BridgeLogic,c2fa2a409584da3356ffc2184804c395e29aaeb693f79ffa62b3b59d76c76914,101,101
c3ffca19795741245ac882ce74007635f995010477aae704be059e55a3dbea97,dappscan,,,,,Chainsecurity-Primitive_Finance__Core_engine_smart_contracts/TestCumulativeNormalDistribution,c3ffca19795741245ac882ce74007635f995010477aae704be059e55a3dbea97,101,101
c47a06e9e9e57162380db70bbce445240c423123fcf2f81926e706907864fdfb,dappscan,,,,,PeckShield-Atlantis/PriceOracleProxy,c47a06e9e9e57162380db70bbce445240c423123fcf2f81926e706907864fdfb,107,107
c53d2ea9de0c292b1c19058d387f2c4050b053a2d5253b9dc8177c8f55b01bd2,dappscan,,,,,Chainsulting-UNILAYERX/ERC721FullMock,c53d2ea9de0c292b1c19058d387f2c4050b053a2d5253b9dc8177c8f55b01bd2,103,103
c6615a52b56886dd3a762503e61a84f9f6f256da0cc2a8592b8fe9f4e7c75dff,dappscan,,,,,Trail_of_Bits-API3/RequesterAuthorizerWhitelisterWithTokenPayment,c6615a52b56886dd3a762503e61a84f9f6f256da0cc2a8592b8fe9f4e7c75dff,114,114
c6a398b50efbf92322754db2b585640a204999168cf2e8a6c291184631f12d79,dappscan,,,,,Chainsulting-UNILAYERX/ERC20Migrator,c6a398b50efbf92322754db2b585640a204999168cf2e8a6c291184631f12d79,103,103
c6d667c1b7c8f2a98ab36e609c66c8a76fe5eb1ea179d0f4c9cb7e9327995e30,dappscan,,,,,Chainsulting-SPICE/ShortingRewards,c6d667c1b7c8f2a98ab36e609c66c8a76fe5eb1ea179d0f4c9cb7e9327995e30,103,103
c7fa887405353a083e048dc732056911bcff493f45288eff684fac9e8cd0bfa8,dappscan,,,,,Chainsulting-SPICE/OwnerRelayOnOptimism,c7fa887405353a083e048dc732056911bcff493f45288eff684fac9e8cd0bfa8,103,103
c8adaad1379123416aa9e9cf5e36db436f98961eec10fc37921626f3cece03e0,dappscan,,,,,Trail_of_Bits-FraxFinance/CurveAMO_V2_Non_Impl,c8adaad1379123416aa9e9cf5e36db436f98961eec10fc37921626f3cece03e0,104|128,104|128
c8c903776b72fdac69ee56f67120128d07a5473f2e2f18ebef131356c582eaef,dappscan,,,,,consensys-Rocketpool/RocketTokenRETH,c8c903776b72fdac69ee56f67120128d07a5473f2e2f18ebef131356c582eaef,114,114
c98c5cfa80aeac98537a6adf2d646ffe91b9861482b4726800f7c1c51f7e92ff,dappscan,,,,,PeckShield-AaveV3/SupplyLogic,c98c5cfa80aeac98537a6adf2d646ffe91b9861482b4726800f7c1c51f7e92ff,101,101
ca2aafe04be4105f34100f17a57bbd8fb42a36e833ba5ef07c42d5f5c3b7cc34,dappscan,,,,,Trail_of_Bits-setprotocol/ExchangeIssuanceLibraryMock,ca2aafe04be4105f34100f17a57bbd8fb42a36e833ba5ef07c42d5f5c3b7cc34,101,101
cada0f27a606524131c7258146915734619870da3117862db8ee5864ee937b8a,dappscan,,,,,Trail_of_Bits-setprotocol/BTCDaiRebalancingManager,cada0f27a606524131c7258146915734619870da3117862db8ee5864ee937b8a,101,101
caf1a3b122274663231876afe678f604b55982dce5d7b2c5955866ffcfc33b52,dappscan,,,,,Chainsulting-SPICE/Migration_Saiph,caf1a3b122274663231876afe678f604b55982dce5d7b2c5955866ffcfc33b52,103,103
cbdd3114aa527ebc72d5af08677bfc5512e74cc3a16d56e837e210ff019bd9a2,dappscan,,,,,consensys-Slockit_Incubed3/NodeRegistry,cbdd3114aa527ebc72d5af08677bfc5512e74cc3a16d56e837e210ff019bd9a2,114|135,114|135
cc1282012cf4abfe6d0ea8b069d11096a6c8a424123f04a38f95f6b44ec39732,dappscan,,,,,PeckShield-OneSwap/OneSwapFactory,cc1282012cf4abfe6d0ea8b069d11096a6c8a424123f04a38f95f6b44ec39732,101,101
cc5fb46437a042b7563cdf36ff1c1612810b66b6ff21da39e7c930555377852f,dappscan,,,,,Trail_of_Bits-FraxFinance/veFXS_Solidity,cc5fb46437a042b7563cdf36ff1c1612810b66b6ff21da39e7c930555377852f,104|128,104|128
ccb57b9baa768e8686f3d74badbddd8d1137c9fef0c1186802e718fe713a4f5a,dappscan,,,,,consensys-DeFi_Saver/CompClaim,ccb57b9baa768e8686f3d74badbddd8d1137c9fef0c1186802e718fe713a4f5a,104,104
ce255d29776f5b50a842076303c2f154d691cd2b18a5d78f828b2f383f800de4,dappscan,,,,,PeckShield-LensProtocol/CollectNFT,ce255d29776f5b50a842076303c2f154d691cd2b18a5d78f828b2f383f800de4,103,103
d22a8cc30562e9c15ffccb4a53e734ffe679e0b2c4ee499da034538daad9b7fe,dappscan,,,,,consensys-0x_Protocol_v2/ERC20Proxy,d22a8cc30562e9c15ffccb4a53e734ffe679e0b2c4ee499da034538daad9b7fe,135,135
d34fc6ee43d49992f80223af6ab16b1f2fde1d3e0e7de239eb7aff0535c4a055,dappscan,,,,,Chainsulting-SPICE/TestableFuturesMarket,d34fc6ee43d49992f80223af6ab16b1f2fde1d3e0e7de239eb7aff0535c4a055,103,103
d390082dd9df17f7ad5fe07ad6bff11fe066b458bfc6e9387f6133b9c016c224,dappscan,,,,,Chainsulting-UNILAYERX/WhitelistAdminRoleMock,d390082dd9df17f7ad5fe07ad6bff11fe066b458bfc6e9387f6133b9c016c224,103,103
d3d3ab8dfbede786e2b43a9d57f8d08fe7ce983b1f64b0b8d1719724a8892f4c,dappscan,,,,,Chainsulting-SPICE/SynthetixBridgeToOptimism,d3d3ab8dfbede786e2b43a9d57f8d08fe7ce983b1f64b0b8d1719724a8892f4c,103,103
d42add75293e54cfd670c009c79767d3d199ae1c664260d5151bb11131120d22,dappscan,,,,,PeckShield-Venus/PriceOracleProxy,d42add75293e54cfd670c009c79767d3d199ae1c664260d5151bb11131120d22,135,135
d505b2ef2bdd77cee91b482625fec0026378e5fb22e0e54cfc6e8b89c0f71e2c,dappscan,,,,,Chainsulting-UNILAYERX/SampleCrowdsale,d505b2ef2bdd77cee91b482625fec0026378e5fb22e0e54cfc6e8b89c0f71e2c,103,103
d810de8f8907384d4e86ff7a41b9ef8f97e9b722d68a2240f69cd8a6e45a38b7,dappscan,,,,,PeckShield-Pandora/DroidBot,d810de8f8907384d4e86ff7a41b9ef8f97e9b722d68a2240f69cd8a6e45a38b7,120,120
d8a22713d89b929b57acefdc3282b17434ed438325fd8b6bf73ee00ac04925fa,dappscan,,,,,Chainsulting-SPICE/SynthetixDebtShare,d8a22713d89b929b57acefdc3282b17434ed438325fd8b6bf73ee00ac04925fa,103,103
d93f524bc9dea1d1cf2d0a579d76599c4a021cc908e6d33b78ae214311b55aec,dappscan,,,,,Chainsulting-SPICE/Migration_AlphardOptimism,d93f524bc9dea1d1cf2d0a579d76599c4a021cc908e6d33b78ae214311b55aec,103,103
d9bdb557f650f795393e246e4ff6a44593635fb1e91bdf67da93bbd2b3bee954,dappscan,,,,,PeckShield-Atlantis/ComptrollerG5,d9bdb557f650f795393e246e4ff6a44593635fb1e91bdf67da93bbd2b3bee954,107,107
d9d8abfdb5acfdd7117f28e378cb4a3a61ee7c903f0a19e713aef283cb0bea91,dappscan,,,,,PeckShield-Rikkei/RBep20,d9d8abfdb5acfdd7117f28e378cb4a3a61ee7c903f0a19e713aef283cb0bea91,107|135,107|135
ddc874479683579f0d3c42e183e2e6e8f0ac41c9bd81f14853a6445dd714f37d,dappscan,,,,,Trail_of_Bits-Liquity/EchidnaProxy,ddc874479683579f0d3c42e183e2e6e8f0ac41c9bd81f14853a6445dd714f37d,104|107|113|135,104|107|113|135
dde3f1b45d4e10b32b29dc4a3b5bb80b91fa4d66b26a1b80f9c97be0d2d0af2b,dappscan,,,,,PeckShield-Rikkei/SimplePriceOracle,dde3f1b45d4e10b32b29dc4a3b5bb80b91fa4d66b26a1b80f9c97be0d2d0af2b,107|135,107|135
de25e13015bcd57073f0445c9bf26a5557a6efccd0f1229fdcb3e301beeeb60a,dappscan,,,,,Chainsulting-SPICE/OneNetAggregatorIssuedSynths,de25e13015bcd57073f0445c9bf26a5557a6efccd0f1229fdcb3e301beeeb60a,103,103
dea04fd342597b4b5ae4039c5ac2e6261609bc653913dfdec21e520dcf1a2a78,dappscan,,,,,openzeppelin-SuperDAO_Promissory_Token/PromissoryToken,dea04fd342597b4b5ae4039c5ac2e6261609bc653913dfdec21e520dcf1a2a78,101|135,101|135
e03a7e29becd4040974d7056f5b5dbce5e9bde811c1e82afd500b48c10faf396,dappscan,,,,,Hacken-FoilNetwork/Lockup,e03a7e29becd4040974d7056f5b5dbce5e9bde811c1e82afd500b48c10faf396,135,135
e0c67589a84cd775fedbc7f100393729b376abcd9c221c90eab14f809a0076e2,dappscan,,,,,Trail_of_Bits-FraxFinance/InvestorAMO_V2,e0c67589a84cd775fedbc7f100393729b376abcd9c221c90eab14f809a0076e2,104|128,104|128
e1640e7a3355f1cd82a996c39f0edc1e2953469ffd998845d8c1c4855402659e,dappscan,,,,,Chainsulting-GSPI_Club-project1/IndividuallyCappedCrowdsaleImpl,e1640e7a3355f1cd82a996c39f0edc1e2953469ffd998845d8c1c4855402659e,103,103
e194f4b4eda6a6450055be1e69acced4acd5177ec3d76e1295c9662e626a3193,dappscan,,,,,Chainsulting-SPICE/SynthetixBridgeEscrow,e194f4b4eda6a6450055be1e69acced4acd5177ec3d76e1295c9662e626a3193,103,103
e464e1295af96497c7cb3a74cf4e38bacbf2b36d44a20725ae8c583d6c478b1c,dappscan,,,,,Chainsulting-SPICE/Migration_Alphard,e464e1295af96497c7cb3a74cf4e38bacbf2b36d44a20725ae8c583d6c478b1c,103,103
e4c08bd8291fc5d079b66129510a8d3192727ae3695e8e75c49c72dee3f788b0,dappscan,,,,,consensys-0x_Exchange_v4/UniswapFeature,e4c08bd8291fc5d079b66129510a8d3192727ae3695e8e75c49c72dee3f788b0,107,107
e4cadf68def538820875490225778e42fe3cf5bbcd0a71e3ea51281f3d52da02,dappscan,,,,,PeckShield-Atlantis/ComptrollerScenarioG1,e4cadf68def538820875490225778e42fe3cf5bbcd0a71e3ea51281f3d52da02,107,107
e52c79637558d335c320195f24e67b032f42354179af6e1f5240735263383ab4,dappscan,,,,,consensys-Gitcoin_Token_Distribution/TokenDistributor,e52c79637558d335c320195f24e67b032f42354179af6e1f5240735263383ab4,135,135
e52df18232b88772ac0c387bcd0255e74c340f8e55970429699ff3926b657cc8,dappscan,,,,,Chainsulting-SPICE/Synthetix,e52df18232b88772ac0c387bcd0255e74c340f8e55970429699ff3926b657cc8,103,103
e58a5a4f8388a88aa3706498e14a0487305473359226db1513b82dc715a5c74a,dappscan,,,,,openzeppelin-Compound_Open_Oracle/OpenOracleData,e58a5a4f8388a88aa3706498e14a0487305473359226db1513b82dc715a5c74a,135,135
e5ff2fde8548fc21b280e30cf0a2de1cae392b9f0fcf74ba5863c5e04ba06d81,dappscan,,,,,Trail_of_Bits-Opyn-Gamma-Protocol/YearnPricer,e5ff2fde8548fc21b280e30cf0a2de1cae392b9f0fcf74ba5863c5e04ba06d81,101,101
e61858e88a409d1d50c6665455ec4edf330a4b51b2ea7c3f8d5e5d71bc52df6f,dappscan,,,,,Trail_of_Bits-88mph/xMPHEchidnaTest,e61858e88a409d1d50c6665455ec4edf330a4b51b2ea7c3f8d5e5d71bc52df6f,104,104
e65b416a4b4bbdb896fdca9de3bc0d89e0d5b4b5706168e6a4b6a8a003d2a4dc,dappscan,,,,,Trail_of_Bits-YieldProtocol/LimitPool,e65b416a4b4bbdb896fdca9de3bc0d89e0d5b4b5706168e6a4b6a8a003d2a4dc,114,114
e69f205fdb0f7c82c2e896bb14305b5b1dead180cc0ca2ed843125b32718c0a8,dappscan,,,,,PepperSec-POA-DPOS/RandomAuRaMock,e69f205fdb0f7c82c2e896bb14305b5b1dead180cc0ca2ed843125b32718c0a8,135,135
e7e082895c1d96e9ce05eff3e1cdb1ed91e4f707edf0fb3c8f59a1876401dce1,dappscan,,,,,Trail_of_Bits-FraxFinance/StakingRewardsDualV2,e7e082895c1d96e9ce05eff3e1cdb1ed91e4f707edf0fb3c8f59a1876401dce1,104|128,104|128
e7e637fc6315c1830fdefc8aa5243133067f8baad67c0eea27c2334a0e823d4c,dappscan,,,,,PeckShield-Atlantis/ComptrollerG1,e7e637fc6315c1830fdefc8aa5243133067f8baad67c0eea27c2334a0e823d4c,107,107
e8009fa9730b701071cf0e68a13b9bc3240566ffe24dcdc47616877749d73e7b,dappscan,,,,,PeckShield-XSwap/XSwap,e8009fa9730b701071cf0e68a13b9bc3240566ffe24dcdc47616877749d73e7b,101,101
e82432118e85892fb75221d61807bcc254b69003e24eae0ae589311366ea0e2b,dappscan,,,,,consensys-AragonOS_and_Aragon_Apps/KernelSetAppMock,e82432118e85892fb75221d61807bcc254b69003e24eae0ae589311366ea0e2b,135,135
e8e9b320cdffa6b286472a8681d3f057c2a3142ebf3120cf22139f6162656533,dappscan,,,,,PeckShield-Pandora/PandoPot,e8e9b320cdffa6b286472a8681d3f057c2a3142ebf3120cf22139f6162656533,120,120
e96f757dcc748edf501b39c00ddf1fe42f604f8ed45a760d4bbc78f2f2776618,dappscan,,,,,PeckShield-Kalmar/Bank,e96f757dcc748edf501b39c00ddf1fe42f604f8ed45a760d4bbc78f2f2776618,101,101
ea19cf5be7f5c19033b39322906baf45323bd71a3a14b5fee3394567977219f1,dappscan,,,,,Chainsulting-UNILAYERX/MintedCrowdsaleImpl,ea19cf5be7f5c19033b39322906baf45323bd71a3a14b5fee3394567977219f1,103,103
ead494a00c5cd6fc551212b6321e52cbf5fb86cf4468422ce96cfbfc086c7bd0,dappscan,,,,,consensys-DeFi_Saver/CompSupply,ead494a00c5cd6fc551212b6321e52cbf5fb86cf4468422ce96cfbfc086c7bd0,104,104
eae91a384820c525908a247ec4562bdb3b3f280a15fc9bf3ebb5f3aeba480302,dappscan,,,,,consensys-OmiseGo_MoreVP/SpyEthVaultForExitGame,eae91a384820c525908a247ec4562bdb3b3f280a15fc9bf3ebb5f3aeba480302,135,135
eb0724f18790bb3831f772997728cce0d373b29528efa2777b08c02ff3285529,dappscan,,,,,Chainsulting-SPICE/Migration_AlgolOptimism,eb0724f18790bb3831f772997728cce0d373b29528efa2777b08c02ff3285529,103,103
eb489c88a0c807d08d1dbefbcde6a1ba90a910a2176d6f88ba4da74ec546740b,dappscan,,,,,PeckShield-Venus/VAIControllerHarness,eb489c88a0c807d08d1dbefbcde6a1ba90a910a2176d6f88ba4da74ec546740b,135,135
ed33fdd6280f0f775ca135d014dff693cd59477cc581afe2cb2b76c76d1896af,dappscan,,,,,Runtime_Vеrification-Tracer_Perpetual_Pools_V2/Vesting,ed33fdd6280f0f775ca135d014dff693cd59477cc581afe2cb2b76c76d1896af,114,114
edc5af5a436b7b53be0a2aca27795ad26949fdf051720258b1a98881c8bb3eaf,dappscan,,,,,Trail_of_Bits-YieldProtocol/YDai,edc5af5a436b7b53be0a2aca27795ad26949fdf051720258b1a98881c8bb3eaf,114,114
ee6f921939c66e3fc3385ad36c170fac776735412e9fbc58c0c3f4eafcda45e6,dappscan,,,,,Chainsulting-SPICE/Migration_RasalhagueOptimism,ee6f921939c66e3fc3385ad36c170fac776735412e9fbc58c0c3f4eafcda45e6,103,103
ee73aad5bd038ce2475e754f20e3ab26185542921d592fb0d073842a183ee677,dappscan,,,,,Ackee_Blockchain-GoodGhosting/Math,ee73aad5bd038ce2475e754f20e3ab26185542921d592fb0d073842a183ee677,101|135,101|135
efcd80de07c27461e900f9f5f6cd15b3eda727863db794b14b6af41182f992c7,dappscan,,,,,PeckShield-Venus/VenusLens,efcd80de07c27461e900f9f5f6cd15b3eda727863db794b14b6af41182f992c7,135,135
f02a62df8ce3094b190c70cee11dd87882f7df01d7acff2fe1ab4f741bbea4dc,dappscan,,,,,PeckShield-Atlantis/ComptrollerScenarioG5,f02a62df8ce3094b190c70cee11dd87882f7df01d7acff2fe1ab4f741bbea4dc,107,107
f02c5f51edab9f608a327a3edf3ca60313711ff728ed39c347d08e1441d93ec0,dappscan,,,,,Chainsulting-SPICE/Migration_Mirach,f02c5f51edab9f608a327a3edf3ca60313711ff728ed39c347d08e1441d93ec0,103,103
f048809dbe2121abef9a87cf30c4a64a8c1fe58b56025f3e6bd9432af0580fd3,dappscan,,,,,PeckShield-AaveV3/BorrowLogic,f048809dbe2121abef9a87cf30c4a64a8c1fe58b56025f3e6bd9432af0580fd3,101,101
f07bc9914bc16a144372efa95f728cae6dfe44394fbec753d2c26359db200133,dappscan,,,,,ConsenSys_Diligence-Modular_Interactive_Crowdsale/BasicMathLib,f07bc9914bc16a144372efa95f728cae6dfe44394fbec753d2c26359db200133,101,101
f07e00d6a3fc7ed490b4b4874f95091e7e56e5d44b47a2aa3c1d23d106cd140a,dappscan,,,,,consensys-Balancer_Finance/TBPoolJoinPool,f07e00d6a3fc7ed490b4b4874f95091e7e56e5d44b47a2aa3c1d23d106cd140a,101,101
f0efa9e7dd5f948b2c828a024e3671ed3624def57ffcde6e072059d29b184c34,dappscan,,,,,Quantstamp-Omisego_Plasma_MVP/FailFastReentrancyGuardAttacker,f0efa9e7dd5f948b2c828a024e3671ed3624def57ffcde6e072059d29b184c34,135,135
f11534fa2a16d159ceccd065002a026b9b46f8f2204273e43c00d7e514b609fd,dappscan,,,,,Chainsulting-UNILAYERX/WhitelistedRoleMock,f11534fa2a16d159ceccd065002a026b9b46f8f2204273e43c00d7e514b609fd,103,103
f133b1aa72bb860c5f516eb377061dedfb51572c4d1dfd83bc58b381b588d3aa,dappscan,,,,,PeckShield-IronLend/REther,f133b1aa72bb860c5f516eb377061dedfb51572c4d1dfd83bc58b381b588d3aa,135,135
f23d0a237f75de0d51c3e9ace1887863a68f2092ad3afb94c7d2a582b7a89dc6,dappscan,,,,,PeckShield-AaveV3/ValidationLogic,f23d0a237f75de0d51c3e9ace1887863a68f2092ad3afb94c7d2a582b7a89dc6,101,101
f4389a25b373cebb5555e36ee40bb19a0ebd628fb08d817431f62374c105b50d,dappscan,,,,,consensys-OmiseGo_MoreVP/DummyExitGame,f4389a25b373cebb5555e36ee40bb19a0ebd628fb08d817431f62374c105b50d,135,135
f47571cf606fb183fc06e766b368f9334098f8ac448cfdc1349195fc83f95cb7,dappscan,,,,,Trail_of_Bits-PerpetualProtocolV2/BandPriceFeed,f47571cf606fb183fc06e766b368f9334098f8ac448cfdc1349195fc83f95cb7,101,101
f4a536ab08bd45f6084debe15ff192666ccf68d45ba9d4d35fc297697f0268bc,dappscan,,,,,PeckShield-TranchessV1.1/StakingV2TestWrapper,f4a536ab08bd45f6084debe15ff192666ccf68d45ba9d4d35fc297697f0268bc,107,107
f5bac7bf22e21b901e1ba0ca6307364dd57f6b61ac8cd73b3d0e206d43dfa2f6,dappscan,,,,,Trail_of_Bits-ampleforth/MarketOracle,f5bac7bf22e21b901e1ba0ca6307364dd57f6b61ac8cd73b3d0e206d43dfa2f6,101|107,101|107
f64fa2178eb53f843e2db0955cd551941ca0f12dd9fec7d3a1194cee2fefc9f2,dappscan,,,,,Trail_of_Bits-OriginDollar/MixOracle,f64fa2178eb53f843e2db0955cd551941ca0f12dd9fec7d3a1194cee2fefc9f2,101|135,101|135
f689527b5476fb138f51eebc4c9ae107cf3f6dab9845df991395f54a69af6cf0,dappscan,,,,,PeckShield-Rikkei/RifiLens,f689527b5476fb138f51eebc4c9ae107cf3f6dab9845df991395f54a69af6cf0,107|135,107|135
f6dfc17b450fe7a0b24d619e80d031bc0cf9bd69c30bafb6cb18c183a6935a0f,dappscan,,,,,openzeppelin-Solo_Margin_Protocol/Expiry,f6dfc17b450fe7a0b24d619e80d031bc0cf9bd69c30bafb6cb18c183a6935a0f,107,107
f6f4fc4556c665fa1de736bfd8beb8420303ffd2a7b720599c79e4dbd6c4ed80,dappscan,,,,,PeckShield-Venus/VAIControllerG1,f6f4fc4556c665fa1de736bfd8beb8420303ffd2a7b720599c79e4dbd6c4ed80,135,135
f6fc552d51ae5f67ae92e2e43b017d0143a0b75328b8c41251f51fb869b40e2b,dappscan,,,,,PepperSec-POA-Network-Bridge/BridgeValidators,f6fc552d51ae5f67ae92e2e43b017d0143a0b75328b8c41251f51fb869b40e2b,135,135
f790e699f6267c107d0c10c966e65f90537156dd0689c135b36a7c34166d4bb2,dappscan,,,,,consensys-The_LAO/Submitter,f790e699f6267c107d0c10c966e65f90537156dd0689c135b36a7c34166d4bb2,101|114,101|114
f8a2801f56b27cb3fd4900297bb6e980457fe466f36acf11d06905bee370f8a0,dappscan,,,,,Hacken-Valhalla/ERC20,f8a2801f56b27cb3fd4900297bb6e980457fe466f36acf11d06905bee370f8a0,103,103
f8e1e0dd03b632b9243cc78ae3e80daf00cb782031e29f059da58d0960083922,dappscan,,,,,PeckShield-Rikkei/Cointroller,f8e1e0dd03b632b9243cc78ae3e80daf00cb782031e29f059da58d0960083922,107|135,107|135
f957db0a658f63cf68d633378884fd9c503518e9bb318157dbb42ef7baea494b,dappscan,,,,,PeckShield-LensProtocol/MockLensHubV2BadRevision,f957db0a658f63cf68d633378884fd9c503518e9bb318157dbb42ef7baea494b,103,103
f9aa4f5e3a8aea0bfe6372f848c523345852fe6d38b59dc437673c15483769b6,dappscan,,,,,PeckShield-Atlantis/ComptrollerScenarioG6,f9aa4f5e3a8aea0bfe6372f848c523345852fe6d38b59dc437673c15483769b6,107,107
fa34b65629299779e4db45b9f4501b125b9e21d6cb18d584cde549f5654a1321,dappscan,,,,,PeckShield-AaveV3/LiquidationLogic,fa34b65629299779e4db45b9f4501b125b9e21d6cb18d584cde549f5654a1321,101,101
fa82ac809a7168ea0b6d27cf3c6625a2d7b4e4c8498ed3adc8f7e94dae61f4af,dappscan,,,,,Trail_of_Bits-FraxFinance/CurveAMO,fa82ac809a7168ea0b6d27cf3c6625a2d7b4e4c8498ed3adc8f7e94dae61f4af,104|128,104|128
fcb35e1152d23e15debbb523f680be313ba2e0dba58a42b8bce01ec67f004bec,dappscan,,,,,Chainsulting-SPICE/LiquidatorRewards,fcb35e1152d23e15debbb523f680be313ba2e0dba58a42b8bce01ec67f004bec,103,103
fde7927351d79078cd4fe7463a6e50bc9300cb0520f54cd29f55500d4bb6d5ba,dappscan,,,,,Runtime_Vеrification-stakefish_ethereum_staking_audit_report/StakefishERC721Wrapper,fde7927351d79078cd4fe7463a6e50bc9300cb0520f54cd29f55500d4bb6d5ba,107,107
fe2bb8fa9444e291a7fc157ea993567cd4ada69e6e117d3289212b2855ef0c78,dappscan,,,,,consensys-AragonOS_and_Aragon_Apps/APMRegistryFactoryMock,fe2bb8fa9444e291a7fc157ea993567cd4ada69e6e117d3289212b2855ef0c78,135,135
ff691609e18a2b94c1173b25d20809ced17ac6558ca76394a35a386b78c69b23,dappscan,,,,,Trail_of_Bits-Primitive/TestRouter,ff691609e18a2b94c1173b25d20809ced17ac6558ca76394a35a386b78c69b23,101,101
ff8cdad0e6f22e7d49938b83e31dc09e5df41567fca66fe7dee18c69fcc79124,dappscan,,,,,PeckShield-Venus/ComptrollerScenarioG1,ff8cdad0e6f22e7d49938b83e31dc09e5df41567fca66fe7dee18c69fcc79124,135,135
